index,row,col,imagerow,imagecol,is_center
244,4,4,3033,1487,0
184,4,3,3033,1454,0
124,4,2,3033,1422,0
64,4,1,3033,1389,0
4,4,0,3033,1357,0
243,3,4,3066,1487,0
183,3,3,3066,1454,0
123,3,2,3066,1422,0
63,3,1,3066,1389,0
3,3,0,3066,1357,0
242,2,4,3098,1487,0
182,2,3,3098,1454,0
62,2,1,3098,1389,0
2,2,0,3098,1357,0
241,1,4,3131,1487,0
181,1,3,3131,1454,0
121,1,2,3131,1422,0
61,1,1,3131,1389,0
1,1,0,3131,1357,0
240,0,4,3164,1487,0
180,0,3,3164,1454,0
120,0,2,3164,1422,0
60,0,1,3164,1389,0
0,0,0,3164,1357,0
122,2,2,3098,1422,1
249,9,4,2871,1487,0
189,9,3,2871,1454,0
129,9,2,2871,1422,0
69,9,1,2871,1389,0
9,9,0,2871,1357,0
248,8,4,2903,1487,0
188,8,3,2903,1454,0
128,8,2,2903,1422,0
68,8,1,2903,1389,0
8,8,0,2903,1357,0
247,7,4,2936,1487,0
187,7,3,2936,1454,0
67,7,1,2936,1389,0
7,7,0,2936,1357,0
246,6,4,2968,1487,0
186,6,3,2968,1454,0
126,6,2,2968,1422,0
66,6,1,2968,1389,0
6,6,0,2968,1357,0
245,5,4,3001,1487,0
185,5,3,3001,1454,0
125,5,2,3001,1422,0
65,5,1,3001,1389,0
5,5,0,3001,1357,0
127,7,2,2936,1422,1
254,14,4,2708,1487,0
194,14,3,2708,1454,0
134,14,2,2708,1422,0
74,14,1,2708,1389,0
14,14,0,2708,1357,0
253,13,4,2740,1487,0
193,13,3,2740,1454,0
133,13,2,2740,1422,0
73,13,1,2740,1389,0
13,13,0,2740,1357,0
252,12,4,2773,1487,0
192,12,3,2773,1454,0
72,12,1,2773,1389,0
12,12,0,2773,1357,0
251,11,4,2806,1487,0
191,11,3,2806,1454,0
131,11,2,2806,1422,0
71,11,1,2806,1389,0
11,11,0,2806,1357,0
250,10,4,2838,1487,0
190,10,3,2838,1454,0
130,10,2,2838,1422,0
70,10,1,2838,1389,0
10,10,0,2838,1357,0
132,12,2,2773,1422,1
259,19,4,2545,1487,0
199,19,3,2545,1454,0
139,19,2,2545,1422,0
79,19,1,2545,1389,0
19,19,0,2545,1357,0
258,18,4,2578,1487,0
198,18,3,2578,1454,0
138,18,2,2578,1422,0
78,18,1,2578,1389,0
18,18,0,2578,1357,0
257,17,4,2610,1487,0
197,17,3,2610,1454,0
77,17,1,2610,1389,0
17,17,0,2610,1357,0
256,16,4,2643,1487,0
196,16,3,2643,1454,0
136,16,2,2643,1422,0
76,16,1,2643,1389,0
16,16,0,2643,1357,0
255,15,4,2675,1487,0
195,15,3,2675,1454,0
135,15,2,2675,1422,0
75,15,1,2675,1389,0
15,15,0,2675,1357,0
137,17,2,2610,1422,1
264,24,4,2382,1487,0
204,24,3,2382,1454,0
144,24,2,2382,1422,0
84,24,1,2382,1389,0
24,24,0,2382,1357,0
263,23,4,2415,1487,0
203,23,3,2415,1454,0
143,23,2,2415,1422,0
83,23,1,2415,1389,0
23,23,0,2415,1357,0
262,22,4,2448,1487,0
202,22,3,2448,1454,0
82,22,1,2448,1389,0
22,22,0,2448,1357,0
261,21,4,2480,1487,0
201,21,3,2480,1454,0
141,21,2,2480,1422,0
81,21,1,2480,1389,0
21,21,0,2480,1357,0
260,20,4,2513,1487,0
200,20,3,2513,1454,0
140,20,2,2513,1422,0
80,20,1,2513,1389,0
20,20,0,2513,1357,0
142,22,2,2448,1422,1
269,29,4,2220,1487,0
209,29,3,2220,1454,0
149,29,2,2220,1422,0
89,29,1,2220,1389,0
29,29,0,2220,1357,0
268,28,4,2252,1487,0
208,28,3,2252,1454,0
148,28,2,2252,1422,0
88,28,1,2252,1389,0
28,28,0,2252,1357,0
267,27,4,2285,1487,0
207,27,3,2285,1454,0
87,27,1,2285,1389,0
27,27,0,2285,1357,0
266,26,4,2317,1487,0
206,26,3,2317,1454,0
146,26,2,2317,1422,0
86,26,1,2317,1389,0
26,26,0,2317,1357,0
265,25,4,2350,1487,0
205,25,3,2350,1454,0
145,25,2,2350,1422,0
85,25,1,2350,1389,0
25,25,0,2350,1357,0
147,27,2,2285,1422,1
274,34,4,2057,1487,0
214,34,3,2057,1454,0
154,34,2,2057,1422,0
94,34,1,2057,1389,0
34,34,0,2057,1357,0
273,33,4,2090,1487,0
213,33,3,2090,1454,0
153,33,2,2090,1422,0
93,33,1,2090,1389,0
33,33,0,2090,1357,0
272,32,4,2122,1487,0
212,32,3,2122,1454,0
92,32,1,2122,1389,0
32,32,0,2122,1357,0
271,31,4,2155,1487,0
211,31,3,2155,1454,0
151,31,2,2155,1422,0
91,31,1,2155,1389,0
31,31,0,2155,1357,0
270,30,4,2187,1487,0
210,30,3,2187,1454,0
150,30,2,2187,1422,0
90,30,1,2187,1389,0
30,30,0,2187,1357,0
152,32,2,2122,1422,1
279,39,4,1894,1487,0
219,39,3,1894,1454,0
159,39,2,1894,1422,0
99,39,1,1894,1389,0
39,39,0,1894,1357,0
278,38,4,1927,1487,0
218,38,3,1927,1454,0
158,38,2,1927,1422,0
98,38,1,1927,1389,0
38,38,0,1927,1357,0
277,37,4,1959,1487,0
217,37,3,1959,1454,0
97,37,1,1959,1389,0
37,37,0,1959,1357,0
276,36,4,1992,1487,0
216,36,3,1992,1454,0
156,36,2,1992,1422,0
96,36,1,1992,1389,0
36,36,0,1992,1357,0
275,35,4,2025,1487,0
215,35,3,2025,1454,0
155,35,2,2025,1422,0
95,35,1,2025,1389,0
35,35,0,2025,1357,0
157,37,2,1959,1422,1
284,44,4,1732,1487,0
224,44,3,1732,1454,0
164,44,2,1732,1422,0
104,44,1,1732,1389,0
44,44,0,1732,1357,0
283,43,4,1764,1487,0
223,43,3,1764,1454,0
163,43,2,1764,1422,0
103,43,1,1764,1389,0
43,43,0,1764,1357,0
282,42,4,1797,1487,0
222,42,3,1797,1454,0
102,42,1,1797,1389,0
42,42,0,1797,1357,0
281,41,4,1829,1487,0
221,41,3,1829,1454,0
161,41,2,1829,1422,0
101,41,1,1829,1389,0
41,41,0,1829,1357,0
280,40,4,1862,1487,0
220,40,3,1862,1454,0
160,40,2,1862,1422,0
100,40,1,1862,1389,0
40,40,0,1862,1357,0
162,42,2,1797,1422,1
289,49,4,1569,1487,0
229,49,3,1569,1454,0
169,49,2,1569,1422,0
109,49,1,1569,1389,0
49,49,0,1569,1357,0
288,48,4,1601,1487,0
228,48,3,1601,1454,0
168,48,2,1601,1422,0
108,48,1,1601,1389,0
48,48,0,1601,1357,0
287,47,4,1634,1487,0
227,47,3,1634,1454,0
107,47,1,1634,1389,0
47,47,0,1634,1357,0
286,46,4,1667,1487,0
226,46,3,1667,1454,0
166,46,2,1667,1422,0
106,46,1,1667,1389,0
46,46,0,1667,1357,0
285,45,4,1699,1487,0
225,45,3,1699,1454,0
165,45,2,1699,1422,0
105,45,1,1699,1389,0
45,45,0,1699,1357,0
167,47,2,1634,1422,1
294,54,4,1406,1487,0
234,54,3,1406,1454,0
174,54,2,1406,1422,0
114,54,1,1406,1389,0
54,54,0,1406,1357,0
293,53,4,1439,1487,0
233,53,3,1439,1454,0
173,53,2,1439,1422,0
113,53,1,1439,1389,0
53,53,0,1439,1357,0
292,52,4,1471,1487,0
232,52,3,1471,1454,0
112,52,1,1471,1389,0
52,52,0,1471,1357,0
291,51,4,1504,1487,0
231,51,3,1504,1454,0
171,51,2,1504,1422,0
111,51,1,1504,1389,0
51,51,0,1504,1357,0
290,50,4,1536,1487,0
230,50,3,1536,1454,0
170,50,2,1536,1422,0
110,50,1,1536,1389,0
50,50,0,1536,1357,0
172,52,2,1471,1422,1
299,59,4,1244,1487,0
239,59,3,1244,1454,0
179,59,2,1244,1422,0
119,59,1,1244,1389,0
59,59,0,1244,1357,0
298,58,4,1276,1487,0
238,58,3,1276,1454,0
178,58,2,1276,1422,0
118,58,1,1276,1389,0
58,58,0,1276,1357,0
297,57,4,1309,1487,0
237,57,3,1309,1454,0
117,57,1,1309,1389,0
57,57,0,1309,1357,0
296,56,4,1341,1487,0
236,56,3,1341,1454,0
176,56,2,1341,1422,0
116,56,1,1341,1389,0
56,56,0,1341,1357,0
295,55,4,1374,1487,0
235,55,3,1374,1454,0
175,55,2,1374,1422,0
115,55,1,1374,1389,0
55,55,0,1374,1357,0
177,57,2,1309,1422,1
544,4,9,3033,1649,0
484,4,8,3033,1617,0
424,4,7,3033,1584,0
364,4,6,3033,1552,0
304,4,5,3033,1519,0
543,3,9,3066,1649,0
483,3,8,3066,1617,0
423,3,7,3066,1584,0
363,3,6,3066,1552,0
303,3,5,3066,1519,0
542,2,9,3098,1649,0
482,2,8,3098,1617,0
362,2,6,3098,1552,0
302,2,5,3098,1519,0
541,1,9,3131,1649,0
481,1,8,3131,1617,0
421,1,7,3131,1584,0
361,1,6,3131,1552,0
301,1,5,3131,1519,0
540,0,9,3164,1649,0
480,0,8,3164,1617,0
420,0,7,3164,1584,0
360,0,6,3164,1552,0
300,0,5,3164,1519,0
422,2,7,3098,1584,1
549,9,9,2871,1649,0
489,9,8,2871,1617,0
429,9,7,2871,1584,0
369,9,6,2871,1552,0
309,9,5,2871,1519,0
548,8,9,2903,1649,0
488,8,8,2903,1617,0
428,8,7,2903,1584,0
368,8,6,2903,1552,0
308,8,5,2903,1519,0
547,7,9,2936,1649,0
487,7,8,2936,1617,0
367,7,6,2936,1552,0
307,7,5,2936,1519,0
546,6,9,2968,1649,0
486,6,8,2968,1617,0
426,6,7,2968,1584,0
366,6,6,2968,1552,0
306,6,5,2968,1519,0
545,5,9,3001,1649,0
485,5,8,3001,1617,0
425,5,7,3001,1584,0
365,5,6,3001,1552,0
305,5,5,3001,1519,0
427,7,7,2936,1584,1
554,14,9,2708,1649,0
494,14,8,2708,1617,0
434,14,7,2708,1584,0
374,14,6,2708,1552,0
314,14,5,2708,1519,0
553,13,9,2740,1649,0
493,13,8,2740,1617,0
433,13,7,2740,1584,0
373,13,6,2740,1552,0
313,13,5,2740,1519,0
552,12,9,2773,1649,0
492,12,8,2773,1617,0
372,12,6,2773,1552,0
312,12,5,2773,1519,0
551,11,9,2806,1649,0
491,11,8,2806,1617,0
431,11,7,2806,1584,0
371,11,6,2806,1552,0
311,11,5,2806,1519,0
550,10,9,2838,1649,0
490,10,8,2838,1617,0
430,10,7,2838,1584,0
370,10,6,2838,1552,0
310,10,5,2838,1519,0
432,12,7,2773,1584,1
559,19,9,2545,1649,0
499,19,8,2545,1617,0
439,19,7,2545,1584,0
379,19,6,2545,1552,0
319,19,5,2545,1519,0
558,18,9,2578,1649,0
498,18,8,2578,1617,0
438,18,7,2578,1584,0
378,18,6,2578,1552,0
318,18,5,2578,1519,0
557,17,9,2610,1649,0
497,17,8,2610,1617,0
377,17,6,2610,1552,0
317,17,5,2610,1519,0
556,16,9,2643,1649,0
496,16,8,2643,1617,0
436,16,7,2643,1584,0
376,16,6,2643,1552,0
316,16,5,2643,1519,0
555,15,9,2675,1649,0
495,15,8,2675,1617,0
435,15,7,2675,1584,0
375,15,6,2675,1552,0
315,15,5,2675,1519,0
437,17,7,2610,1584,1
564,24,9,2382,1649,0
504,24,8,2382,1617,0
444,24,7,2382,1584,0
384,24,6,2382,1552,0
324,24,5,2382,1519,0
563,23,9,2415,1649,0
503,23,8,2415,1617,0
443,23,7,2415,1584,0
383,23,6,2415,1552,0
323,23,5,2415,1519,0
562,22,9,2448,1649,0
502,22,8,2448,1617,0
382,22,6,2448,1552,0
322,22,5,2448,1519,0
561,21,9,2480,1649,0
501,21,8,2480,1617,0
441,21,7,2480,1584,0
381,21,6,2480,1552,0
321,21,5,2480,1519,0
560,20,9,2513,1649,0
500,20,8,2513,1617,0
440,20,7,2513,1584,0
380,20,6,2513,1552,0
320,20,5,2513,1519,0
442,22,7,2448,1584,1
569,29,9,2220,1649,0
509,29,8,2220,1617,0
449,29,7,2220,1584,0
389,29,6,2220,1552,0
329,29,5,2220,1519,0
568,28,9,2252,1649,0
508,28,8,2252,1617,0
448,28,7,2252,1584,0
388,28,6,2252,1552,0
328,28,5,2252,1519,0
567,27,9,2285,1649,0
507,27,8,2285,1617,0
387,27,6,2285,1552,0
327,27,5,2285,1519,0
566,26,9,2317,1649,0
506,26,8,2317,1617,0
446,26,7,2317,1584,0
386,26,6,2317,1552,0
326,26,5,2317,1519,0
565,25,9,2350,1649,0
505,25,8,2350,1617,0
445,25,7,2350,1584,0
385,25,6,2350,1552,0
325,25,5,2350,1519,0
447,27,7,2285,1584,1
574,34,9,2057,1649,0
514,34,8,2057,1617,0
454,34,7,2057,1584,0
394,34,6,2057,1552,0
334,34,5,2057,1519,0
573,33,9,2090,1649,0
513,33,8,2090,1617,0
453,33,7,2090,1584,0
393,33,6,2090,1552,0
333,33,5,2090,1519,0
572,32,9,2122,1649,0
512,32,8,2122,1617,0
392,32,6,2122,1552,0
332,32,5,2122,1519,0
571,31,9,2155,1649,0
511,31,8,2155,1617,0
451,31,7,2155,1584,0
391,31,6,2155,1552,0
331,31,5,2155,1519,0
570,30,9,2187,1649,0
510,30,8,2187,1617,0
450,30,7,2187,1584,0
390,30,6,2187,1552,0
330,30,5,2187,1519,0
452,32,7,2122,1584,1
579,39,9,1894,1649,0
519,39,8,1894,1617,0
459,39,7,1894,1584,0
399,39,6,1894,1552,0
339,39,5,1894,1519,0
578,38,9,1927,1649,0
518,38,8,1927,1617,0
458,38,7,1927,1584,0
398,38,6,1927,1552,0
338,38,5,1927,1519,0
577,37,9,1959,1649,0
517,37,8,1959,1617,0
397,37,6,1959,1552,0
337,37,5,1959,1519,0
576,36,9,1992,1649,0
516,36,8,1992,1617,0
456,36,7,1992,1584,0
396,36,6,1992,1552,0
336,36,5,1992,1519,0
575,35,9,2025,1649,0
515,35,8,2025,1617,0
455,35,7,2025,1584,0
395,35,6,2025,1552,0
335,35,5,2025,1519,0
457,37,7,1959,1584,1
584,44,9,1732,1649,0
524,44,8,1732,1617,0
464,44,7,1732,1584,0
404,44,6,1732,1552,0
344,44,5,1732,1519,0
583,43,9,1764,1649,0
523,43,8,1764,1617,0
463,43,7,1764,1584,0
403,43,6,1764,1552,0
343,43,5,1764,1519,0
582,42,9,1797,1649,0
522,42,8,1797,1617,0
402,42,6,1797,1552,0
342,42,5,1797,1519,0
581,41,9,1829,1649,0
521,41,8,1829,1617,0
461,41,7,1829,1584,0
401,41,6,1829,1552,0
341,41,5,1829,1519,0
580,40,9,1862,1649,0
520,40,8,1862,1617,0
460,40,7,1862,1584,0
400,40,6,1862,1552,0
340,40,5,1862,1519,0
462,42,7,1797,1584,1
589,49,9,1569,1649,0
529,49,8,1569,1617,0
469,49,7,1569,1584,0
409,49,6,1569,1552,0
349,49,5,1569,1519,0
588,48,9,1601,1649,0
528,48,8,1601,1617,0
468,48,7,1601,1584,0
408,48,6,1601,1552,0
348,48,5,1601,1519,0
587,47,9,1634,1649,0
527,47,8,1634,1617,0
407,47,6,1634,1552,0
347,47,5,1634,1519,0
586,46,9,1667,1649,0
526,46,8,1667,1617,0
466,46,7,1667,1584,0
406,46,6,1667,1552,0
346,46,5,1667,1519,0
585,45,9,1699,1649,0
525,45,8,1699,1617,0
465,45,7,1699,1584,0
405,45,6,1699,1552,0
345,45,5,1699,1519,0
467,47,7,1634,1584,1
594,54,9,1406,1649,0
534,54,8,1406,1617,0
474,54,7,1406,1584,0
414,54,6,1406,1552,0
354,54,5,1406,1519,0
593,53,9,1439,1649,0
533,53,8,1439,1617,0
473,53,7,1439,1584,0
413,53,6,1439,1552,0
353,53,5,1439,1519,0
592,52,9,1471,1649,0
532,52,8,1471,1617,0
412,52,6,1471,1552,0
352,52,5,1471,1519,0
591,51,9,1504,1649,0
531,51,8,1504,1617,0
471,51,7,1504,1584,0
411,51,6,1504,1552,0
351,51,5,1504,1519,0
590,50,9,1536,1649,0
530,50,8,1536,1617,0
470,50,7,1536,1584,0
410,50,6,1536,1552,0
350,50,5,1536,1519,0
472,52,7,1471,1584,1
599,59,9,1244,1649,0
539,59,8,1244,1617,0
479,59,7,1244,1584,0
419,59,6,1244,1552,0
359,59,5,1244,1519,0
598,58,9,1276,1649,0
538,58,8,1276,1617,0
478,58,7,1276,1584,0
418,58,6,1276,1552,0
358,58,5,1276,1519,0
597,57,9,1309,1649,0
537,57,8,1309,1617,0
417,57,6,1309,1552,0
357,57,5,1309,1519,0
596,56,9,1341,1649,0
536,56,8,1341,1617,0
476,56,7,1341,1584,0
416,56,6,1341,1552,0
356,56,5,1341,1519,0
595,55,9,1374,1649,0
535,55,8,1374,1617,0
475,55,7,1374,1584,0
415,55,6,1374,1552,0
355,55,5,1374,1519,0
477,57,7,1309,1584,1
844,4,14,3033,1812,0
784,4,13,3033,1780,0
724,4,12,3033,1747,0
664,4,11,3033,1714,0
604,4,10,3033,1682,0
843,3,14,3066,1812,0
783,3,13,3066,1780,0
723,3,12,3066,1747,0
663,3,11,3066,1714,0
603,3,10,3066,1682,0
842,2,14,3098,1812,0
782,2,13,3098,1780,0
662,2,11,3098,1714,0
602,2,10,3098,1682,0
841,1,14,3131,1812,0
781,1,13,3131,1780,0
721,1,12,3131,1747,0
661,1,11,3131,1714,0
601,1,10,3131,1682,0
840,0,14,3164,1812,0
780,0,13,3164,1780,0
720,0,12,3164,1747,0
660,0,11,3164,1714,0
600,0,10,3164,1682,0
722,2,12,3098,1747,1
849,9,14,2871,1812,0
789,9,13,2871,1780,0
729,9,12,2871,1747,0
669,9,11,2871,1714,0
609,9,10,2871,1682,0
848,8,14,2903,1812,0
788,8,13,2903,1780,0
728,8,12,2903,1747,0
668,8,11,2903,1714,0
608,8,10,2903,1682,0
847,7,14,2936,1812,0
787,7,13,2936,1780,0
667,7,11,2936,1714,0
607,7,10,2936,1682,0
846,6,14,2968,1812,0
786,6,13,2968,1780,0
726,6,12,2968,1747,0
666,6,11,2968,1714,0
606,6,10,2968,1682,0
845,5,14,3001,1812,0
785,5,13,3001,1780,0
725,5,12,3001,1747,0
665,5,11,3001,1714,0
605,5,10,3001,1682,0
727,7,12,2936,1747,1
854,14,14,2708,1812,0
794,14,13,2708,1780,0
734,14,12,2708,1747,0
674,14,11,2708,1714,0
614,14,10,2708,1682,0
853,13,14,2740,1812,0
793,13,13,2740,1780,0
733,13,12,2740,1747,0
673,13,11,2740,1714,0
613,13,10,2740,1682,0
852,12,14,2773,1812,0
792,12,13,2773,1780,0
672,12,11,2773,1714,0
612,12,10,2773,1682,0
851,11,14,2806,1812,0
791,11,13,2806,1780,0
731,11,12,2806,1747,0
671,11,11,2806,1714,0
611,11,10,2806,1682,0
850,10,14,2838,1812,0
790,10,13,2838,1780,0
730,10,12,2838,1747,0
670,10,11,2838,1714,0
610,10,10,2838,1682,0
732,12,12,2773,1747,1
859,19,14,2545,1812,0
799,19,13,2545,1780,0
739,19,12,2545,1747,0
679,19,11,2545,1714,0
619,19,10,2545,1682,0
858,18,14,2578,1812,0
798,18,13,2578,1780,0
738,18,12,2578,1747,0
678,18,11,2578,1714,0
618,18,10,2578,1682,0
857,17,14,2610,1812,0
797,17,13,2610,1780,0
677,17,11,2610,1714,0
617,17,10,2610,1682,0
856,16,14,2643,1812,0
796,16,13,2643,1780,0
736,16,12,2643,1747,0
676,16,11,2643,1714,0
616,16,10,2643,1682,0
855,15,14,2675,1812,0
795,15,13,2675,1780,0
735,15,12,2675,1747,0
675,15,11,2675,1714,0
615,15,10,2675,1682,0
737,17,12,2610,1747,1
864,24,14,2382,1812,0
804,24,13,2382,1780,0
744,24,12,2382,1747,0
684,24,11,2382,1714,0
624,24,10,2382,1682,0
863,23,14,2415,1812,0
803,23,13,2415,1780,0
743,23,12,2415,1747,0
683,23,11,2415,1714,0
623,23,10,2415,1682,0
862,22,14,2448,1812,0
802,22,13,2448,1780,0
682,22,11,2448,1714,0
622,22,10,2448,1682,0
861,21,14,2480,1812,0
801,21,13,2480,1780,0
741,21,12,2480,1747,0
681,21,11,2480,1714,0
621,21,10,2480,1682,0
860,20,14,2513,1812,0
800,20,13,2513,1780,0
740,20,12,2513,1747,0
680,20,11,2513,1714,0
620,20,10,2513,1682,0
742,22,12,2448,1747,1
869,29,14,2220,1812,0
809,29,13,2220,1780,0
749,29,12,2220,1747,0
689,29,11,2220,1714,0
629,29,10,2220,1682,0
868,28,14,2252,1812,0
808,28,13,2252,1780,0
748,28,12,2252,1747,0
688,28,11,2252,1714,0
628,28,10,2252,1682,0
867,27,14,2285,1812,0
807,27,13,2285,1780,0
687,27,11,2285,1714,0
627,27,10,2285,1682,0
866,26,14,2317,1812,0
806,26,13,2317,1780,0
746,26,12,2317,1747,0
686,26,11,2317,1714,0
626,26,10,2317,1682,0
865,25,14,2350,1812,0
805,25,13,2350,1780,0
745,25,12,2350,1747,0
685,25,11,2350,1714,0
625,25,10,2350,1682,0
747,27,12,2285,1747,1
874,34,14,2057,1812,0
814,34,13,2057,1780,0
754,34,12,2057,1747,0
694,34,11,2057,1714,0
634,34,10,2057,1682,0
873,33,14,2090,1812,0
813,33,13,2090,1780,0
753,33,12,2090,1747,0
693,33,11,2090,1714,0
633,33,10,2090,1682,0
872,32,14,2122,1812,0
812,32,13,2122,1780,0
692,32,11,2122,1714,0
632,32,10,2122,1682,0
871,31,14,2155,1812,0
811,31,13,2155,1780,0
751,31,12,2155,1747,0
691,31,11,2155,1714,0
631,31,10,2155,1682,0
870,30,14,2187,1812,0
810,30,13,2187,1780,0
750,30,12,2187,1747,0
690,30,11,2187,1714,0
630,30,10,2187,1682,0
752,32,12,2122,1747,1
879,39,14,1894,1812,0
819,39,13,1894,1780,0
759,39,12,1894,1747,0
699,39,11,1894,1714,0
639,39,10,1894,1682,0
878,38,14,1927,1812,0
818,38,13,1927,1780,0
758,38,12,1927,1747,0
698,38,11,1927,1714,0
638,38,10,1927,1682,0
877,37,14,1959,1812,0
817,37,13,1959,1780,0
697,37,11,1959,1714,0
637,37,10,1959,1682,0
876,36,14,1992,1812,0
816,36,13,1992,1780,0
756,36,12,1992,1747,0
696,36,11,1992,1714,0
636,36,10,1992,1682,0
875,35,14,2025,1812,0
815,35,13,2025,1780,0
755,35,12,2025,1747,0
695,35,11,2025,1714,0
635,35,10,2025,1682,0
757,37,12,1959,1747,1
884,44,14,1732,1812,0
824,44,13,1732,1780,0
764,44,12,1732,1747,0
704,44,11,1732,1714,0
644,44,10,1732,1682,0
883,43,14,1764,1812,0
823,43,13,1764,1780,0
763,43,12,1764,1747,0
703,43,11,1764,1714,0
643,43,10,1764,1682,0
882,42,14,1797,1812,0
822,42,13,1797,1780,0
702,42,11,1797,1714,0
642,42,10,1797,1682,0
881,41,14,1829,1812,0
821,41,13,1829,1780,0
761,41,12,1829,1747,0
701,41,11,1829,1714,0
641,41,10,1829,1682,0
880,40,14,1862,1812,0
820,40,13,1862,1780,0
760,40,12,1862,1747,0
700,40,11,1862,1714,0
640,40,10,1862,1682,0
762,42,12,1797,1747,1
889,49,14,1569,1812,0
829,49,13,1569,1780,0
769,49,12,1569,1747,0
709,49,11,1569,1714,0
649,49,10,1569,1682,0
888,48,14,1601,1812,0
828,48,13,1601,1780,0
768,48,12,1601,1747,0
708,48,11,1601,1714,0
648,48,10,1601,1682,0
887,47,14,1634,1812,0
827,47,13,1634,1780,0
707,47,11,1634,1714,0
647,47,10,1634,1682,0
886,46,14,1667,1812,0
826,46,13,1667,1780,0
766,46,12,1667,1747,0
706,46,11,1667,1714,0
646,46,10,1667,1682,0
885,45,14,1699,1812,0
825,45,13,1699,1780,0
765,45,12,1699,1747,0
705,45,11,1699,1714,0
645,45,10,1699,1682,0
767,47,12,1634,1747,1
894,54,14,1406,1812,0
834,54,13,1406,1780,0
774,54,12,1406,1747,0
714,54,11,1406,1714,0
654,54,10,1406,1682,0
893,53,14,1439,1812,0
833,53,13,1439,1780,0
773,53,12,1439,1747,0
713,53,11,1439,1714,0
653,53,10,1439,1682,0
892,52,14,1471,1812,0
832,52,13,1471,1780,0
712,52,11,1471,1714,0
652,52,10,1471,1682,0
891,51,14,1504,1812,0
831,51,13,1504,1780,0
771,51,12,1504,1747,0
711,51,11,1504,1714,0
651,51,10,1504,1682,0
890,50,14,1536,1812,0
830,50,13,1536,1780,0
770,50,12,1536,1747,0
710,50,11,1536,1714,0
650,50,10,1536,1682,0
772,52,12,1471,1747,1
899,59,14,1244,1812,0
839,59,13,1244,1780,0
779,59,12,1244,1747,0
719,59,11,1244,1714,0
659,59,10,1244,1682,0
898,58,14,1276,1812,0
838,58,13,1276,1780,0
778,58,12,1276,1747,0
718,58,11,1276,1714,0
658,58,10,1276,1682,0
897,57,14,1309,1812,0
837,57,13,1309,1780,0
717,57,11,1309,1714,0
657,57,10,1309,1682,0
896,56,14,1341,1812,0
836,56,13,1341,1780,0
776,56,12,1341,1747,0
716,56,11,1341,1714,0
656,56,10,1341,1682,0
895,55,14,1374,1812,0
835,55,13,1374,1780,0
775,55,12,1374,1747,0
715,55,11,1374,1714,0
655,55,10,1374,1682,0
777,57,12,1309,1747,1
1144,4,19,3033,1975,0
1084,4,18,3033,1942,0
1024,4,17,3033,1910,0
964,4,16,3033,1877,0
904,4,15,3033,1845,0
1143,3,19,3066,1975,0
1083,3,18,3066,1942,0
1023,3,17,3066,1910,0
963,3,16,3066,1877,0
903,3,15,3066,1845,0
1142,2,19,3098,1975,0
1082,2,18,3098,1942,0
962,2,16,3098,1877,0
902,2,15,3098,1845,0
1141,1,19,3131,1975,0
1081,1,18,3131,1942,0
1021,1,17,3131,1910,0
961,1,16,3131,1877,0
901,1,15,3131,1845,0
1140,0,19,3164,1975,0
1080,0,18,3164,1942,0
1020,0,17,3164,1910,0
960,0,16,3164,1877,0
900,0,15,3164,1845,0
1022,2,17,3098,1910,1
1149,9,19,2871,1975,0
1089,9,18,2871,1942,0
1029,9,17,2871,1910,0
969,9,16,2871,1877,0
909,9,15,2871,1845,0
1148,8,19,2903,1975,0
1088,8,18,2903,1942,0
1028,8,17,2903,1910,0
968,8,16,2903,1877,0
908,8,15,2903,1845,0
1147,7,19,2936,1975,0
1087,7,18,2936,1942,0
967,7,16,2936,1877,0
907,7,15,2936,1845,0
1146,6,19,2968,1975,0
1086,6,18,2968,1942,0
1026,6,17,2968,1910,0
966,6,16,2968,1877,0
906,6,15,2968,1845,0
1145,5,19,3001,1975,0
1085,5,18,3001,1942,0
1025,5,17,3001,1910,0
965,5,16,3001,1877,0
905,5,15,3001,1845,0
1027,7,17,2936,1910,1
1154,14,19,2708,1975,0
1094,14,18,2708,1942,0
1034,14,17,2708,1910,0
974,14,16,2708,1877,0
914,14,15,2708,1845,0
1153,13,19,2740,1975,0
1093,13,18,2740,1942,0
1033,13,17,2740,1910,0
973,13,16,2740,1877,0
913,13,15,2740,1845,0
1152,12,19,2773,1975,0
1092,12,18,2773,1942,0
972,12,16,2773,1877,0
912,12,15,2773,1845,0
1151,11,19,2806,1975,0
1091,11,18,2806,1942,0
1031,11,17,2806,1910,0
971,11,16,2806,1877,0
911,11,15,2806,1845,0
1150,10,19,2838,1975,0
1090,10,18,2838,1942,0
1030,10,17,2838,1910,0
970,10,16,2838,1877,0
910,10,15,2838,1845,0
1032,12,17,2773,1910,1
1159,19,19,2545,1975,0
1099,19,18,2545,1942,0
1039,19,17,2545,1910,0
979,19,16,2545,1877,0
919,19,15,2545,1845,0
1158,18,19,2578,1975,0
1098,18,18,2578,1942,0
1038,18,17,2578,1910,0
978,18,16,2578,1877,0
918,18,15,2578,1845,0
1157,17,19,2610,1975,0
1097,17,18,2610,1942,0
977,17,16,2610,1877,0
917,17,15,2610,1845,0
1156,16,19,2643,1975,0
1096,16,18,2643,1942,0
1036,16,17,2643,1910,0
976,16,16,2643,1877,0
916,16,15,2643,1845,0
1155,15,19,2675,1975,0
1095,15,18,2675,1942,0
1035,15,17,2675,1910,0
975,15,16,2675,1877,0
915,15,15,2675,1845,0
1037,17,17,2610,1910,1
1164,24,19,2382,1975,0
1104,24,18,2382,1942,0
1044,24,17,2382,1910,0
984,24,16,2382,1877,0
924,24,15,2382,1845,0
1163,23,19,2415,1975,0
1103,23,18,2415,1942,0
1043,23,17,2415,1910,0
983,23,16,2415,1877,0
923,23,15,2415,1845,0
1162,22,19,2448,1975,0
1102,22,18,2448,1942,0
982,22,16,2448,1877,0
922,22,15,2448,1845,0
1161,21,19,2480,1975,0
1101,21,18,2480,1942,0
1041,21,17,2480,1910,0
981,21,16,2480,1877,0
921,21,15,2480,1845,0
1160,20,19,2513,1975,0
1100,20,18,2513,1942,0
1040,20,17,2513,1910,0
980,20,16,2513,1877,0
920,20,15,2513,1845,0
1042,22,17,2448,1910,1
1169,29,19,2220,1975,0
1109,29,18,2220,1942,0
1049,29,17,2220,1910,0
989,29,16,2220,1877,0
929,29,15,2220,1845,0
1168,28,19,2252,1975,0
1108,28,18,2252,1942,0
1048,28,17,2252,1910,0
988,28,16,2252,1877,0
928,28,15,2252,1845,0
1167,27,19,2285,1975,0
1107,27,18,2285,1942,0
987,27,16,2285,1877,0
927,27,15,2285,1845,0
1166,26,19,2317,1975,0
1106,26,18,2317,1942,0
1046,26,17,2317,1910,0
986,26,16,2317,1877,0
926,26,15,2317,1845,0
1165,25,19,2350,1975,0
1105,25,18,2350,1942,0
1045,25,17,2350,1910,0
985,25,16,2350,1877,0
925,25,15,2350,1845,0
1047,27,17,2285,1910,1
1174,34,19,2057,1975,0
1114,34,18,2057,1942,0
1054,34,17,2057,1910,0
994,34,16,2057,1877,0
934,34,15,2057,1845,0
1173,33,19,2090,1975,0
1113,33,18,2090,1942,0
1053,33,17,2090,1910,0
993,33,16,2090,1877,0
933,33,15,2090,1845,0
1172,32,19,2122,1975,0
1112,32,18,2122,1942,0
992,32,16,2122,1877,0
932,32,15,2122,1845,0
1171,31,19,2155,1975,0
1111,31,18,2155,1942,0
1051,31,17,2155,1910,0
991,31,16,2155,1877,0
931,31,15,2155,1845,0
1170,30,19,2187,1975,0
1110,30,18,2187,1942,0
1050,30,17,2187,1910,0
990,30,16,2187,1877,0
930,30,15,2187,1845,0
1052,32,17,2122,1910,1
1179,39,19,1894,1975,0
1119,39,18,1894,1942,0
1059,39,17,1894,1910,0
999,39,16,1894,1877,0
939,39,15,1894,1845,0
1178,38,19,1927,1975,0
1118,38,18,1927,1942,0
1058,38,17,1927,1910,0
998,38,16,1927,1877,0
938,38,15,1927,1845,0
1177,37,19,1959,1975,0
1117,37,18,1959,1942,0
997,37,16,1959,1877,0
937,37,15,1959,1845,0
1176,36,19,1992,1975,0
1116,36,18,1992,1942,0
1056,36,17,1992,1910,0
996,36,16,1992,1877,0
936,36,15,1992,1845,0
1175,35,19,2025,1975,0
1115,35,18,2025,1942,0
1055,35,17,2025,1910,0
995,35,16,2025,1877,0
935,35,15,2025,1845,0
1057,37,17,1959,1910,1
1184,44,19,1732,1975,0
1124,44,18,1732,1942,0
1064,44,17,1732,1910,0
1004,44,16,1732,1877,0
944,44,15,1732,1845,0
1183,43,19,1764,1975,0
1123,43,18,1764,1942,0
1063,43,17,1764,1910,0
1003,43,16,1764,1877,0
943,43,15,1764,1845,0
1182,42,19,1797,1975,0
1122,42,18,1797,1942,0
1002,42,16,1797,1877,0
942,42,15,1797,1845,0
1181,41,19,1829,1975,0
1121,41,18,1829,1942,0
1061,41,17,1829,1910,0
1001,41,16,1829,1877,0
941,41,15,1829,1845,0
1180,40,19,1862,1975,0
1120,40,18,1862,1942,0
1060,40,17,1862,1910,0
1000,40,16,1862,1877,0
940,40,15,1862,1845,0
1062,42,17,1797,1910,1
1189,49,19,1569,1975,0
1129,49,18,1569,1942,0
1069,49,17,1569,1910,0
1009,49,16,1569,1877,0
949,49,15,1569,1845,0
1188,48,19,1601,1975,0
1128,48,18,1601,1942,0
1068,48,17,1601,1910,0
1008,48,16,1601,1877,0
948,48,15,1601,1845,0
1187,47,19,1634,1975,0
1127,47,18,1634,1942,0
1007,47,16,1634,1877,0
947,47,15,1634,1845,0
1186,46,19,1667,1975,0
1126,46,18,1667,1942,0
1066,46,17,1667,1910,0
1006,46,16,1667,1877,0
946,46,15,1667,1845,0
1185,45,19,1699,1975,0
1125,45,18,1699,1942,0
1065,45,17,1699,1910,0
1005,45,16,1699,1877,0
945,45,15,1699,1845,0
1067,47,17,1634,1910,1
1194,54,19,1406,1975,0
1134,54,18,1406,1942,0
1074,54,17,1406,1910,0
1014,54,16,1406,1877,0
954,54,15,1406,1845,0
1193,53,19,1439,1975,0
1133,53,18,1439,1942,0
1073,53,17,1439,1910,0
1013,53,16,1439,1877,0
953,53,15,1439,1845,0
1192,52,19,1471,1975,0
1132,52,18,1471,1942,0
1012,52,16,1471,1877,0
952,52,15,1471,1845,0
1191,51,19,1504,1975,0
1131,51,18,1504,1942,0
1071,51,17,1504,1910,0
1011,51,16,1504,1877,0
951,51,15,1504,1845,0
1190,50,19,1536,1975,0
1130,50,18,1536,1942,0
1070,50,17,1536,1910,0
1010,50,16,1536,1877,0
950,50,15,1536,1845,0
1072,52,17,1471,1910,1
1199,59,19,1244,1975,0
1139,59,18,1244,1942,0
1079,59,17,1244,1910,0
1019,59,16,1244,1877,0
959,59,15,1244,1845,0
1198,58,19,1276,1975,0
1138,58,18,1276,1942,0
1078,58,17,1276,1910,0
1018,58,16,1276,1877,0
958,58,15,1276,1845,0
1197,57,19,1309,1975,0
1137,57,18,1309,1942,0
1017,57,16,1309,1877,0
957,57,15,1309,1845,0
1196,56,19,1341,1975,0
1136,56,18,1341,1942,0
1076,56,17,1341,1910,0
1016,56,16,1341,1877,0
956,56,15,1341,1845,0
1195,55,19,1374,1975,0
1135,55,18,1374,1942,0
1075,55,17,1374,1910,0
1015,55,16,1374,1877,0
955,55,15,1374,1845,0
1077,57,17,1309,1910,1
1444,4,24,3033,2138,0
1384,4,23,3033,2105,0
1324,4,22,3033,2072,0
1264,4,21,3033,2040,0
1204,4,20,3033,2007,0
1443,3,24,3066,2138,0
1383,3,23,3066,2105,0
1323,3,22,3066,2072,0
1263,3,21,3066,2040,0
1203,3,20,3066,2007,0
1442,2,24,3098,2138,0
1382,2,23,3098,2105,0
1262,2,21,3098,2040,0
1202,2,20,3098,2007,0
1441,1,24,3131,2138,0
1381,1,23,3131,2105,0
1321,1,22,3131,2072,0
1261,1,21,3131,2040,0
1201,1,20,3131,2007,0
1440,0,24,3164,2138,0
1380,0,23,3164,2105,0
1320,0,22,3164,2072,0
1260,0,21,3164,2040,0
1200,0,20,3164,2007,0
1322,2,22,3098,2072,1
1449,9,24,2871,2138,0
1389,9,23,2871,2105,0
1329,9,22,2871,2072,0
1269,9,21,2871,2040,0
1209,9,20,2871,2007,0
1448,8,24,2903,2138,0
1388,8,23,2903,2105,0
1328,8,22,2903,2072,0
1268,8,21,2903,2040,0
1208,8,20,2903,2007,0
1447,7,24,2936,2138,0
1387,7,23,2936,2105,0
1267,7,21,2936,2040,0
1207,7,20,2936,2007,0
1446,6,24,2968,2138,0
1386,6,23,2968,2105,0
1326,6,22,2968,2072,0
1266,6,21,2968,2040,0
1206,6,20,2968,2007,0
1445,5,24,3001,2138,0
1385,5,23,3001,2105,0
1325,5,22,3001,2072,0
1265,5,21,3001,2040,0
1205,5,20,3001,2007,0
1327,7,22,2936,2072,1
1454,14,24,2708,2138,0
1394,14,23,2708,2105,0
1334,14,22,2708,2072,0
1274,14,21,2708,2040,0
1214,14,20,2708,2007,0
1453,13,24,2740,2138,0
1393,13,23,2740,2105,0
1333,13,22,2740,2072,0
1273,13,21,2740,2040,0
1213,13,20,2740,2007,0
1452,12,24,2773,2138,0
1392,12,23,2773,2105,0
1272,12,21,2773,2040,0
1212,12,20,2773,2007,0
1451,11,24,2806,2138,0
1391,11,23,2806,2105,0
1331,11,22,2806,2072,0
1271,11,21,2806,2040,0
1211,11,20,2806,2007,0
1450,10,24,2838,2138,0
1390,10,23,2838,2105,0
1330,10,22,2838,2072,0
1270,10,21,2838,2040,0
1210,10,20,2838,2007,0
1332,12,22,2773,2072,1
1459,19,24,2545,2138,0
1399,19,23,2545,2105,0
1339,19,22,2545,2072,0
1279,19,21,2545,2040,0
1219,19,20,2545,2007,0
1458,18,24,2578,2138,0
1398,18,23,2578,2105,0
1338,18,22,2578,2072,0
1278,18,21,2578,2040,0
1218,18,20,2578,2007,0
1457,17,24,2610,2138,0
1397,17,23,2610,2105,0
1277,17,21,2610,2040,0
1217,17,20,2610,2007,0
1456,16,24,2643,2138,0
1396,16,23,2643,2105,0
1336,16,22,2643,2072,0
1276,16,21,2643,2040,0
1216,16,20,2643,2007,0
1455,15,24,2675,2138,0
1395,15,23,2675,2105,0
1335,15,22,2675,2072,0
1275,15,21,2675,2040,0
1215,15,20,2675,2007,0
1337,17,22,2610,2072,1
1464,24,24,2382,2138,0
1404,24,23,2382,2105,0
1344,24,22,2382,2072,0
1284,24,21,2382,2040,0
1224,24,20,2382,2007,0
1463,23,24,2415,2138,0
1403,23,23,2415,2105,0
1343,23,22,2415,2072,0
1283,23,21,2415,2040,0
1223,23,20,2415,2007,0
1462,22,24,2448,2138,0
1402,22,23,2448,2105,0
1282,22,21,2448,2040,0
1222,22,20,2448,2007,0
1461,21,24,2480,2138,0
1401,21,23,2480,2105,0
1341,21,22,2480,2072,0
1281,21,21,2480,2040,0
1221,21,20,2480,2007,0
1460,20,24,2513,2138,0
1400,20,23,2513,2105,0
1340,20,22,2513,2072,0
1280,20,21,2513,2040,0
1220,20,20,2513,2007,0
1342,22,22,2448,2072,1
1469,29,24,2220,2138,0
1409,29,23,2220,2105,0
1349,29,22,2220,2072,0
1289,29,21,2220,2040,0
1229,29,20,2220,2007,0
1468,28,24,2252,2138,0
1408,28,23,2252,2105,0
1348,28,22,2252,2072,0
1288,28,21,2252,2040,0
1228,28,20,2252,2007,0
1467,27,24,2285,2138,0
1407,27,23,2285,2105,0
1287,27,21,2285,2040,0
1227,27,20,2285,2007,0
1466,26,24,2317,2138,0
1406,26,23,2317,2105,0
1346,26,22,2317,2072,0
1286,26,21,2317,2040,0
1226,26,20,2317,2007,0
1465,25,24,2350,2138,0
1405,25,23,2350,2105,0
1345,25,22,2350,2072,0
1285,25,21,2350,2040,0
1225,25,20,2350,2007,0
1347,27,22,2285,2072,1
1474,34,24,2057,2138,0
1414,34,23,2057,2105,0
1354,34,22,2057,2072,0
1294,34,21,2057,2040,0
1234,34,20,2057,2007,0
1473,33,24,2090,2138,0
1413,33,23,2090,2105,0
1353,33,22,2090,2072,0
1293,33,21,2090,2040,0
1233,33,20,2090,2007,0
1472,32,24,2122,2138,0
1412,32,23,2122,2105,0
1292,32,21,2122,2040,0
1232,32,20,2122,2007,0
1471,31,24,2155,2138,0
1411,31,23,2155,2105,0
1351,31,22,2155,2072,0
1291,31,21,2155,2040,0
1231,31,20,2155,2007,0
1470,30,24,2187,2138,0
1410,30,23,2187,2105,0
1350,30,22,2187,2072,0
1290,30,21,2187,2040,0
1230,30,20,2187,2007,0
1352,32,22,2122,2072,1
1479,39,24,1894,2138,0
1419,39,23,1894,2105,0
1359,39,22,1894,2072,0
1299,39,21,1894,2040,0
1239,39,20,1894,2007,0
1478,38,24,1927,2138,0
1418,38,23,1927,2105,0
1358,38,22,1927,2072,0
1298,38,21,1927,2040,0
1238,38,20,1927,2007,0
1477,37,24,1959,2138,0
1417,37,23,1959,2105,0
1297,37,21,1959,2040,0
1237,37,20,1959,2007,0
1476,36,24,1992,2138,0
1416,36,23,1992,2105,0
1356,36,22,1992,2072,0
1296,36,21,1992,2040,0
1236,36,20,1992,2007,0
1475,35,24,2025,2138,0
1415,35,23,2025,2105,0
1355,35,22,2025,2072,0
1295,35,21,2025,2040,0
1235,35,20,2025,2007,0
1357,37,22,1959,2072,1
1484,44,24,1732,2138,0
1424,44,23,1732,2105,0
1364,44,22,1732,2072,0
1304,44,21,1732,2040,0
1244,44,20,1732,2007,0
1483,43,24,1764,2138,0
1423,43,23,1764,2105,0
1363,43,22,1764,2072,0
1303,43,21,1764,2040,0
1243,43,20,1764,2007,0
1482,42,24,1797,2138,0
1422,42,23,1797,2105,0
1302,42,21,1797,2040,0
1242,42,20,1797,2007,0
1481,41,24,1829,2138,0
1421,41,23,1829,2105,0
1361,41,22,1829,2072,0
1301,41,21,1829,2040,0
1241,41,20,1829,2007,0
1480,40,24,1862,2138,0
1420,40,23,1862,2105,0
1360,40,22,1862,2072,0
1300,40,21,1862,2040,0
1240,40,20,1862,2007,0
1362,42,22,1797,2072,1
1489,49,24,1569,2138,0
1429,49,23,1569,2105,0
1369,49,22,1569,2072,0
1309,49,21,1569,2040,0
1249,49,20,1569,2007,0
1488,48,24,1601,2138,0
1428,48,23,1601,2105,0
1368,48,22,1601,2072,0
1308,48,21,1601,2040,0
1248,48,20,1601,2007,0
1487,47,24,1634,2138,0
1427,47,23,1634,2105,0
1307,47,21,1634,2040,0
1247,47,20,1634,2007,0
1486,46,24,1667,2138,0
1426,46,23,1667,2105,0
1366,46,22,1667,2072,0
1306,46,21,1667,2040,0
1246,46,20,1667,2007,0
1485,45,24,1699,2138,0
1425,45,23,1699,2105,0
1365,45,22,1699,2072,0
1305,45,21,1699,2040,0
1245,45,20,1699,2007,0
1367,47,22,1634,2072,1
1494,54,24,1406,2138,0
1434,54,23,1406,2105,0
1374,54,22,1406,2072,0
1314,54,21,1406,2040,0
1254,54,20,1406,2007,0
1493,53,24,1439,2138,0
1433,53,23,1439,2105,0
1373,53,22,1439,2072,0
1313,53,21,1439,2040,0
1253,53,20,1439,2007,0
1492,52,24,1471,2138,0
1432,52,23,1471,2105,0
1312,52,21,1471,2040,0
1252,52,20,1471,2007,0
1491,51,24,1504,2138,0
1431,51,23,1504,2105,0
1371,51,22,1504,2072,0
1311,51,21,1504,2040,0
1251,51,20,1504,2007,0
1490,50,24,1536,2138,0
1430,50,23,1536,2105,0
1370,50,22,1536,2072,0
1310,50,21,1536,2040,0
1250,50,20,1536,2007,0
1372,52,22,1471,2072,1
1499,59,24,1244,2138,0
1439,59,23,1244,2105,0
1379,59,22,1244,2072,0
1319,59,21,1244,2040,0
1259,59,20,1244,2007,0
1498,58,24,1276,2138,0
1438,58,23,1276,2105,0
1378,58,22,1276,2072,0
1318,58,21,1276,2040,0
1258,58,20,1276,2007,0
1497,57,24,1309,2138,0
1437,57,23,1309,2105,0
1317,57,21,1309,2040,0
1257,57,20,1309,2007,0
1496,56,24,1341,2138,0
1436,56,23,1341,2105,0
1376,56,22,1341,2072,0
1316,56,21,1341,2040,0
1256,56,20,1341,2007,0
1495,55,24,1374,2138,0
1435,55,23,1374,2105,0
1375,55,22,1374,2072,0
1315,55,21,1374,2040,0
1255,55,20,1374,2007,0
1377,57,22,1309,2072,1
1744,4,29,3033,2300,0
1684,4,28,3033,2268,0
1624,4,27,3033,2235,0
1564,4,26,3033,2203,0
1504,4,25,3033,2170,0
1743,3,29,3066,2300,0
1683,3,28,3066,2268,0
1623,3,27,3066,2235,0
1563,3,26,3066,2203,0
1503,3,25,3066,2170,0
1742,2,29,3098,2300,0
1682,2,28,3098,2268,0
1562,2,26,3098,2203,0
1502,2,25,3098,2170,0
1741,1,29,3131,2300,0
1681,1,28,3131,2268,0
1621,1,27,3131,2235,0
1561,1,26,3131,2203,0
1501,1,25,3131,2170,0
1740,0,29,3164,2300,0
1680,0,28,3164,2268,0
1620,0,27,3164,2235,0
1560,0,26,3164,2203,0
1500,0,25,3164,2170,0
1622,2,27,3098,2235,1
1749,9,29,2871,2300,0
1689,9,28,2871,2268,0
1629,9,27,2871,2235,0
1569,9,26,2871,2203,0
1509,9,25,2871,2170,0
1748,8,29,2903,2300,0
1688,8,28,2903,2268,0
1628,8,27,2903,2235,0
1568,8,26,2903,2203,0
1508,8,25,2903,2170,0
1747,7,29,2936,2300,0
1687,7,28,2936,2268,0
1567,7,26,2936,2203,0
1507,7,25,2936,2170,0
1746,6,29,2968,2300,0
1686,6,28,2968,2268,0
1626,6,27,2968,2235,0
1566,6,26,2968,2203,0
1506,6,25,2968,2170,0
1745,5,29,3001,2300,0
1685,5,28,3001,2268,0
1625,5,27,3001,2235,0
1565,5,26,3001,2203,0
1505,5,25,3001,2170,0
1627,7,27,2936,2235,1
1754,14,29,2708,2300,0
1694,14,28,2708,2268,0
1634,14,27,2708,2235,0
1574,14,26,2708,2203,0
1514,14,25,2708,2170,0
1753,13,29,2740,2300,0
1693,13,28,2740,2268,0
1633,13,27,2740,2235,0
1573,13,26,2740,2203,0
1513,13,25,2740,2170,0
1752,12,29,2773,2300,0
1692,12,28,2773,2268,0
1572,12,26,2773,2203,0
1512,12,25,2773,2170,0
1751,11,29,2806,2300,0
1691,11,28,2806,2268,0
1631,11,27,2806,2235,0
1571,11,26,2806,2203,0
1511,11,25,2806,2170,0
1750,10,29,2838,2300,0
1690,10,28,2838,2268,0
1630,10,27,2838,2235,0
1570,10,26,2838,2203,0
1510,10,25,2838,2170,0
1632,12,27,2773,2235,1
1759,19,29,2545,2300,0
1699,19,28,2545,2268,0
1639,19,27,2545,2235,0
1579,19,26,2545,2203,0
1519,19,25,2545,2170,0
1758,18,29,2578,2300,0
1698,18,28,2578,2268,0
1638,18,27,2578,2235,0
1578,18,26,2578,2203,0
1518,18,25,2578,2170,0
1757,17,29,2610,2300,0
1697,17,28,2610,2268,0
1577,17,26,2610,2203,0
1517,17,25,2610,2170,0
1756,16,29,2643,2300,0
1696,16,28,2643,2268,0
1636,16,27,2643,2235,0
1576,16,26,2643,2203,0
1516,16,25,2643,2170,0
1755,15,29,2675,2300,0
1695,15,28,2675,2268,0
1635,15,27,2675,2235,0
1575,15,26,2675,2203,0
1515,15,25,2675,2170,0
1637,17,27,2610,2235,1
1764,24,29,2382,2300,0
1704,24,28,2382,2268,0
1644,24,27,2382,2235,0
1584,24,26,2382,2203,0
1524,24,25,2382,2170,0
1763,23,29,2415,2300,0
1703,23,28,2415,2268,0
1643,23,27,2415,2235,0
1583,23,26,2415,2203,0
1523,23,25,2415,2170,0
1762,22,29,2448,2300,0
1702,22,28,2448,2268,0
1582,22,26,2448,2203,0
1522,22,25,2448,2170,0
1761,21,29,2480,2300,0
1701,21,28,2480,2268,0
1641,21,27,2480,2235,0
1581,21,26,2480,2203,0
1521,21,25,2480,2170,0
1760,20,29,2513,2300,0
1700,20,28,2513,2268,0
1640,20,27,2513,2235,0
1580,20,26,2513,2203,0
1520,20,25,2513,2170,0
1642,22,27,2448,2235,1
1769,29,29,2220,2300,0
1709,29,28,2220,2268,0
1649,29,27,2220,2235,0
1589,29,26,2220,2203,0
1529,29,25,2220,2170,0
1768,28,29,2252,2300,0
1708,28,28,2252,2268,0
1648,28,27,2252,2235,0
1588,28,26,2252,2203,0
1528,28,25,2252,2170,0
1767,27,29,2285,2300,0
1707,27,28,2285,2268,0
1587,27,26,2285,2203,0
1527,27,25,2285,2170,0
1766,26,29,2317,2300,0
1706,26,28,2317,2268,0
1646,26,27,2317,2235,0
1586,26,26,2317,2203,0
1526,26,25,2317,2170,0
1765,25,29,2350,2300,0
1705,25,28,2350,2268,0
1645,25,27,2350,2235,0
1585,25,26,2350,2203,0
1525,25,25,2350,2170,0
1647,27,27,2285,2235,1
1774,34,29,2057,2300,0
1714,34,28,2057,2268,0
1654,34,27,2057,2235,0
1594,34,26,2057,2203,0
1534,34,25,2057,2170,0
1773,33,29,2090,2300,0
1713,33,28,2090,2268,0
1653,33,27,2090,2235,0
1593,33,26,2090,2203,0
1533,33,25,2090,2170,0
1772,32,29,2122,2300,0
1712,32,28,2122,2268,0
1592,32,26,2122,2203,0
1532,32,25,2122,2170,0
1771,31,29,2155,2300,0
1711,31,28,2155,2268,0
1651,31,27,2155,2235,0
1591,31,26,2155,2203,0
1531,31,25,2155,2170,0
1770,30,29,2187,2300,0
1710,30,28,2187,2268,0
1650,30,27,2187,2235,0
1590,30,26,2187,2203,0
1530,30,25,2187,2170,0
1652,32,27,2122,2235,1
1779,39,29,1894,2300,0
1719,39,28,1894,2268,0
1659,39,27,1894,2235,0
1599,39,26,1894,2203,0
1539,39,25,1894,2170,0
1778,38,29,1927,2300,0
1718,38,28,1927,2268,0
1658,38,27,1927,2235,0
1598,38,26,1927,2203,0
1538,38,25,1927,2170,0
1777,37,29,1959,2300,0
1717,37,28,1959,2268,0
1597,37,26,1959,2203,0
1537,37,25,1959,2170,0
1776,36,29,1992,2300,0
1716,36,28,1992,2268,0
1656,36,27,1992,2235,0
1596,36,26,1992,2203,0
1536,36,25,1992,2170,0
1775,35,29,2025,2300,0
1715,35,28,2025,2268,0
1655,35,27,2025,2235,0
1595,35,26,2025,2203,0
1535,35,25,2025,2170,0
1657,37,27,1959,2235,1
1784,44,29,1732,2300,0
1724,44,28,1732,2268,0
1664,44,27,1732,2235,0
1604,44,26,1732,2203,0
1544,44,25,1732,2170,0
1783,43,29,1764,2300,0
1723,43,28,1764,2268,0
1663,43,27,1764,2235,0
1603,43,26,1764,2203,0
1543,43,25,1764,2170,0
1782,42,29,1797,2300,0
1722,42,28,1797,2268,0
1602,42,26,1797,2203,0
1542,42,25,1797,2170,0
1781,41,29,1829,2300,0
1721,41,28,1829,2268,0
1661,41,27,1829,2235,0
1601,41,26,1829,2203,0
1541,41,25,1829,2170,0
1780,40,29,1862,2300,0
1720,40,28,1862,2268,0
1660,40,27,1862,2235,0
1600,40,26,1862,2203,0
1540,40,25,1862,2170,0
1662,42,27,1797,2235,1
1789,49,29,1569,2300,0
1729,49,28,1569,2268,0
1669,49,27,1569,2235,0
1609,49,26,1569,2203,0
1549,49,25,1569,2170,0
1788,48,29,1601,2300,0
1728,48,28,1601,2268,0
1668,48,27,1601,2235,0
1608,48,26,1601,2203,0
1548,48,25,1601,2170,0
1787,47,29,1634,2300,0
1727,47,28,1634,2268,0
1607,47,26,1634,2203,0
1547,47,25,1634,2170,0
1786,46,29,1667,2300,0
1726,46,28,1667,2268,0
1666,46,27,1667,2235,0
1606,46,26,1667,2203,0
1546,46,25,1667,2170,0
1785,45,29,1699,2300,0
1725,45,28,1699,2268,0
1665,45,27,1699,2235,0
1605,45,26,1699,2203,0
1545,45,25,1699,2170,0
1667,47,27,1634,2235,1
1794,54,29,1406,2300,0
1734,54,28,1406,2268,0
1674,54,27,1406,2235,0
1614,54,26,1406,2203,0
1554,54,25,1406,2170,0
1793,53,29,1439,2300,0
1733,53,28,1439,2268,0
1673,53,27,1439,2235,0
1613,53,26,1439,2203,0
1553,53,25,1439,2170,0
1792,52,29,1471,2300,0
1732,52,28,1471,2268,0
1612,52,26,1471,2203,0
1552,52,25,1471,2170,0
1791,51,29,1504,2300,0
1731,51,28,1504,2268,0
1671,51,27,1504,2235,0
1611,51,26,1504,2203,0
1551,51,25,1504,2170,0
1790,50,29,1536,2300,0
1730,50,28,1536,2268,0
1670,50,27,1536,2235,0
1610,50,26,1536,2203,0
1550,50,25,1536,2170,0
1672,52,27,1471,2235,1
1799,59,29,1244,2300,0
1739,59,28,1244,2268,0
1679,59,27,1244,2235,0
1619,59,26,1244,2203,0
1559,59,25,1244,2170,0
1798,58,29,1276,2300,0
1738,58,28,1276,2268,0
1678,58,27,1276,2235,0
1618,58,26,1276,2203,0
1558,58,25,1276,2170,0
1797,57,29,1309,2300,0
1737,57,28,1309,2268,0
1617,57,26,1309,2203,0
1557,57,25,1309,2170,0
1796,56,29,1341,2300,0
1736,56,28,1341,2268,0
1676,56,27,1341,2235,0
1616,56,26,1341,2203,0
1556,56,25,1341,2170,0
1795,55,29,1374,2300,0
1735,55,28,1374,2268,0
1675,55,27,1374,2235,0
1615,55,26,1374,2203,0
1555,55,25,1374,2170,0
1677,57,27,1309,2235,1
2044,4,34,3033,2463,0
1984,4,33,3033,2430,0
1924,4,32,3033,2398,0
1864,4,31,3033,2365,0
1804,4,30,3033,2333,0
2043,3,34,3066,2463,0
1983,3,33,3066,2430,0
1923,3,32,3066,2398,0
1863,3,31,3066,2365,0
1803,3,30,3066,2333,0
2042,2,34,3098,2463,0
1982,2,33,3098,2430,0
1862,2,31,3098,2365,0
1802,2,30,3098,2333,0
2041,1,34,3131,2463,0
1981,1,33,3131,2430,0
1921,1,32,3131,2398,0
1861,1,31,3131,2365,0
1801,1,30,3131,2333,0
2040,0,34,3164,2463,0
1980,0,33,3164,2430,0
1920,0,32,3164,2398,0
1860,0,31,3164,2365,0
1800,0,30,3164,2333,0
1922,2,32,3098,2398,1
2049,9,34,2871,2463,0
1989,9,33,2871,2430,0
1929,9,32,2871,2398,0
1869,9,31,2871,2365,0
1809,9,30,2871,2333,0
2048,8,34,2903,2463,0
1988,8,33,2903,2430,0
1928,8,32,2903,2398,0
1868,8,31,2903,2365,0
1808,8,30,2903,2333,0
2047,7,34,2936,2463,0
1987,7,33,2936,2430,0
1867,7,31,2936,2365,0
1807,7,30,2936,2333,0
2046,6,34,2968,2463,0
1986,6,33,2968,2430,0
1926,6,32,2968,2398,0
1866,6,31,2968,2365,0
1806,6,30,2968,2333,0
2045,5,34,3001,2463,0
1985,5,33,3001,2430,0
1925,5,32,3001,2398,0
1865,5,31,3001,2365,0
1805,5,30,3001,2333,0
1927,7,32,2936,2398,1
2054,14,34,2708,2463,0
1994,14,33,2708,2430,0
1934,14,32,2708,2398,0
1874,14,31,2708,2365,0
1814,14,30,2708,2333,0
2053,13,34,2740,2463,0
1993,13,33,2740,2430,0
1933,13,32,2740,2398,0
1873,13,31,2740,2365,0
1813,13,30,2740,2333,0
2052,12,34,2773,2463,0
1992,12,33,2773,2430,0
1872,12,31,2773,2365,0
1812,12,30,2773,2333,0
2051,11,34,2806,2463,0
1991,11,33,2806,2430,0
1931,11,32,2806,2398,0
1871,11,31,2806,2365,0
1811,11,30,2806,2333,0
2050,10,34,2838,2463,0
1990,10,33,2838,2430,0
1930,10,32,2838,2398,0
1870,10,31,2838,2365,0
1810,10,30,2838,2333,0
1932,12,32,2773,2398,1
2059,19,34,2545,2463,0
1999,19,33,2545,2430,0
1939,19,32,2545,2398,0
1879,19,31,2545,2365,0
1819,19,30,2545,2333,0
2058,18,34,2578,2463,0
1998,18,33,2578,2430,0
1938,18,32,2578,2398,0
1878,18,31,2578,2365,0
1818,18,30,2578,2333,0
2057,17,34,2610,2463,0
1997,17,33,2610,2430,0
1877,17,31,2610,2365,0
1817,17,30,2610,2333,0
2056,16,34,2643,2463,0
1996,16,33,2643,2430,0
1936,16,32,2643,2398,0
1876,16,31,2643,2365,0
1816,16,30,2643,2333,0
2055,15,34,2675,2463,0
1995,15,33,2675,2430,0
1935,15,32,2675,2398,0
1875,15,31,2675,2365,0
1815,15,30,2675,2333,0
1937,17,32,2610,2398,1
2064,24,34,2382,2463,0
2004,24,33,2382,2430,0
1944,24,32,2382,2398,0
1884,24,31,2382,2365,0
1824,24,30,2382,2333,0
2063,23,34,2415,2463,0
2003,23,33,2415,2430,0
1943,23,32,2415,2398,0
1883,23,31,2415,2365,0
1823,23,30,2415,2333,0
2062,22,34,2448,2463,0
2002,22,33,2448,2430,0
1882,22,31,2448,2365,0
1822,22,30,2448,2333,0
2061,21,34,2480,2463,0
2001,21,33,2480,2430,0
1941,21,32,2480,2398,0
1881,21,31,2480,2365,0
1821,21,30,2480,2333,0
2060,20,34,2513,2463,0
2000,20,33,2513,2430,0
1940,20,32,2513,2398,0
1880,20,31,2513,2365,0
1820,20,30,2513,2333,0
1942,22,32,2448,2398,1
2069,29,34,2220,2463,0
2009,29,33,2220,2430,0
1949,29,32,2220,2398,0
1889,29,31,2220,2365,0
1829,29,30,2220,2333,0
2068,28,34,2252,2463,0
2008,28,33,2252,2430,0
1948,28,32,2252,2398,0
1888,28,31,2252,2365,0
1828,28,30,2252,2333,0
2067,27,34,2285,2463,0
2007,27,33,2285,2430,0
1887,27,31,2285,2365,0
1827,27,30,2285,2333,0
2066,26,34,2317,2463,0
2006,26,33,2317,2430,0
1946,26,32,2317,2398,0
1886,26,31,2317,2365,0
1826,26,30,2317,2333,0
2065,25,34,2350,2463,0
2005,25,33,2350,2430,0
1945,25,32,2350,2398,0
1885,25,31,2350,2365,0
1825,25,30,2350,2333,0
1947,27,32,2285,2398,1
2074,34,34,2057,2463,0
2014,34,33,2057,2430,0
1954,34,32,2057,2398,0
1894,34,31,2057,2365,0
1834,34,30,2057,2333,0
2073,33,34,2090,2463,0
2013,33,33,2090,2430,0
1953,33,32,2090,2398,0
1893,33,31,2090,2365,0
1833,33,30,2090,2333,0
2072,32,34,2122,2463,0
2012,32,33,2122,2430,0
1892,32,31,2122,2365,0
1832,32,30,2122,2333,0
2071,31,34,2155,2463,0
2011,31,33,2155,2430,0
1951,31,32,2155,2398,0
1891,31,31,2155,2365,0
1831,31,30,2155,2333,0
2070,30,34,2187,2463,0
2010,30,33,2187,2430,0
1950,30,32,2187,2398,0
1890,30,31,2187,2365,0
1830,30,30,2187,2333,0
1952,32,32,2122,2398,1
2079,39,34,1894,2463,0
2019,39,33,1894,2430,0
1959,39,32,1894,2398,0
1899,39,31,1894,2365,0
1839,39,30,1894,2333,0
2078,38,34,1927,2463,0
2018,38,33,1927,2430,0
1958,38,32,1927,2398,0
1898,38,31,1927,2365,0
1838,38,30,1927,2333,0
2077,37,34,1959,2463,0
2017,37,33,1959,2430,0
1897,37,31,1959,2365,0
1837,37,30,1959,2333,0
2076,36,34,1992,2463,0
2016,36,33,1992,2430,0
1956,36,32,1992,2398,0
1896,36,31,1992,2365,0
1836,36,30,1992,2333,0
2075,35,34,2025,2463,0
2015,35,33,2025,2430,0
1955,35,32,2025,2398,0
1895,35,31,2025,2365,0
1835,35,30,2025,2333,0
1957,37,32,1959,2398,1
2084,44,34,1732,2463,0
2024,44,33,1732,2430,0
1964,44,32,1732,2398,0
1904,44,31,1732,2365,0
1844,44,30,1732,2333,0
2083,43,34,1764,2463,0
2023,43,33,1764,2430,0
1963,43,32,1764,2398,0
1903,43,31,1764,2365,0
1843,43,30,1764,2333,0
2082,42,34,1797,2463,0
2022,42,33,1797,2430,0
1902,42,31,1797,2365,0
1842,42,30,1797,2333,0
2081,41,34,1829,2463,0
2021,41,33,1829,2430,0
1961,41,32,1829,2398,0
1901,41,31,1829,2365,0
1841,41,30,1829,2333,0
2080,40,34,1862,2463,0
2020,40,33,1862,2430,0
1960,40,32,1862,2398,0
1900,40,31,1862,2365,0
1840,40,30,1862,2333,0
1962,42,32,1797,2398,1
2089,49,34,1569,2463,0
2029,49,33,1569,2430,0
1969,49,32,1569,2398,0
1909,49,31,1569,2365,0
1849,49,30,1569,2333,0
2088,48,34,1601,2463,0
2028,48,33,1601,2430,0
1968,48,32,1601,2398,0
1908,48,31,1601,2365,0
1848,48,30,1601,2333,0
2087,47,34,1634,2463,0
2027,47,33,1634,2430,0
1907,47,31,1634,2365,0
1847,47,30,1634,2333,0
2086,46,34,1667,2463,0
2026,46,33,1667,2430,0
1966,46,32,1667,2398,0
1906,46,31,1667,2365,0
1846,46,30,1667,2333,0
2085,45,34,1699,2463,0
2025,45,33,1699,2430,0
1965,45,32,1699,2398,0
1905,45,31,1699,2365,0
1845,45,30,1699,2333,0
1967,47,32,1634,2398,1
2094,54,34,1406,2463,0
2034,54,33,1406,2430,0
1974,54,32,1406,2398,0
1914,54,31,1406,2365,0
1854,54,30,1406,2333,0
2093,53,34,1439,2463,0
2033,53,33,1439,2430,0
1973,53,32,1439,2398,0
1913,53,31,1439,2365,0
1853,53,30,1439,2333,0
2092,52,34,1471,2463,0
2032,52,33,1471,2430,0
1912,52,31,1471,2365,0
1852,52,30,1471,2333,0
2091,51,34,1504,2463,0
2031,51,33,1504,2430,0
1971,51,32,1504,2398,0
1911,51,31,1504,2365,0
1851,51,30,1504,2333,0
2090,50,34,1536,2463,0
2030,50,33,1536,2430,0
1970,50,32,1536,2398,0
1910,50,31,1536,2365,0
1850,50,30,1536,2333,0
1972,52,32,1471,2398,1
2099,59,34,1244,2463,0
2039,59,33,1244,2430,0
1979,59,32,1244,2398,0
1919,59,31,1244,2365,0
1859,59,30,1244,2333,0
2098,58,34,1276,2463,0
2038,58,33,1276,2430,0
1978,58,32,1276,2398,0
1918,58,31,1276,2365,0
1858,58,30,1276,2333,0
2097,57,34,1309,2463,0
2037,57,33,1309,2430,0
1917,57,31,1309,2365,0
1857,57,30,1309,2333,0
2096,56,34,1341,2463,0
2036,56,33,1341,2430,0
1976,56,32,1341,2398,0
1916,56,31,1341,2365,0
1856,56,30,1341,2333,0
2095,55,34,1374,2463,0
2035,55,33,1374,2430,0
1975,55,32,1374,2398,0
1915,55,31,1374,2365,0
1855,55,30,1374,2333,0
1977,57,32,1309,2398,1
2344,4,39,3033,2626,0
2284,4,38,3033,2593,0
2224,4,37,3033,2561,0
2164,4,36,3033,2528,0
2104,4,35,3033,2495,0
2343,3,39,3066,2626,0
2283,3,38,3066,2593,0
2223,3,37,3066,2561,0
2163,3,36,3066,2528,0
2103,3,35,3066,2495,0
2342,2,39,3098,2626,0
2282,2,38,3098,2593,0
2162,2,36,3098,2528,0
2102,2,35,3098,2495,0
2341,1,39,3131,2626,0
2281,1,38,3131,2593,0
2221,1,37,3131,2561,0
2161,1,36,3131,2528,0
2101,1,35,3131,2495,0
2340,0,39,3164,2626,0
2280,0,38,3164,2593,0
2220,0,37,3164,2561,0
2160,0,36,3164,2528,0
2100,0,35,3164,2495,0
2222,2,37,3098,2561,1
2349,9,39,2871,2626,0
2289,9,38,2871,2593,0
2229,9,37,2871,2561,0
2169,9,36,2871,2528,0
2109,9,35,2871,2495,0
2348,8,39,2903,2626,0
2288,8,38,2903,2593,0
2228,8,37,2903,2561,0
2168,8,36,2903,2528,0
2108,8,35,2903,2495,0
2347,7,39,2936,2626,0
2287,7,38,2936,2593,0
2167,7,36,2936,2528,0
2107,7,35,2936,2495,0
2346,6,39,2968,2626,0
2286,6,38,2968,2593,0
2226,6,37,2968,2561,0
2166,6,36,2968,2528,0
2106,6,35,2968,2495,0
2345,5,39,3001,2626,0
2285,5,38,3001,2593,0
2225,5,37,3001,2561,0
2165,5,36,3001,2528,0
2105,5,35,3001,2495,0
2227,7,37,2936,2561,1
2354,14,39,2708,2626,0
2294,14,38,2708,2593,0
2234,14,37,2708,2561,0
2174,14,36,2708,2528,0
2114,14,35,2708,2495,0
2353,13,39,2740,2626,0
2293,13,38,2740,2593,0
2233,13,37,2740,2561,0
2173,13,36,2740,2528,0
2113,13,35,2740,2495,0
2352,12,39,2773,2626,0
2292,12,38,2773,2593,0
2172,12,36,2773,2528,0
2112,12,35,2773,2495,0
2351,11,39,2806,2626,0
2291,11,38,2806,2593,0
2231,11,37,2806,2561,0
2171,11,36,2806,2528,0
2111,11,35,2806,2495,0
2350,10,39,2838,2626,0
2290,10,38,2838,2593,0
2230,10,37,2838,2561,0
2170,10,36,2838,2528,0
2110,10,35,2838,2495,0
2232,12,37,2773,2561,1
2359,19,39,2545,2626,0
2299,19,38,2545,2593,0
2239,19,37,2545,2561,0
2179,19,36,2545,2528,0
2119,19,35,2545,2495,0
2358,18,39,2578,2626,0
2298,18,38,2578,2593,0
2238,18,37,2578,2561,0
2178,18,36,2578,2528,0
2118,18,35,2578,2495,0
2357,17,39,2610,2626,0
2297,17,38,2610,2593,0
2177,17,36,2610,2528,0
2117,17,35,2610,2495,0
2356,16,39,2643,2626,0
2296,16,38,2643,2593,0
2236,16,37,2643,2561,0
2176,16,36,2643,2528,0
2116,16,35,2643,2495,0
2355,15,39,2675,2626,0
2295,15,38,2675,2593,0
2235,15,37,2675,2561,0
2175,15,36,2675,2528,0
2115,15,35,2675,2495,0
2237,17,37,2610,2561,1
2364,24,39,2382,2626,0
2304,24,38,2382,2593,0
2244,24,37,2382,2561,0
2184,24,36,2382,2528,0
2124,24,35,2382,2495,0
2363,23,39,2415,2626,0
2303,23,38,2415,2593,0
2243,23,37,2415,2561,0
2183,23,36,2415,2528,0
2123,23,35,2415,2495,0
2362,22,39,2448,2626,0
2302,22,38,2448,2593,0
2182,22,36,2448,2528,0
2122,22,35,2448,2495,0
2361,21,39,2480,2626,0
2301,21,38,2480,2593,0
2241,21,37,2480,2561,0
2181,21,36,2480,2528,0
2121,21,35,2480,2495,0
2360,20,39,2513,2626,0
2300,20,38,2513,2593,0
2240,20,37,2513,2561,0
2180,20,36,2513,2528,0
2120,20,35,2513,2495,0
2242,22,37,2448,2561,1
2369,29,39,2220,2626,0
2309,29,38,2220,2593,0
2249,29,37,2220,2561,0
2189,29,36,2220,2528,0
2129,29,35,2220,2495,0
2368,28,39,2252,2626,0
2308,28,38,2252,2593,0
2248,28,37,2252,2561,0
2188,28,36,2252,2528,0
2128,28,35,2252,2495,0
2367,27,39,2285,2626,0
2307,27,38,2285,2593,0
2187,27,36,2285,2528,0
2127,27,35,2285,2495,0
2366,26,39,2317,2626,0
2306,26,38,2317,2593,0
2246,26,37,2317,2561,0
2186,26,36,2317,2528,0
2126,26,35,2317,2495,0
2365,25,39,2350,2626,0
2305,25,38,2350,2593,0
2245,25,37,2350,2561,0
2185,25,36,2350,2528,0
2125,25,35,2350,2495,0
2247,27,37,2285,2561,1
2374,34,39,2057,2626,0
2314,34,38,2057,2593,0
2254,34,37,2057,2561,0
2194,34,36,2057,2528,0
2134,34,35,2057,2495,0
2373,33,39,2090,2626,0
2313,33,38,2090,2593,0
2253,33,37,2090,2561,0
2193,33,36,2090,2528,0
2133,33,35,2090,2495,0
2372,32,39,2122,2626,0
2312,32,38,2122,2593,0
2192,32,36,2122,2528,0
2132,32,35,2122,2495,0
2371,31,39,2155,2626,0
2311,31,38,2155,2593,0
2251,31,37,2155,2561,0
2191,31,36,2155,2528,0
2131,31,35,2155,2495,0
2370,30,39,2187,2626,0
2310,30,38,2187,2593,0
2250,30,37,2187,2561,0
2190,30,36,2187,2528,0
2130,30,35,2187,2495,0
2252,32,37,2122,2561,1
2379,39,39,1894,2626,0
2319,39,38,1894,2593,0
2259,39,37,1894,2561,0
2199,39,36,1894,2528,0
2139,39,35,1894,2495,0
2378,38,39,1927,2626,0
2318,38,38,1927,2593,0
2258,38,37,1927,2561,0
2198,38,36,1927,2528,0
2138,38,35,1927,2495,0
2377,37,39,1959,2626,0
2317,37,38,1959,2593,0
2197,37,36,1959,2528,0
2137,37,35,1959,2495,0
2376,36,39,1992,2626,0
2316,36,38,1992,2593,0
2256,36,37,1992,2561,0
2196,36,36,1992,2528,0
2136,36,35,1992,2495,0
2375,35,39,2025,2626,0
2315,35,38,2025,2593,0
2255,35,37,2025,2561,0
2195,35,36,2025,2528,0
2135,35,35,2025,2495,0
2257,37,37,1959,2561,1
2384,44,39,1732,2626,0
2324,44,38,1732,2593,0
2264,44,37,1732,2561,0
2204,44,36,1732,2528,0
2144,44,35,1732,2495,0
2383,43,39,1764,2626,0
2323,43,38,1764,2593,0
2263,43,37,1764,2561,0
2203,43,36,1764,2528,0
2143,43,35,1764,2495,0
2382,42,39,1797,2626,0
2322,42,38,1797,2593,0
2202,42,36,1797,2528,0
2142,42,35,1797,2495,0
2381,41,39,1829,2626,0
2321,41,38,1829,2593,0
2261,41,37,1829,2561,0
2201,41,36,1829,2528,0
2141,41,35,1829,2495,0
2380,40,39,1862,2626,0
2320,40,38,1862,2593,0
2260,40,37,1862,2561,0
2200,40,36,1862,2528,0
2140,40,35,1862,2495,0
2262,42,37,1797,2561,1
2389,49,39,1569,2626,0
2329,49,38,1569,2593,0
2269,49,37,1569,2561,0
2209,49,36,1569,2528,0
2149,49,35,1569,2495,0
2388,48,39,1601,2626,0
2328,48,38,1601,2593,0
2268,48,37,1601,2561,0
2208,48,36,1601,2528,0
2148,48,35,1601,2495,0
2387,47,39,1634,2626,0
2327,47,38,1634,2593,0
2207,47,36,1634,2528,0
2147,47,35,1634,2495,0
2386,46,39,1667,2626,0
2326,46,38,1667,2593,0
2266,46,37,1667,2561,0
2206,46,36,1667,2528,0
2146,46,35,1667,2495,0
2385,45,39,1699,2626,0
2325,45,38,1699,2593,0
2265,45,37,1699,2561,0
2205,45,36,1699,2528,0
2145,45,35,1699,2495,0
2267,47,37,1634,2561,1
2394,54,39,1406,2626,0
2334,54,38,1406,2593,0
2274,54,37,1406,2561,0
2214,54,36,1406,2528,0
2154,54,35,1406,2495,0
2393,53,39,1439,2626,0
2333,53,38,1439,2593,0
2273,53,37,1439,2561,0
2213,53,36,1439,2528,0
2153,53,35,1439,2495,0
2392,52,39,1471,2626,0
2332,52,38,1471,2593,0
2212,52,36,1471,2528,0
2152,52,35,1471,2495,0
2391,51,39,1504,2626,0
2331,51,38,1504,2593,0
2271,51,37,1504,2561,0
2211,51,36,1504,2528,0
2151,51,35,1504,2495,0
2390,50,39,1536,2626,0
2330,50,38,1536,2593,0
2270,50,37,1536,2561,0
2210,50,36,1536,2528,0
2150,50,35,1536,2495,0
2272,52,37,1471,2561,1
2399,59,39,1244,2626,0
2339,59,38,1244,2593,0
2279,59,37,1244,2561,0
2219,59,36,1244,2528,0
2159,59,35,1244,2495,0
2398,58,39,1276,2626,0
2338,58,38,1276,2593,0
2278,58,37,1276,2561,0
2218,58,36,1276,2528,0
2158,58,35,1276,2495,0
2397,57,39,1309,2626,0
2337,57,38,1309,2593,0
2217,57,36,1309,2528,0
2157,57,35,1309,2495,0
2396,56,39,1341,2626,0
2336,56,38,1341,2593,0
2276,56,37,1341,2561,0
2216,56,36,1341,2528,0
2156,56,35,1341,2495,0
2395,55,39,1374,2626,0
2335,55,38,1374,2593,0
2275,55,37,1374,2561,0
2215,55,36,1374,2528,0
2155,55,35,1374,2495,0
2277,57,37,1309,2561,1
2644,4,44,3033,2788,0
2584,4,43,3033,2756,0
2524,4,42,3033,2723,0
2464,4,41,3033,2691,0
2404,4,40,3033,2658,0
2643,3,44,3066,2788,0
2583,3,43,3066,2756,0
2523,3,42,3066,2723,0
2463,3,41,3066,2691,0
2403,3,40,3066,2658,0
2642,2,44,3098,2788,0
2582,2,43,3098,2756,0
2462,2,41,3098,2691,0
2402,2,40,3098,2658,0
2641,1,44,3131,2788,0
2581,1,43,3131,2756,0
2521,1,42,3131,2723,0
2461,1,41,3131,2691,0
2401,1,40,3131,2658,0
2640,0,44,3164,2788,0
2580,0,43,3164,2756,0
2520,0,42,3164,2723,0
2460,0,41,3164,2691,0
2400,0,40,3164,2658,0
2522,2,42,3098,2723,1
2649,9,44,2871,2788,0
2589,9,43,2871,2756,0
2529,9,42,2871,2723,0
2469,9,41,2871,2691,0
2409,9,40,2871,2658,0
2648,8,44,2903,2788,0
2588,8,43,2903,2756,0
2528,8,42,2903,2723,0
2468,8,41,2903,2691,0
2408,8,40,2903,2658,0
2647,7,44,2936,2788,0
2587,7,43,2936,2756,0
2467,7,41,2936,2691,0
2407,7,40,2936,2658,0
2646,6,44,2968,2788,0
2586,6,43,2968,2756,0
2526,6,42,2968,2723,0
2466,6,41,2968,2691,0
2406,6,40,2968,2658,0
2645,5,44,3001,2788,0
2585,5,43,3001,2756,0
2525,5,42,3001,2723,0
2465,5,41,3001,2691,0
2405,5,40,3001,2658,0
2527,7,42,2936,2723,1
2654,14,44,2708,2788,0
2594,14,43,2708,2756,0
2534,14,42,2708,2723,0
2474,14,41,2708,2691,0
2414,14,40,2708,2658,0
2653,13,44,2740,2788,0
2593,13,43,2740,2756,0
2533,13,42,2740,2723,0
2473,13,41,2740,2691,0
2413,13,40,2740,2658,0
2652,12,44,2773,2788,0
2592,12,43,2773,2756,0
2472,12,41,2773,2691,0
2412,12,40,2773,2658,0
2651,11,44,2806,2788,0
2591,11,43,2806,2756,0
2531,11,42,2806,2723,0
2471,11,41,2806,2691,0
2411,11,40,2806,2658,0
2650,10,44,2838,2788,0
2590,10,43,2838,2756,0
2530,10,42,2838,2723,0
2470,10,41,2838,2691,0
2410,10,40,2838,2658,0
2532,12,42,2773,2723,1
2659,19,44,2545,2788,0
2599,19,43,2545,2756,0
2539,19,42,2545,2723,0
2479,19,41,2545,2691,0
2419,19,40,2545,2658,0
2658,18,44,2578,2788,0
2598,18,43,2578,2756,0
2538,18,42,2578,2723,0
2478,18,41,2578,2691,0
2418,18,40,2578,2658,0
2657,17,44,2610,2788,0
2597,17,43,2610,2756,0
2477,17,41,2610,2691,0
2417,17,40,2610,2658,0
2656,16,44,2643,2788,0
2596,16,43,2643,2756,0
2536,16,42,2643,2723,0
2476,16,41,2643,2691,0
2416,16,40,2643,2658,0
2655,15,44,2675,2788,0
2595,15,43,2675,2756,0
2535,15,42,2675,2723,0
2475,15,41,2675,2691,0
2415,15,40,2675,2658,0
2537,17,42,2610,2723,1
2664,24,44,2382,2788,0
2604,24,43,2382,2756,0
2544,24,42,2382,2723,0
2484,24,41,2382,2691,0
2424,24,40,2382,2658,0
2663,23,44,2415,2788,0
2603,23,43,2415,2756,0
2543,23,42,2415,2723,0
2483,23,41,2415,2691,0
2423,23,40,2415,2658,0
2662,22,44,2448,2788,0
2602,22,43,2448,2756,0
2482,22,41,2448,2691,0
2422,22,40,2448,2658,0
2661,21,44,2480,2788,0
2601,21,43,2480,2756,0
2541,21,42,2480,2723,0
2481,21,41,2480,2691,0
2421,21,40,2480,2658,0
2660,20,44,2513,2788,0
2600,20,43,2513,2756,0
2540,20,42,2513,2723,0
2480,20,41,2513,2691,0
2420,20,40,2513,2658,0
2542,22,42,2448,2723,1
2669,29,44,2220,2788,0
2609,29,43,2220,2756,0
2549,29,42,2220,2723,0
2489,29,41,2220,2691,0
2429,29,40,2220,2658,0
2668,28,44,2252,2788,0
2608,28,43,2252,2756,0
2548,28,42,2252,2723,0
2488,28,41,2252,2691,0
2428,28,40,2252,2658,0
2667,27,44,2285,2788,0
2607,27,43,2285,2756,0
2487,27,41,2285,2691,0
2427,27,40,2285,2658,0
2666,26,44,2317,2788,0
2606,26,43,2317,2756,0
2546,26,42,2317,2723,0
2486,26,41,2317,2691,0
2426,26,40,2317,2658,0
2665,25,44,2350,2788,0
2605,25,43,2350,2756,0
2545,25,42,2350,2723,0
2485,25,41,2350,2691,0
2425,25,40,2350,2658,0
2547,27,42,2285,2723,1
2674,34,44,2057,2788,0
2614,34,43,2057,2756,0
2554,34,42,2057,2723,0
2494,34,41,2057,2691,0
2434,34,40,2057,2658,0
2673,33,44,2090,2788,0
2613,33,43,2090,2756,0
2553,33,42,2090,2723,0
2493,33,41,2090,2691,0
2433,33,40,2090,2658,0
2672,32,44,2122,2788,0
2612,32,43,2122,2756,0
2492,32,41,2122,2691,0
2432,32,40,2122,2658,0
2671,31,44,2155,2788,0
2611,31,43,2155,2756,0
2551,31,42,2155,2723,0
2491,31,41,2155,2691,0
2431,31,40,2155,2658,0
2670,30,44,2187,2788,0
2610,30,43,2187,2756,0
2550,30,42,2187,2723,0
2490,30,41,2187,2691,0
2430,30,40,2187,2658,0
2552,32,42,2122,2723,1
2679,39,44,1894,2788,0
2619,39,43,1894,2756,0
2559,39,42,1894,2723,0
2499,39,41,1894,2691,0
2439,39,40,1894,2658,0
2678,38,44,1927,2788,0
2618,38,43,1927,2756,0
2558,38,42,1927,2723,0
2498,38,41,1927,2691,0
2438,38,40,1927,2658,0
2677,37,44,1959,2788,0
2617,37,43,1959,2756,0
2497,37,41,1959,2691,0
2437,37,40,1959,2658,0
2676,36,44,1992,2788,0
2616,36,43,1992,2756,0
2556,36,42,1992,2723,0
2496,36,41,1992,2691,0
2436,36,40,1992,2658,0
2675,35,44,2025,2788,0
2615,35,43,2025,2756,0
2555,35,42,2025,2723,0
2495,35,41,2025,2691,0
2435,35,40,2025,2658,0
2557,37,42,1959,2723,1
2684,44,44,1732,2788,0
2624,44,43,1732,2756,0
2564,44,42,1732,2723,0
2504,44,41,1732,2691,0
2444,44,40,1732,2658,0
2683,43,44,1764,2788,0
2623,43,43,1764,2756,0
2563,43,42,1764,2723,0
2503,43,41,1764,2691,0
2443,43,40,1764,2658,0
2682,42,44,1797,2788,0
2622,42,43,1797,2756,0
2502,42,41,1797,2691,0
2442,42,40,1797,2658,0
2681,41,44,1829,2788,0
2621,41,43,1829,2756,0
2561,41,42,1829,2723,0
2501,41,41,1829,2691,0
2441,41,40,1829,2658,0
2680,40,44,1862,2788,0
2620,40,43,1862,2756,0
2560,40,42,1862,2723,0
2500,40,41,1862,2691,0
2440,40,40,1862,2658,0
2562,42,42,1797,2723,1
2689,49,44,1569,2788,0
2629,49,43,1569,2756,0
2569,49,42,1569,2723,0
2509,49,41,1569,2691,0
2449,49,40,1569,2658,0
2688,48,44,1601,2788,0
2628,48,43,1601,2756,0
2568,48,42,1601,2723,0
2508,48,41,1601,2691,0
2448,48,40,1601,2658,0
2687,47,44,1634,2788,0
2627,47,43,1634,2756,0
2507,47,41,1634,2691,0
2447,47,40,1634,2658,0
2686,46,44,1667,2788,0
2626,46,43,1667,2756,0
2566,46,42,1667,2723,0
2506,46,41,1667,2691,0
2446,46,40,1667,2658,0
2685,45,44,1699,2788,0
2625,45,43,1699,2756,0
2565,45,42,1699,2723,0
2505,45,41,1699,2691,0
2445,45,40,1699,2658,0
2567,47,42,1634,2723,1
2694,54,44,1406,2788,0
2634,54,43,1406,2756,0
2574,54,42,1406,2723,0
2514,54,41,1406,2691,0
2454,54,40,1406,2658,0
2693,53,44,1439,2788,0
2633,53,43,1439,2756,0
2573,53,42,1439,2723,0
2513,53,41,1439,2691,0
2453,53,40,1439,2658,0
2692,52,44,1471,2788,0
2632,52,43,1471,2756,0
2512,52,41,1471,2691,0
2452,52,40,1471,2658,0
2691,51,44,1504,2788,0
2631,51,43,1504,2756,0
2571,51,42,1504,2723,0
2511,51,41,1504,2691,0
2451,51,40,1504,2658,0
2690,50,44,1536,2788,0
2630,50,43,1536,2756,0
2570,50,42,1536,2723,0
2510,50,41,1536,2691,0
2450,50,40,1536,2658,0
2572,52,42,1471,2723,1
2699,59,44,1244,2788,0
2639,59,43,1244,2756,0
2579,59,42,1244,2723,0
2519,59,41,1244,2691,0
2459,59,40,1244,2658,0
2698,58,44,1276,2788,0
2638,58,43,1276,2756,0
2578,58,42,1276,2723,0
2518,58,41,1276,2691,0
2458,58,40,1276,2658,0
2697,57,44,1309,2788,0
2637,57,43,1309,2756,0
2517,57,41,1309,2691,0
2457,57,40,1309,2658,0
2696,56,44,1341,2788,0
2636,56,43,1341,2756,0
2576,56,42,1341,2723,0
2516,56,41,1341,2691,0
2456,56,40,1341,2658,0
2695,55,44,1374,2788,0
2635,55,43,1374,2756,0
2575,55,42,1374,2723,0
2515,55,41,1374,2691,0
2455,55,40,1374,2658,0
2577,57,42,1309,2723,1
2944,4,49,3033,2951,0
2884,4,48,3033,2919,0
2824,4,47,3033,2886,0
2764,4,46,3033,2853,0
2704,4,45,3033,2821,0
2943,3,49,3066,2951,0
2883,3,48,3066,2919,0
2823,3,47,3066,2886,0
2763,3,46,3066,2853,0
2703,3,45,3066,2821,0
2942,2,49,3098,2951,0
2882,2,48,3098,2919,0
2762,2,46,3098,2853,0
2702,2,45,3098,2821,0
2941,1,49,3131,2951,0
2881,1,48,3131,2919,0
2821,1,47,3131,2886,0
2761,1,46,3131,2853,0
2701,1,45,3131,2821,0
2940,0,49,3164,2951,0
2880,0,48,3164,2919,0
2820,0,47,3164,2886,0
2760,0,46,3164,2853,0
2700,0,45,3164,2821,0
2822,2,47,3098,2886,1
2949,9,49,2871,2951,0
2889,9,48,2871,2919,0
2829,9,47,2871,2886,0
2769,9,46,2871,2853,0
2709,9,45,2871,2821,0
2948,8,49,2903,2951,0
2888,8,48,2903,2919,0
2828,8,47,2903,2886,0
2768,8,46,2903,2853,0
2708,8,45,2903,2821,0
2947,7,49,2936,2951,0
2887,7,48,2936,2919,0
2767,7,46,2936,2853,0
2707,7,45,2936,2821,0
2946,6,49,2968,2951,0
2886,6,48,2968,2919,0
2826,6,47,2968,2886,0
2766,6,46,2968,2853,0
2706,6,45,2968,2821,0
2945,5,49,3001,2951,0
2885,5,48,3001,2919,0
2825,5,47,3001,2886,0
2765,5,46,3001,2853,0
2705,5,45,3001,2821,0
2827,7,47,2936,2886,1
2954,14,49,2708,2951,0
2894,14,48,2708,2919,0
2834,14,47,2708,2886,0
2774,14,46,2708,2853,0
2714,14,45,2708,2821,0
2953,13,49,2740,2951,0
2893,13,48,2740,2919,0
2833,13,47,2740,2886,0
2773,13,46,2740,2853,0
2713,13,45,2740,2821,0
2952,12,49,2773,2951,0
2892,12,48,2773,2919,0
2772,12,46,2773,2853,0
2712,12,45,2773,2821,0
2951,11,49,2806,2951,0
2891,11,48,2806,2919,0
2831,11,47,2806,2886,0
2771,11,46,2806,2853,0
2711,11,45,2806,2821,0
2950,10,49,2838,2951,0
2890,10,48,2838,2919,0
2830,10,47,2838,2886,0
2770,10,46,2838,2853,0
2710,10,45,2838,2821,0
2832,12,47,2773,2886,1
2959,19,49,2545,2951,0
2899,19,48,2545,2919,0
2839,19,47,2545,2886,0
2779,19,46,2545,2853,0
2719,19,45,2545,2821,0
2958,18,49,2578,2951,0
2898,18,48,2578,2919,0
2838,18,47,2578,2886,0
2778,18,46,2578,2853,0
2718,18,45,2578,2821,0
2957,17,49,2610,2951,0
2897,17,48,2610,2919,0
2777,17,46,2610,2853,0
2717,17,45,2610,2821,0
2956,16,49,2643,2951,0
2896,16,48,2643,2919,0
2836,16,47,2643,2886,0
2776,16,46,2643,2853,0
2716,16,45,2643,2821,0
2955,15,49,2675,2951,0
2895,15,48,2675,2919,0
2835,15,47,2675,2886,0
2775,15,46,2675,2853,0
2715,15,45,2675,2821,0
2837,17,47,2610,2886,1
2964,24,49,2382,2951,0
2904,24,48,2382,2919,0
2844,24,47,2382,2886,0
2784,24,46,2382,2853,0
2724,24,45,2382,2821,0
2963,23,49,2415,2951,0
2903,23,48,2415,2919,0
2843,23,47,2415,2886,0
2783,23,46,2415,2853,0
2723,23,45,2415,2821,0
2962,22,49,2448,2951,0
2902,22,48,2448,2919,0
2782,22,46,2448,2853,0
2722,22,45,2448,2821,0
2961,21,49,2480,2951,0
2901,21,48,2480,2919,0
2841,21,47,2480,2886,0
2781,21,46,2480,2853,0
2721,21,45,2480,2821,0
2960,20,49,2513,2951,0
2900,20,48,2513,2919,0
2840,20,47,2513,2886,0
2780,20,46,2513,2853,0
2720,20,45,2513,2821,0
2842,22,47,2448,2886,1
2969,29,49,2220,2951,0
2909,29,48,2220,2919,0
2849,29,47,2220,2886,0
2789,29,46,2220,2853,0
2729,29,45,2220,2821,0
2968,28,49,2252,2951,0
2908,28,48,2252,2919,0
2848,28,47,2252,2886,0
2788,28,46,2252,2853,0
2728,28,45,2252,2821,0
2967,27,49,2285,2951,0
2907,27,48,2285,2919,0
2787,27,46,2285,2853,0
2727,27,45,2285,2821,0
2966,26,49,2317,2951,0
2906,26,48,2317,2919,0
2846,26,47,2317,2886,0
2786,26,46,2317,2853,0
2726,26,45,2317,2821,0
2965,25,49,2350,2951,0
2905,25,48,2350,2919,0
2845,25,47,2350,2886,0
2785,25,46,2350,2853,0
2725,25,45,2350,2821,0
2847,27,47,2285,2886,1
2974,34,49,2057,2951,0
2914,34,48,2057,2919,0
2854,34,47,2057,2886,0
2794,34,46,2057,2853,0
2734,34,45,2057,2821,0
2973,33,49,2090,2951,0
2913,33,48,2090,2919,0
2853,33,47,2090,2886,0
2793,33,46,2090,2853,0
2733,33,45,2090,2821,0
2972,32,49,2122,2951,0
2912,32,48,2122,2919,0
2792,32,46,2122,2853,0
2732,32,45,2122,2821,0
2971,31,49,2155,2951,0
2911,31,48,2155,2919,0
2851,31,47,2155,2886,0
2791,31,46,2155,2853,0
2731,31,45,2155,2821,0
2970,30,49,2187,2951,0
2910,30,48,2187,2919,0
2850,30,47,2187,2886,0
2790,30,46,2187,2853,0
2730,30,45,2187,2821,0
2852,32,47,2122,2886,1
2979,39,49,1894,2951,0
2919,39,48,1894,2919,0
2859,39,47,1894,2886,0
2799,39,46,1894,2853,0
2739,39,45,1894,2821,0
2978,38,49,1927,2951,0
2918,38,48,1927,2919,0
2858,38,47,1927,2886,0
2798,38,46,1927,2853,0
2738,38,45,1927,2821,0
2977,37,49,1959,2951,0
2917,37,48,1959,2919,0
2797,37,46,1959,2853,0
2737,37,45,1959,2821,0
2976,36,49,1992,2951,0
2916,36,48,1992,2919,0
2856,36,47,1992,2886,0
2796,36,46,1992,2853,0
2736,36,45,1992,2821,0
2975,35,49,2025,2951,0
2915,35,48,2025,2919,0
2855,35,47,2025,2886,0
2795,35,46,2025,2853,0
2735,35,45,2025,2821,0
2857,37,47,1959,2886,1
2984,44,49,1732,2951,0
2924,44,48,1732,2919,0
2864,44,47,1732,2886,0
2804,44,46,1732,2853,0
2744,44,45,1732,2821,0
2983,43,49,1764,2951,0
2923,43,48,1764,2919,0
2863,43,47,1764,2886,0
2803,43,46,1764,2853,0
2743,43,45,1764,2821,0
2982,42,49,1797,2951,0
2922,42,48,1797,2919,0
2802,42,46,1797,2853,0
2742,42,45,1797,2821,0
2981,41,49,1829,2951,0
2921,41,48,1829,2919,0
2861,41,47,1829,2886,0
2801,41,46,1829,2853,0
2741,41,45,1829,2821,0
2980,40,49,1862,2951,0
2920,40,48,1862,2919,0
2860,40,47,1862,2886,0
2800,40,46,1862,2853,0
2740,40,45,1862,2821,0
2862,42,47,1797,2886,1
2989,49,49,1569,2951,0
2929,49,48,1569,2919,0
2869,49,47,1569,2886,0
2809,49,46,1569,2853,0
2749,49,45,1569,2821,0
2988,48,49,1601,2951,0
2928,48,48,1601,2919,0
2868,48,47,1601,2886,0
2808,48,46,1601,2853,0
2748,48,45,1601,2821,0
2987,47,49,1634,2951,0
2927,47,48,1634,2919,0
2807,47,46,1634,2853,0
2747,47,45,1634,2821,0
2986,46,49,1667,2951,0
2926,46,48,1667,2919,0
2866,46,47,1667,2886,0
2806,46,46,1667,2853,0
2746,46,45,1667,2821,0
2985,45,49,1699,2951,0
2925,45,48,1699,2919,0
2865,45,47,1699,2886,0
2805,45,46,1699,2853,0
2745,45,45,1699,2821,0
2867,47,47,1634,2886,1
2994,54,49,1406,2951,0
2934,54,48,1406,2919,0
2874,54,47,1406,2886,0
2814,54,46,1406,2853,0
2754,54,45,1406,2821,0
2993,53,49,1439,2951,0
2933,53,48,1439,2919,0
2873,53,47,1439,2886,0
2813,53,46,1439,2853,0
2753,53,45,1439,2821,0
2992,52,49,1471,2951,0
2932,52,48,1471,2919,0
2812,52,46,1471,2853,0
2752,52,45,1471,2821,0
2991,51,49,1504,2951,0
2931,51,48,1504,2919,0
2871,51,47,1504,2886,0
2811,51,46,1504,2853,0
2751,51,45,1504,2821,0
2990,50,49,1536,2951,0
2930,50,48,1536,2919,0
2870,50,47,1536,2886,0
2810,50,46,1536,2853,0
2750,50,45,1536,2821,0
2872,52,47,1471,2886,1
2999,59,49,1244,2951,0
2939,59,48,1244,2919,0
2879,59,47,1244,2886,0
2819,59,46,1244,2853,0
2759,59,45,1244,2821,0
2998,58,49,1276,2951,0
2938,58,48,1276,2919,0
2878,58,47,1276,2886,0
2818,58,46,1276,2853,0
2758,58,45,1276,2821,0
2997,57,49,1309,2951,0
2937,57,48,1309,2919,0
2817,57,46,1309,2853,0
2757,57,45,1309,2821,0
2996,56,49,1341,2951,0
2936,56,48,1341,2919,0
2876,56,47,1341,2886,0
2816,56,46,1341,2853,0
2756,56,45,1341,2821,0
2995,55,49,1374,2951,0
2935,55,48,1374,2919,0
2875,55,47,1374,2886,0
2815,55,46,1374,2853,0
2755,55,45,1374,2821,0
2877,57,47,1309,2886,1
3244,4,54,3033,3114,0
3184,4,53,3033,3081,0
3124,4,52,3033,3049,0
3064,4,51,3033,3016,0
3004,4,50,3033,2984,0
3243,3,54,3066,3114,0
3183,3,53,3066,3081,0
3123,3,52,3066,3049,0
3063,3,51,3066,3016,0
3003,3,50,3066,2984,0
3242,2,54,3098,3114,0
3182,2,53,3098,3081,0
3062,2,51,3098,3016,0
3002,2,50,3098,2984,0
3241,1,54,3131,3114,0
3181,1,53,3131,3081,0
3121,1,52,3131,3049,0
3061,1,51,3131,3016,0
3001,1,50,3131,2984,0
3240,0,54,3164,3114,0
3180,0,53,3164,3081,0
3120,0,52,3164,3049,0
3060,0,51,3164,3016,0
3000,0,50,3164,2984,0
3122,2,52,3098,3049,1
3249,9,54,2871,3114,0
3189,9,53,2871,3081,0
3129,9,52,2871,3049,0
3069,9,51,2871,3016,0
3009,9,50,2871,2984,0
3248,8,54,2903,3114,0
3188,8,53,2903,3081,0
3128,8,52,2903,3049,0
3068,8,51,2903,3016,0
3008,8,50,2903,2984,0
3247,7,54,2936,3114,0
3187,7,53,2936,3081,0
3067,7,51,2936,3016,0
3007,7,50,2936,2984,0
3246,6,54,2968,3114,0
3186,6,53,2968,3081,0
3126,6,52,2968,3049,0
3066,6,51,2968,3016,0
3006,6,50,2968,2984,0
3245,5,54,3001,3114,0
3185,5,53,3001,3081,0
3125,5,52,3001,3049,0
3065,5,51,3001,3016,0
3005,5,50,3001,2984,0
3127,7,52,2936,3049,1
3254,14,54,2708,3114,0
3194,14,53,2708,3081,0
3134,14,52,2708,3049,0
3074,14,51,2708,3016,0
3014,14,50,2708,2984,0
3253,13,54,2740,3114,0
3193,13,53,2740,3081,0
3133,13,52,2740,3049,0
3073,13,51,2740,3016,0
3013,13,50,2740,2984,0
3252,12,54,2773,3114,0
3192,12,53,2773,3081,0
3072,12,51,2773,3016,0
3012,12,50,2773,2984,0
3251,11,54,2806,3114,0
3191,11,53,2806,3081,0
3131,11,52,2806,3049,0
3071,11,51,2806,3016,0
3011,11,50,2806,2984,0
3250,10,54,2838,3114,0
3190,10,53,2838,3081,0
3130,10,52,2838,3049,0
3070,10,51,2838,3016,0
3010,10,50,2838,2984,0
3132,12,52,2773,3049,1
3259,19,54,2545,3114,0
3199,19,53,2545,3081,0
3139,19,52,2545,3049,0
3079,19,51,2545,3016,0
3019,19,50,2545,2984,0
3258,18,54,2578,3114,0
3198,18,53,2578,3081,0
3138,18,52,2578,3049,0
3078,18,51,2578,3016,0
3018,18,50,2578,2984,0
3257,17,54,2610,3114,0
3197,17,53,2610,3081,0
3077,17,51,2610,3016,0
3017,17,50,2610,2984,0
3256,16,54,2643,3114,0
3196,16,53,2643,3081,0
3136,16,52,2643,3049,0
3076,16,51,2643,3016,0
3016,16,50,2643,2984,0
3255,15,54,2675,3114,0
3195,15,53,2675,3081,0
3135,15,52,2675,3049,0
3075,15,51,2675,3016,0
3015,15,50,2675,2984,0
3137,17,52,2610,3049,1
3264,24,54,2382,3114,0
3204,24,53,2382,3081,0
3144,24,52,2382,3049,0
3084,24,51,2382,3016,0
3024,24,50,2382,2984,0
3263,23,54,2415,3114,0
3203,23,53,2415,3081,0
3143,23,52,2415,3049,0
3083,23,51,2415,3016,0
3023,23,50,2415,2984,0
3262,22,54,2448,3114,0
3202,22,53,2448,3081,0
3082,22,51,2448,3016,0
3022,22,50,2448,2984,0
3261,21,54,2480,3114,0
3201,21,53,2480,3081,0
3141,21,52,2480,3049,0
3081,21,51,2480,3016,0
3021,21,50,2480,2984,0
3260,20,54,2513,3114,0
3200,20,53,2513,3081,0
3140,20,52,2513,3049,0
3080,20,51,2513,3016,0
3020,20,50,2513,2984,0
3142,22,52,2448,3049,1
3269,29,54,2220,3114,0
3209,29,53,2220,3081,0
3149,29,52,2220,3049,0
3089,29,51,2220,3016,0
3029,29,50,2220,2984,0
3268,28,54,2252,3114,0
3208,28,53,2252,3081,0
3148,28,52,2252,3049,0
3088,28,51,2252,3016,0
3028,28,50,2252,2984,0
3267,27,54,2285,3114,0
3207,27,53,2285,3081,0
3087,27,51,2285,3016,0
3027,27,50,2285,2984,0
3266,26,54,2317,3114,0
3206,26,53,2317,3081,0
3146,26,52,2317,3049,0
3086,26,51,2317,3016,0
3026,26,50,2317,2984,0
3265,25,54,2350,3114,0
3205,25,53,2350,3081,0
3145,25,52,2350,3049,0
3085,25,51,2350,3016,0
3025,25,50,2350,2984,0
3147,27,52,2285,3049,1
3274,34,54,2057,3114,0
3214,34,53,2057,3081,0
3154,34,52,2057,3049,0
3094,34,51,2057,3016,0
3034,34,50,2057,2984,0
3273,33,54,2090,3114,0
3213,33,53,2090,3081,0
3153,33,52,2090,3049,0
3093,33,51,2090,3016,0
3033,33,50,2090,2984,0
3272,32,54,2122,3114,0
3212,32,53,2122,3081,0
3092,32,51,2122,3016,0
3032,32,50,2122,2984,0
3271,31,54,2155,3114,0
3211,31,53,2155,3081,0
3151,31,52,2155,3049,0
3091,31,51,2155,3016,0
3031,31,50,2155,2984,0
3270,30,54,2187,3114,0
3210,30,53,2187,3081,0
3150,30,52,2187,3049,0
3090,30,51,2187,3016,0
3030,30,50,2187,2984,0
3152,32,52,2122,3049,1
3279,39,54,1894,3114,0
3219,39,53,1894,3081,0
3159,39,52,1894,3049,0
3099,39,51,1894,3016,0
3039,39,50,1894,2984,0
3278,38,54,1927,3114,0
3218,38,53,1927,3081,0
3158,38,52,1927,3049,0
3098,38,51,1927,3016,0
3038,38,50,1927,2984,0
3277,37,54,1959,3114,0
3217,37,53,1959,3081,0
3097,37,51,1959,3016,0
3037,37,50,1959,2984,0
3276,36,54,1992,3114,0
3216,36,53,1992,3081,0
3156,36,52,1992,3049,0
3096,36,51,1992,3016,0
3036,36,50,1992,2984,0
3275,35,54,2025,3114,0
3215,35,53,2025,3081,0
3155,35,52,2025,3049,0
3095,35,51,2025,3016,0
3035,35,50,2025,2984,0
3157,37,52,1959,3049,1
3284,44,54,1732,3114,0
3224,44,53,1732,3081,0
3164,44,52,1732,3049,0
3104,44,51,1732,3016,0
3044,44,50,1732,2984,0
3283,43,54,1764,3114,0
3223,43,53,1764,3081,0
3163,43,52,1764,3049,0
3103,43,51,1764,3016,0
3043,43,50,1764,2984,0
3282,42,54,1797,3114,0
3222,42,53,1797,3081,0
3102,42,51,1797,3016,0
3042,42,50,1797,2984,0
3281,41,54,1829,3114,0
3221,41,53,1829,3081,0
3161,41,52,1829,3049,0
3101,41,51,1829,3016,0
3041,41,50,1829,2984,0
3280,40,54,1862,3114,0
3220,40,53,1862,3081,0
3160,40,52,1862,3049,0
3100,40,51,1862,3016,0
3040,40,50,1862,2984,0
3162,42,52,1797,3049,1
3289,49,54,1569,3114,0
3229,49,53,1569,3081,0
3169,49,52,1569,3049,0
3109,49,51,1569,3016,0
3049,49,50,1569,2984,0
3288,48,54,1601,3114,0
3228,48,53,1601,3081,0
3168,48,52,1601,3049,0
3108,48,51,1601,3016,0
3048,48,50,1601,2984,0
3287,47,54,1634,3114,0
3227,47,53,1634,3081,0
3107,47,51,1634,3016,0
3047,47,50,1634,2984,0
3286,46,54,1667,3114,0
3226,46,53,1667,3081,0
3166,46,52,1667,3049,0
3106,46,51,1667,3016,0
3046,46,50,1667,2984,0
3285,45,54,1699,3114,0
3225,45,53,1699,3081,0
3165,45,52,1699,3049,0
3105,45,51,1699,3016,0
3045,45,50,1699,2984,0
3167,47,52,1634,3049,1
3294,54,54,1406,3114,0
3234,54,53,1406,3081,0
3174,54,52,1406,3049,0
3114,54,51,1406,3016,0
3054,54,50,1406,2984,0
3293,53,54,1439,3114,0
3233,53,53,1439,3081,0
3173,53,52,1439,3049,0
3113,53,51,1439,3016,0
3053,53,50,1439,2984,0
3292,52,54,1471,3114,0
3232,52,53,1471,3081,0
3112,52,51,1471,3016,0
3052,52,50,1471,2984,0
3291,51,54,1504,3114,0
3231,51,53,1504,3081,0
3171,51,52,1504,3049,0
3111,51,51,1504,3016,0
3051,51,50,1504,2984,0
3290,50,54,1536,3114,0
3230,50,53,1536,3081,0
3170,50,52,1536,3049,0
3110,50,51,1536,3016,0
3050,50,50,1536,2984,0
3172,52,52,1471,3049,1
3299,59,54,1244,3114,0
3239,59,53,1244,3081,0
3179,59,52,1244,3049,0
3119,59,51,1244,3016,0
3059,59,50,1244,2984,0
3298,58,54,1276,3114,0
3238,58,53,1276,3081,0
3178,58,52,1276,3049,0
3118,58,51,1276,3016,0
3058,58,50,1276,2984,0
3297,57,54,1309,3114,0
3237,57,53,1309,3081,0
3117,57,51,1309,3016,0
3057,57,50,1309,2984,0
3296,56,54,1341,3114,0
3236,56,53,1341,3081,0
3176,56,52,1341,3049,0
3116,56,51,1341,3016,0
3056,56,50,1341,2984,0
3295,55,54,1374,3114,0
3235,55,53,1374,3081,0
3175,55,52,1374,3049,0
3115,55,51,1374,3016,0
3055,55,50,1374,2984,0
3177,57,52,1309,3049,1
3544,4,59,3033,3277,0
3484,4,58,3033,3244,0
3424,4,57,3033,3211,0
3364,4,56,3033,3179,0
3304,4,55,3033,3146,0
3543,3,59,3066,3277,0
3483,3,58,3066,3244,0
3423,3,57,3066,3211,0
3363,3,56,3066,3179,0
3303,3,55,3066,3146,0
3542,2,59,3098,3277,0
3482,2,58,3098,3244,0
3362,2,56,3098,3179,0
3302,2,55,3098,3146,0
3541,1,59,3131,3277,0
3481,1,58,3131,3244,0
3421,1,57,3131,3211,0
3361,1,56,3131,3179,0
3301,1,55,3131,3146,0
3540,0,59,3164,3277,0
3480,0,58,3164,3244,0
3420,0,57,3164,3211,0
3360,0,56,3164,3179,0
3300,0,55,3164,3146,0
3422,2,57,3098,3211,1
3549,9,59,2871,3277,0
3489,9,58,2871,3244,0
3429,9,57,2871,3211,0
3369,9,56,2871,3179,0
3309,9,55,2871,3146,0
3548,8,59,2903,3277,0
3488,8,58,2903,3244,0
3428,8,57,2903,3211,0
3368,8,56,2903,3179,0
3308,8,55,2903,3146,0
3547,7,59,2936,3277,0
3487,7,58,2936,3244,0
3367,7,56,2936,3179,0
3307,7,55,2936,3146,0
3546,6,59,2968,3277,0
3486,6,58,2968,3244,0
3426,6,57,2968,3211,0
3366,6,56,2968,3179,0
3306,6,55,2968,3146,0
3545,5,59,3001,3277,0
3485,5,58,3001,3244,0
3425,5,57,3001,3211,0
3365,5,56,3001,3179,0
3305,5,55,3001,3146,0
3427,7,57,2936,3211,1
3554,14,59,2708,3277,0
3494,14,58,2708,3244,0
3434,14,57,2708,3211,0
3374,14,56,2708,3179,0
3314,14,55,2708,3146,0
3553,13,59,2740,3277,0
3493,13,58,2740,3244,0
3433,13,57,2740,3211,0
3373,13,56,2740,3179,0
3313,13,55,2740,3146,0
3552,12,59,2773,3277,0
3492,12,58,2773,3244,0
3372,12,56,2773,3179,0
3312,12,55,2773,3146,0
3551,11,59,2806,3277,0
3491,11,58,2806,3244,0
3431,11,57,2806,3211,0
3371,11,56,2806,3179,0
3311,11,55,2806,3146,0
3550,10,59,2838,3277,0
3490,10,58,2838,3244,0
3430,10,57,2838,3211,0
3370,10,56,2838,3179,0
3310,10,55,2838,3146,0
3432,12,57,2773,3211,1
3559,19,59,2545,3277,0
3499,19,58,2545,3244,0
3439,19,57,2545,3211,0
3379,19,56,2545,3179,0
3319,19,55,2545,3146,0
3558,18,59,2578,3277,0
3498,18,58,2578,3244,0
3438,18,57,2578,3211,0
3378,18,56,2578,3179,0
3318,18,55,2578,3146,0
3557,17,59,2610,3277,0
3497,17,58,2610,3244,0
3377,17,56,2610,3179,0
3317,17,55,2610,3146,0
3556,16,59,2643,3277,0
3496,16,58,2643,3244,0
3436,16,57,2643,3211,0
3376,16,56,2643,3179,0
3316,16,55,2643,3146,0
3555,15,59,2675,3277,0
3495,15,58,2675,3244,0
3435,15,57,2675,3211,0
3375,15,56,2675,3179,0
3315,15,55,2675,3146,0
3437,17,57,2610,3211,1
3564,24,59,2382,3277,0
3504,24,58,2382,3244,0
3444,24,57,2382,3211,0
3384,24,56,2382,3179,0
3324,24,55,2382,3146,0
3563,23,59,2415,3277,0
3503,23,58,2415,3244,0
3443,23,57,2415,3211,0
3383,23,56,2415,3179,0
3323,23,55,2415,3146,0
3562,22,59,2448,3277,0
3502,22,58,2448,3244,0
3382,22,56,2448,3179,0
3322,22,55,2448,3146,0
3561,21,59,2480,3277,0
3501,21,58,2480,3244,0
3441,21,57,2480,3211,0
3381,21,56,2480,3179,0
3321,21,55,2480,3146,0
3560,20,59,2513,3277,0
3500,20,58,2513,3244,0
3440,20,57,2513,3211,0
3380,20,56,2513,3179,0
3320,20,55,2513,3146,0
3442,22,57,2448,3211,1
3569,29,59,2220,3277,0
3509,29,58,2220,3244,0
3449,29,57,2220,3211,0
3389,29,56,2220,3179,0
3329,29,55,2220,3146,0
3568,28,59,2252,3277,0
3508,28,58,2252,3244,0
3448,28,57,2252,3211,0
3388,28,56,2252,3179,0
3328,28,55,2252,3146,0
3567,27,59,2285,3277,0
3507,27,58,2285,3244,0
3387,27,56,2285,3179,0
3327,27,55,2285,3146,0
3566,26,59,2317,3277,0
3506,26,58,2317,3244,0
3446,26,57,2317,3211,0
3386,26,56,2317,3179,0
3326,26,55,2317,3146,0
3565,25,59,2350,3277,0
3505,25,58,2350,3244,0
3445,25,57,2350,3211,0
3385,25,56,2350,3179,0
3325,25,55,2350,3146,0
3447,27,57,2285,3211,1
3574,34,59,2057,3277,0
3514,34,58,2057,3244,0
3454,34,57,2057,3211,0
3394,34,56,2057,3179,0
3334,34,55,2057,3146,0
3573,33,59,2090,3277,0
3513,33,58,2090,3244,0
3453,33,57,2090,3211,0
3393,33,56,2090,3179,0
3333,33,55,2090,3146,0
3572,32,59,2122,3277,0
3512,32,58,2122,3244,0
3392,32,56,2122,3179,0
3332,32,55,2122,3146,0
3571,31,59,2155,3277,0
3511,31,58,2155,3244,0
3451,31,57,2155,3211,0
3391,31,56,2155,3179,0
3331,31,55,2155,3146,0
3570,30,59,2187,3277,0
3510,30,58,2187,3244,0
3450,30,57,2187,3211,0
3390,30,56,2187,3179,0
3330,30,55,2187,3146,0
3452,32,57,2122,3211,1
3579,39,59,1894,3277,0
3519,39,58,1894,3244,0
3459,39,57,1894,3211,0
3399,39,56,1894,3179,0
3339,39,55,1894,3146,0
3578,38,59,1927,3277,0
3518,38,58,1927,3244,0
3458,38,57,1927,3211,0
3398,38,56,1927,3179,0
3338,38,55,1927,3146,0
3577,37,59,1959,3277,0
3517,37,58,1959,3244,0
3397,37,56,1959,3179,0
3337,37,55,1959,3146,0
3576,36,59,1992,3277,0
3516,36,58,1992,3244,0
3456,36,57,1992,3211,0
3396,36,56,1992,3179,0
3336,36,55,1992,3146,0
3575,35,59,2025,3277,0
3515,35,58,2025,3244,0
3455,35,57,2025,3211,0
3395,35,56,2025,3179,0
3335,35,55,2025,3146,0
3457,37,57,1959,3211,1
3584,44,59,1732,3277,0
3524,44,58,1732,3244,0
3464,44,57,1732,3211,0
3404,44,56,1732,3179,0
3344,44,55,1732,3146,0
3583,43,59,1764,3277,0
3523,43,58,1764,3244,0
3463,43,57,1764,3211,0
3403,43,56,1764,3179,0
3343,43,55,1764,3146,0
3582,42,59,1797,3277,0
3522,42,58,1797,3244,0
3402,42,56,1797,3179,0
3342,42,55,1797,3146,0
3581,41,59,1829,3277,0
3521,41,58,1829,3244,0
3461,41,57,1829,3211,0
3401,41,56,1829,3179,0
3341,41,55,1829,3146,0
3580,40,59,1862,3277,0
3520,40,58,1862,3244,0
3460,40,57,1862,3211,0
3400,40,56,1862,3179,0
3340,40,55,1862,3146,0
3462,42,57,1797,3211,1
3589,49,59,1569,3277,0
3529,49,58,1569,3244,0
3469,49,57,1569,3211,0
3409,49,56,1569,3179,0
3349,49,55,1569,3146,0
3588,48,59,1601,3277,0
3528,48,58,1601,3244,0
3468,48,57,1601,3211,0
3408,48,56,1601,3179,0
3348,48,55,1601,3146,0
3587,47,59,1634,3277,0
3527,47,58,1634,3244,0
3407,47,56,1634,3179,0
3347,47,55,1634,3146,0
3586,46,59,1667,3277,0
3526,46,58,1667,3244,0
3466,46,57,1667,3211,0
3406,46,56,1667,3179,0
3346,46,55,1667,3146,0
3585,45,59,1699,3277,0
3525,45,58,1699,3244,0
3465,45,57,1699,3211,0
3405,45,56,1699,3179,0
3345,45,55,1699,3146,0
3467,47,57,1634,3211,1
3594,54,59,1406,3277,0
3534,54,58,1406,3244,0
3474,54,57,1406,3211,0
3414,54,56,1406,3179,0
3354,54,55,1406,3146,0
3593,53,59,1439,3277,0
3533,53,58,1439,3244,0
3473,53,57,1439,3211,0
3413,53,56,1439,3179,0
3353,53,55,1439,3146,0
3592,52,59,1471,3277,0
3532,52,58,1471,3244,0
3412,52,56,1471,3179,0
3352,52,55,1471,3146,0
3591,51,59,1504,3277,0
3531,51,58,1504,3244,0
3471,51,57,1504,3211,0
3411,51,56,1504,3179,0
3351,51,55,1504,3146,0
3590,50,59,1536,3277,0
3530,50,58,1536,3244,0
3470,50,57,1536,3211,0
3410,50,56,1536,3179,0
3350,50,55,1536,3146,0
3472,52,57,1471,3211,1
3599,59,59,1244,3277,0
3539,59,58,1244,3244,0
3479,59,57,1244,3211,0
3419,59,56,1244,3179,0
3359,59,55,1244,3146,0
3598,58,59,1276,3277,0
3538,58,58,1276,3244,0
3478,58,57,1276,3211,0
3418,58,56,1276,3179,0
3358,58,55,1276,3146,0
3597,57,59,1309,3277,0
3537,57,58,1309,3244,0
3417,57,56,1309,3179,0
3357,57,55,1309,3146,0
3596,56,59,1341,3277,0
3536,56,58,1341,3244,0
3476,56,57,1341,3211,0
3416,56,56,1341,3179,0
3356,56,55,1341,3146,0
3595,55,59,1374,3277,0
3535,55,58,1374,3244,0
3475,55,57,1374,3211,0
3415,55,56,1374,3179,0
3355,55,55,1374,3146,0
3477,57,57,1309,3211,1
