"","TMEM132D","CPNE5","RNA18S5","NMNAT1","ALG5","RNA28S5","RPL13","CCBL1","RPS9","MEIS1.AS1"
"45x44",0,0,0,0,0,0,0,0,0,0
"20x14",0,0,2,0,0,0,2,0,0,0
"44x42",0,0,1,0,0,0,1,0,0,0
"42x3",2,1,14,1,0,1,0,0,1,0
"11x40",0,0,17,1,0,0,0,0,0,0
"33x40",1,0,339,3,0,21,8,0,7,0
"25x22",0,0,2,0,1,0,1,0,0,0
"10x36",0,0,17,1,0,3,0,0,0,0
"28x9",1,2,9,1,0,0,0,0,0,0
"19x33",0,2,192,3,0,50,22,0,24,0
"5x18",2,0,2,0,0,1,0,0,0,0
"42x14",2,1,7,0,0,5,0,0,0,0
"9x34",0,0,19,0,0,1,1,0,0,0
"46x8",0,0,1,0,0,1,0,0,0,0
"16x38",0,0,117,0,0,11,3,0,4,0
"31x6",1,0,6,0,1,1,0,0,0,0
"25x49",1,0,26,1,2,6,7,0,2,0
"21x38",0,0,154,0,0,10,3,0,2,0
"28x32",0,0,205,0,0,7,27,0,23,0
"18x7",0,0,4,0,0,0,0,0,0,0
"20x7",1,0,4,1,0,0,0,0,0,0
"33x35",0,0,141,0,0,11,2,0,1,0
"37x16",0,0,4,0,0,0,0,0,0,0
"7x28",0,0,19,0,0,0,0,0,0,0
"21x43",0,0,12,0,0,0,0,0,0,0
"32x49",0,0,9,1,0,1,1,0,1,0
"35x26",0,0,4,0,0,1,0,0,0,0
"24x48",0,0,7,0,0,3,0,0,0,0
"22x43",0,0,6,1,0,0,0,0,2,0
"33x44",0,0,1,0,0,0,0,0,0,0
"13x37",0,0,4,0,0,1,0,0,0,0
"36x40",0,0,13,0,0,6,0,0,0,0
"34x4",1,3,1,0,1,0,0,0,0,0
"34x20",0,0,10,0,0,2,1,0,0,0
"33x25",0,0,5,0,0,4,1,0,0,0
"44x24",0,0,1,0,0,3,0,0,0,0
"44x33",0,0,11,0,0,4,0,0,0,0
"18x12",2,0,3,0,0,2,0,0,0,0
"35x27",0,0,6,0,0,0,0,0,0,0
"30x10",0,0,7,0,0,0,1,0,0,0
"37x33",0,0,324,0,1,53,46,1,18,0
"23x7",0,0,4,2,0,2,1,0,0,0
"20x12",0,0,4,0,0,1,0,0,0,0
"18x26",0,0,4,0,0,0,0,0,0,0
"7x41",0,0,40,0,0,1,0,0,0,0
"39x34",0,0,19,0,0,2,0,0,0,0
"21x8",1,0,12,0,0,1,0,0,1,0
"9x28",0,0,11,0,0,2,0,0,0,0
"36x29",0,0,6,0,0,4,0,0,0,0
"5x41",1,0,33,0,0,3,0,0,0,0
"41x14",0,1,7,0,0,1,0,0,0,0
"28x24",0,0,47,1,0,9,7,0,2,0
"14x33",0,0,22,1,0,1,0,0,0,0
"12x47",0,0,0,0,0,0,1,0,0,0
"42x12",0,0,2,0,0,0,0,0,0,0
"44x21",0,0,1,0,0,0,0,0,0,0
"37x10",0,0,11,0,0,0,0,0,0,0
"24x47",0,0,1,1,1,0,1,0,0,0
"41x22",0,0,0,0,1,0,0,0,0,0
"6x19",1,0,9,0,0,0,0,0,0,0
"31x43",0,0,9,0,0,1,0,0,0,0
"49x9",0,0,8,0,0,1,0,0,1,0
"48x2",0,0,55,0,0,1,0,0,0,1
"9x35",0,0,10,1,0,8,0,0,0,0
"30x24",0,0,32,2,0,9,11,0,5,0
"38x30",0,0,47,0,0,6,5,0,8,0
"40x31",1,0,10,0,0,5,1,0,0,0
"19x17",2,0,0,0,0,0,0,0,0,0
"3x24",0,0,2,0,0,0,0,0,0,0
"32x43",0,0,9,0,0,1,1,0,0,0
"17x40",0,0,25,1,0,4,1,0,1,0
"19x18",1,0,1,0,0,1,0,0,0,0
"43x6",0,0,5,0,0,0,0,0,0,0
"15x27",0,0,4,0,0,1,0,0,0,0
"15x33",0,0,77,1,0,21,36,0,4,0
"40x33",0,0,13,0,0,6,1,0,0,0
"26x29",0,0,131,0,0,14,25,0,13,0
"45x7",0,0,2,0,0,1,0,0,0,0
"43x23",0,0,5,0,0,1,0,0,0,0
"27x21",0,0,12,0,0,1,0,0,0,0
"26x19",0,0,15,0,0,0,0,0,1,0
"5x26",2,0,4,0,0,1,0,0,1,0
"43x12",0,0,1,0,0,1,0,0,0,0
"15x36",1,0,437,0,0,38,9,0,4,0
"30x49",0,0,11,1,1,2,1,0,0,0
"10x49",0,0,9,0,0,2,0,0,1,0
"45x32",0,0,7,0,0,0,0,0,0,0
"21x39",0,0,22,0,1,8,4,0,3,0
"38x42",0,1,22,0,0,6,1,0,0,0
"20x28",0,0,126,1,0,10,6,0,3,0
"10x40",0,0,14,0,0,1,0,0,0,0
"41x21",0,0,4,0,0,1,0,0,0,0
"10x44",0,0,3,0,0,0,0,0,0,0
"35x10",0,0,1,0,0,0,0,0,0,0
"33x39",0,0,11,0,0,2,1,0,1,0
"18x17",0,1,0,0,0,1,0,0,1,0
"17x30",0,0,17,1,0,2,0,0,1,0
"42x35",0,0,14,0,0,8,1,0,0,0
"17x29",0,0,16,0,0,2,1,0,0,0
"45x43",0,0,2,1,1,0,0,0,0,0
"44x13",0,0,0,0,0,0,0,0,0,0
"31x19",0,0,12,0,0,4,0,0,0,0
"14x46",0,0,3,0,0,1,1,0,0,0
"9x30",0,0,5,0,0,1,0,0,0,0
"24x8",4,0,12,4,1,0,8,0,2,0
"46x5",0,0,29,1,0,4,0,0,0,0
"41x13",0,0,4,0,0,0,0,0,0,0
"29x33",0,2,167,2,0,19,11,0,4,0
"25x16",0,0,8,1,0,0,1,0,1,0
"28x41",1,1,323,1,0,18,21,0,1,0
"21x18",0,0,3,0,1,2,4,0,2,0
"3x34",0,1,41,0,0,8,1,0,0,0
"47x8",0,0,2,1,0,0,0,0,0,0
"35x28",0,0,31,0,0,6,0,0,0,0
"20x15",0,0,5,1,0,0,0,0,1,0
"19x42",0,1,11,1,0,4,0,0,0,0
"40x41",0,1,3,0,0,4,0,1,0,0
"27x28",0,0,53,1,0,16,1,0,0,0
"29x22",0,0,3,1,0,0,0,0,0,0
"38x10",0,0,3,0,0,1,0,0,0,0
"4x20",1,0,13,0,0,0,1,0,0,0
"35x15",1,1,13,2,0,4,1,0,0,0
"21x35",0,0,77,1,1,7,4,0,1,0
"33x48",0,1,5,0,0,0,0,0,0,0
"3x40",0,0,21,1,0,1,4,0,0,0
"35x44",0,1,4,1,0,1,2,0,0,0
"40x8",0,0,5,0,0,0,0,0,0,1
"7x31",0,0,22,0,0,2,0,0,1,0
"23x23",0,0,11,0,0,4,0,0,0,0
"32x35",0,0,128,1,0,8,1,0,0,0
"16x14",2,0,8,1,2,0,0,0,0,0
"43x5",1,0,21,0,1,1,0,0,0,1
"35x40",0,0,90,0,0,16,3,0,17,0
"45x6",0,0,1,0,0,0,0,0,0,0
"34x38",0,0,27,0,0,1,0,0,0,0
"20x34",0,0,166,0,0,15,4,0,0,0
"17x9",0,0,2,0,0,2,0,0,0,0
"21x47",0,0,4,1,0,0,0,0,0,0
"17x36",0,1,346,1,0,41,1,0,0,0
"43x30",0,0,6,0,0,1,1,0,0,0
"49x6",0,0,6,1,0,0,1,0,0,0
"42x30",0,0,7,0,0,1,0,0,1,0
"27x9",0,0,11,0,1,1,0,0,0,0
"22x37",0,0,112,1,0,15,6,0,4,0
"28x19",0,0,7,0,0,3,1,0,0,0
"37x7",2,0,17,1,0,0,1,0,0,0
"19x9",0,2,5,1,0,1,0,0,0,0
"24x17",1,0,4,0,0,1,0,1,0,0
"11x45",0,0,2,0,0,0,0,0,0,0
"5x38",0,0,9,0,0,3,0,0,0,0
"41x35",0,0,11,0,0,3,2,0,0,0
"34x8",0,0,9,5,0,2,0,0,0,0
"3x20",1,0,18,0,0,2,0,0,0,0
"20x31",0,0,241,0,0,22,4,0,0,0
"21x7",1,0,6,0,1,2,0,0,0,0
"11x38",0,0,6,0,0,2,0,0,0,0
"25x40",0,0,97,1,0,28,1,0,2,0
"34x3",0,0,1,0,0,1,0,0,0,0
"15x17",0,1,1,0,0,0,0,0,0,0
"23x38",1,1,16,0,0,1,1,0,1,0
"41x24",0,0,15,0,0,6,1,0,0,0
"14x41",0,0,4,1,0,0,2,0,0,0
"43x39",0,0,3,0,0,0,1,0,1,0
"45x17",0,0,1,0,0,0,0,0,0,0
"27x26",0,0,6,0,0,0,1,0,0,0
"7x37",0,0,6,0,0,1,0,0,0,0
"35x34",0,0,389,1,0,36,1,0,4,0
"18x19",0,0,6,0,1,1,0,0,0,0
"15x28",0,0,30,0,0,6,0,0,0,0
"7x29",0,0,7,0,0,3,0,0,0,0
"42x34",0,0,13,0,0,5,0,0,0,0
"39x33",0,0,4,0,0,2,0,0,0,0
"18x28",0,0,19,0,0,3,1,0,0,0
"12x45",0,0,6,0,0,1,0,0,0,0
"7x43",0,0,21,0,0,2,0,0,2,0
"4x25",0,0,7,0,0,1,0,0,0,0
"37x9",0,0,4,0,0,2,1,0,0,0
"37x28",0,0,39,0,0,2,0,0,0,0
"44x44",0,0,1,0,0,0,0,0,0,0
"23x44",0,0,6,0,0,0,1,0,0,0
"18x30",0,1,307,2,0,27,19,0,6,0
"40x17",1,0,6,0,0,0,0,0,0,0
"34x35",0,0,165,1,0,23,6,0,1,0
"2x41",0,0,21,0,0,0,0,0,0,0
"30x36",0,0,246,0,0,27,3,0,1,0
"39x19",0,0,3,0,0,0,0,0,0,0
"25x8",1,0,11,8,1,4,0,0,0,0
"14x47",0,0,10,0,0,0,2,0,2,0
"47x39",0,0,0,0,0,0,0,0,0,0
"41x10",0,0,4,0,0,2,0,0,0,0
"38x8",0,0,7,3,0,1,2,0,0,0
"40x22",0,0,1,0,0,4,0,0,0,0
"33x32",1,0,37,0,0,7,8,0,1,0
"22x39",0,0,15,1,0,3,2,0,3,0
"37x20",0,0,6,0,0,0,0,0,0,0
"38x7",1,1,9,1,0,0,0,0,0,0
"31x46",0,1,4,0,0,0,0,0,0,0
"39x38",0,0,37,0,0,7,1,0,0,0
"4x37",0,0,6,0,0,0,1,0,0,0
"44x35",0,0,2,0,0,1,0,0,0,0
"29x10",0,0,9,0,0,3,0,0,0,0
"6x33",0,0,12,0,0,5,0,0,1,0
"17x17",0,0,7,1,0,1,0,0,0,0
"16x49",0,0,8,1,0,2,0,0,0,0
"25x18",1,0,12,0,0,2,0,0,0,0
"13x31",0,0,12,0,0,2,1,0,0,0
"38x18",0,0,5,0,0,3,0,0,0,0
"37x27",0,0,8,0,0,1,1,0,0,0
"39x4",0,1,6,0,0,0,1,0,0,0
"13x41",0,0,22,0,0,1,0,0,0,0
"25x45",0,0,4,0,0,0,0,0,1,0
"14x30",0,1,9,1,0,4,1,0,1,0
"26x48",0,0,4,0,0,1,2,0,0,0
"22x16",0,0,0,0,0,0,1,0,0,0
"15x37",1,0,93,2,0,17,8,0,2,1
"14x26",0,0,2,0,0,0,0,0,0,0
"18x37",0,0,19,0,0,3,0,0,0,0
"25x26",0,0,20,0,0,8,0,0,0,0
"31x31",0,0,416,0,0,40,26,0,12,0
"9x27",0,0,3,0,0,0,1,0,0,0
"39x18",0,0,1,0,0,2,0,0,0,0
"30x28",0,0,48,0,0,8,1,0,8,0
"3x26",0,0,3,0,0,1,0,0,0,0
"38x12",1,0,5,0,0,0,0,0,0,0
"36x41",0,0,43,0,0,1,1,0,0,0
"11x47",0,0,3,0,0,0,0,0,0,0
"6x41",0,0,18,0,0,2,1,0,0,0
"33x12",0,0,6,0,0,1,0,0,0,0
"25x27",0,0,22,0,0,4,1,0,1,0
"49x3",0,0,15,1,0,2,0,0,0,0
"44x40",0,0,11,2,0,1,0,0,0,0
"41x38",1,0,55,0,0,5,0,0,1,0
"20x40",0,0,61,1,0,11,3,0,1,0
"14x43",0,0,2,0,1,0,0,0,0,0
"37x35",0,0,254,0,0,18,3,0,1,0
"37x8",1,0,9,3,0,2,0,0,0,0
"26x40",3,0,106,0,0,12,1,0,3,0
"9x36",0,0,11,0,0,4,0,0,0,0
"12x27",0,0,1,0,0,2,0,0,0,0
"30x16",0,0,3,0,0,2,0,0,0,0
"25x41",0,2,344,0,0,30,1,0,5,0
"26x7",4,2,4,1,1,0,0,0,0,0
"20x25",0,0,1,1,0,2,0,0,0,0
"2x31",0,1,21,0,0,2,0,0,0,0
"34x36",1,0,230,0,0,49,0,0,2,0
"11x48",0,0,2,0,0,0,0,0,0,0
"27x14",0,0,7,2,0,1,0,1,1,0
"11x46",0,1,8,0,0,5,1,0,1,0
"8x25",0,0,5,0,0,0,0,0,0,0
"33x17",0,0,1,1,0,1,0,0,0,0
"20x26",0,0,3,0,0,0,0,0,0,0
"41x9",0,1,0,1,0,0,0,1,0,0
"33x4",2,0,3,0,0,1,0,0,0,0
"14x44",0,0,4,0,0,0,0,0,1,0
"16x41",0,0,23,0,0,1,1,0,1,0
"32x47",0,0,1,0,0,0,1,0,0,0
"27x32",0,0,43,0,0,4,0,0,2,0
"22x36",0,0,13,0,0,5,0,0,0,0
"7x21",0,0,1,1,1,0,0,0,0,0
"5x35",0,0,25,0,0,7,2,0,1,0
"6x25",0,0,5,0,0,5,0,0,0,0
"16x45",0,0,2,0,0,0,0,0,0,0
"41x4",0,0,14,0,0,2,0,0,0,0
"36x13",0,0,5,1,0,2,0,0,0,0
"17x14",1,0,6,0,0,0,0,0,0,0
"17x48",0,1,6,0,0,4,1,0,0,0
"11x16",1,0,4,0,0,1,0,1,0,0
"6x26",0,0,1,0,0,0,0,0,0,0
"39x13",0,0,3,0,0,1,0,0,0,0
"16x13",1,0,4,0,0,0,0,0,0,0
"32x22",0,0,3,1,1,0,1,0,0,0
"21x42",0,0,35,0,0,6,0,0,1,0
"14x18",0,0,0,0,0,0,0,0,0,0
"2x23",1,0,9,0,0,2,0,0,0,0
"40x35",0,0,13,0,0,10,0,0,0,0
"34x12",1,0,5,0,0,0,0,1,0,0
"48x6",0,0,2,0,1,0,0,0,0,0
"39x8",0,0,1,0,0,0,1,0,0,0
"49x4",0,0,34,0,0,3,1,0,0,0
"32x24",0,0,10,0,0,3,2,0,0,0
"39x37",0,0,28,0,0,4,1,0,0,0
"46x39",0,0,0,0,0,0,1,0,0,0
"26x35",0,0,90,2,0,9,11,0,11,0
"43x31",0,0,9,0,0,2,0,0,1,0
"32x6",4,0,5,0,0,0,2,0,0,0
"9x37",0,0,5,0,0,2,3,0,0,0
"3x37",0,0,7,0,0,4,0,0,1,0
"15x47",1,0,16,1,0,1,2,0,1,0
"35x22",0,0,6,0,0,0,0,0,0,0
"19x40",0,0,227,0,1,21,13,0,1,0
"35x29",0,0,10,0,0,1,1,0,0,0
"7x25",0,0,16,0,0,1,3,0,0,0
"29x35",0,0,119,0,0,14,4,0,3,0
"22x45",0,0,1,0,0,0,0,0,0,0
"41x15",0,0,6,0,0,4,0,0,0,0
"35x5",4,0,16,1,0,0,0,0,0,0
"33x7",0,1,2,2,0,0,0,0,0,0
"15x34",0,0,193,0,0,26,13,0,0,0
"24x33",0,1,61,4,0,13,4,0,1,0
"38x11",1,0,12,0,0,3,1,0,0,0
"11x32",0,0,5,0,0,0,0,0,0,0
"11x49",0,0,5,0,0,1,1,0,1,0
"3x23",0,1,11,0,0,5,0,0,1,0
"19x26",0,0,11,0,0,1,0,0,0,0
"22x41",0,0,162,0,0,11,1,0,4,0
"5x43",0,0,9,1,0,1,1,0,1,0
"12x40",0,0,8,1,0,1,0,0,0,0
"32x11",0,0,1,1,0,2,1,0,0,0
"18x11",0,0,24,0,0,9,0,0,0,0
"43x26",0,0,0,0,0,1,1,0,0,0
"37x13",0,0,4,0,0,0,1,0,0,0
"25x9",2,2,10,0,1,2,0,0,1,0
"7x19",0,0,6,0,0,0,0,0,0,0
"36x27",0,0,7,0,0,4,0,0,0,0
"5x22",0,0,10,0,0,1,0,0,0,0
"4x28",0,0,21,0,0,1,0,0,0,0
"38x13",0,0,10,0,0,1,1,0,0,0
"24x30",0,0,226,2,0,25,1,0,3,0
"25x19",0,0,8,0,0,1,0,4,0,0
"15x42",0,2,9,0,0,1,0,0,0,0
"18x34",0,0,354,3,0,35,6,0,2,0
"45x19",1,0,2,0,0,2,0,0,0,0
"12x48",0,0,2,0,0,0,2,0,0,0
"44x4",0,0,28,0,0,0,0,0,0,0
"42x9",0,0,1,0,0,0,0,0,0,0
"7x39",0,0,7,0,0,3,0,0,2,0
"34x32",0,4,154,2,0,8,6,0,39,0
"33x27",0,0,17,0,0,2,0,0,0,0
"38x31",0,0,34,0,0,3,0,0,0,0
"44x43",0,1,2,2,0,0,0,0,0,0
"8x40",0,0,7,0,0,2,0,0,0,0
"48x10",0,0,3,0,0,0,0,0,0,0
"8x16",2,0,2,1,0,0,0,0,0,0
"26x15",0,0,4,1,0,0,1,0,1,0
"31x34",0,1,348,2,0,38,1,0,0,0
"39x11",0,0,4,0,0,0,0,0,0,0
"6x42",0,0,6,0,0,0,0,0,0,0
"47x34",0,2,16,0,0,2,0,0,0,0
"18x39",0,0,13,1,0,4,0,0,1,0
"27x29",0,0,92,0,0,18,16,0,26,0
"4x23",0,0,7,0,0,0,1,0,0,0
"31x32",0,0,306,0,17,15,13,0,4,0
"4x31",0,0,15,0,0,2,0,0,0,0
"22x28",0,0,394,3,0,27,15,0,31,0
"20x48",0,0,2,0,0,0,1,0,0,0
"12x14",5,1,5,2,0,1,0,0,0,0
"45x15",0,0,3,0,0,1,0,0,0,0
"27x40",0,0,120,1,0,16,2,0,3,0
"26x34",0,0,245,0,0,32,2,0,3,0
"26x17",0,0,4,1,0,0,0,0,0,0
"11x35",0,0,13,0,0,0,0,0,0,0
"35x35",0,0,205,3,0,31,7,0,0,0
"39x24",0,0,3,0,0,1,0,0,0,0
"10x18",0,0,1,0,0,1,0,0,0,0
"23x33",1,0,82,1,0,19,17,0,8,0
"23x36",0,0,51,0,0,17,1,0,1,0
"37x41",0,0,34,0,0,5,0,0,0,0
"40x7",0,0,11,0,0,1,0,0,0,0
"22x26",0,0,8,0,0,1,1,0,0,0
"42x28",0,0,11,1,0,3,0,0,0,0
"3x30",0,0,6,0,0,0,0,0,0,0
"28x7",2,2,8,2,1,2,0,0,0,0
"48x4",1,0,26,0,0,0,0,0,1,0
"4x21",2,0,23,0,0,10,3,0,2,0
"13x44",0,0,1,0,0,0,0,0,0,0
"33x18",0,0,8,0,0,0,1,0,0,0
"43x20",0,0,4,0,0,0,0,1,0,0
"14x31",0,0,7,0,0,7,0,0,0,0
"23x31",0,0,459,0,0,55,5,0,1,0
"19x47",0,0,13,1,0,4,0,0,0,0
"39x5",0,0,17,0,0,1,0,0,0,0
"27x7",0,0,6,1,0,1,0,0,0,0
"6x23",1,1,4,0,0,0,0,0,0,0
"42x23",0,0,1,0,0,2,0,0,0,0
"41x18",0,0,4,0,0,7,0,0,1,0
"41x27",0,0,2,0,0,0,1,0,0,0
"32x10",0,0,6,0,0,0,0,0,0,0
"34x19",0,0,4,0,0,2,0,0,0,0
"25x7",1,2,6,2,0,0,0,0,0,0
"24x44",0,0,3,0,0,1,0,0,0,0
"23x14",0,0,10,0,1,4,0,0,0,0
"42x20",0,0,8,0,0,0,0,0,0,0
"35x30",0,1,40,1,0,4,0,0,1,0
"41x8",0,0,4,1,0,0,0,0,0,0
"22x18",0,0,4,0,0,1,0,0,0,0
"24x38",0,0,18,0,0,1,1,0,0,0
"28x37",0,0,80,0,0,2,1,0,2,0
"14x29",0,1,9,0,0,4,0,0,0,0
"18x38",0,0,203,0,1,14,9,0,1,0
"33x23",0,0,8,0,0,0,0,0,0,0
"10x35",0,0,14,1,0,8,1,0,0,0
"41x31",0,0,7,0,0,7,0,0,0,0
"6x16",3,2,1,0,0,0,0,0,0,0
"47x11",0,0,6,0,0,0,0,0,0,0
"31x25",0,0,8,0,0,1,0,0,0,0
"35x39",0,0,50,0,0,11,5,0,4,0
"10x27",0,0,5,0,0,1,0,0,0,0
"27x42",0,0,248,1,0,37,3,0,2,0
"17x47",0,0,10,0,0,3,0,0,1,0
"9x18",1,0,0,0,0,0,0,0,0,0
"43x7",1,0,3,0,0,0,0,0,0,0
"44x14",0,0,5,0,0,2,0,0,0,0
"19x10",3,0,2,0,0,0,0,0,0,0
"40x19",0,0,5,0,0,1,0,0,0,0
"24x22",0,0,4,0,0,0,0,0,0,0
"8x17",0,0,0,1,0,0,0,0,0,0
"29x20",0,0,7,0,0,3,0,0,0,0
"44x41",0,0,10,0,0,0,0,0,0,0
"41x26",0,0,0,0,0,0,0,0,0,0
"25x6",1,1,7,0,0,0,1,0,0,0
"4x17",3,0,0,0,0,0,0,0,0,0
"35x23",0,0,14,0,0,1,0,0,1,0
"15x43",0,0,4,0,0,2,2,0,0,0
"32x27",0,0,7,0,0,2,1,0,0,0
"37x40",0,0,36,0,0,4,1,0,0,0
"36x33",0,0,236,1,0,41,16,0,1,0
"11x42",0,0,0,0,0,0,0,0,0,0
"13x17",0,0,1,0,0,0,0,0,0,0
"12x38",0,0,3,0,0,2,0,0,0,0
"27x33",0,0,290,0,0,49,8,0,5,0
"29x37",0,0,83,0,0,9,1,0,1,0
"21x17",0,0,1,0,0,0,0,0,0,0
"17x49",1,0,7,1,0,0,0,0,2,0
"38x17",0,0,2,0,0,1,0,0,0,0
"38x20",0,0,13,0,0,5,1,0,0,0
"31x16",0,1,7,0,0,0,0,0,0,0
"24x25",0,0,7,0,0,4,0,0,0,0
"31x4",0,0,2,0,0,0,0,0,0,0
"22x38",0,0,42,0,0,4,2,0,1,0
"29x48",0,2,1,0,1,1,0,0,0,0
"2x24",1,0,3,0,0,0,1,0,0,0
"36x25",0,0,17,0,0,7,0,0,1,0
"14x28",1,0,11,0,0,2,0,0,1,0
"30x46",0,0,2,0,0,0,0,0,0,0
"25x43",0,2,150,11,0,16,0,0,3,0
"14x15",0,1,3,0,1,2,1,0,0,0
"33x8",0,0,6,1,0,2,2,0,0,0
"29x28",0,0,40,0,0,5,0,0,1,0
"9x49",0,0,16,0,0,7,2,0,2,0
"23x25",0,1,5,0,0,1,1,0,0,0
"39x35",0,0,10,0,0,6,1,0,0,0
"11x43",0,0,13,0,0,5,2,0,0,0
"25x35",0,0,89,4,0,6,15,0,3,0
"26x43",0,0,150,2,0,8,3,0,1,0
"26x39",1,0,48,0,0,9,1,0,1,0
"17x27",0,0,10,0,0,0,2,0,0,0
"41x29",0,0,6,0,0,1,1,0,0,0
"37x5",1,0,10,0,1,1,0,0,0,0
"47x3",2,0,17,0,0,3,0,0,0,0
"24x12",1,0,4,0,0,3,3,0,0,0
"22x15",0,0,12,2,0,0,1,0,0,0
"42x18",0,1,1,0,0,4,0,0,0,1
"30x13",0,0,9,0,0,0,0,0,0,0
"3x32",0,0,13,1,0,1,0,0,0,0
"22x34",0,0,56,2,0,5,0,0,0,0
"26x26",0,0,2,0,0,4,1,0,0,0
"37x22",0,0,8,0,0,0,1,0,0,0
"46x40",0,0,4,3,0,3,0,0,0,1
"26x44",0,0,14,0,0,0,0,0,1,0
"15x39",0,0,9,0,0,0,0,0,0,0
"22x22",0,0,0,0,0,1,0,0,0,0
"31x21",0,0,12,0,0,0,0,0,0,0
"27x27",0,0,9,0,0,1,0,0,0,0
"49x35",0,0,15,2,0,1,0,0,0,0
"5x42",0,0,44,0,0,6,0,0,0,0
"34x14",1,1,5,0,0,1,0,0,0,0
"24x16",0,0,5,0,0,0,0,0,0,0
"43x25",0,0,3,1,0,0,0,0,0,0
"23x39",0,0,19,0,0,7,5,0,2,0
"25x31",0,1,236,2,0,20,27,0,39,0
"40x16",0,0,4,0,0,0,0,0,0,0
"34x43",0,0,5,1,0,0,0,0,1,0
"31x13",0,0,7,0,0,2,4,0,1,0
"29x41",0,4,366,0,0,16,18,0,2,0
"36x23",0,1,14,0,0,7,0,0,0,0
"14x17",1,0,2,0,0,0,0,0,0,0
"34x11",0,2,0,0,0,0,2,0,0,0
"43x43",0,1,6,1,0,5,0,0,0,0
"3x28",0,0,24,0,0,0,0,0,0,0
"43x41",0,0,7,0,0,0,0,0,0,0
"19x48",0,0,1,0,0,2,2,0,0,0
"45x20",0,0,6,1,0,0,0,0,0,0
"31x8",1,0,6,0,0,0,0,0,0,0
"27x23",0,1,12,0,0,1,0,0,1,0
"18x42",0,0,7,1,0,3,0,0,0,0
"43x17",0,0,2,0,0,0,0,0,0,0
"12x20",0,0,5,0,1,1,0,0,0,0
"20x43",0,0,3,0,0,2,0,0,0,0
"41x5",0,0,24,0,0,1,0,0,0,0
"3x38",0,0,26,0,0,4,0,0,0,0
"36x17",0,0,1,0,0,1,0,0,0,0
"47x47",0,0,2,1,1,0,0,0,0,0
"35x7",0,0,0,1,0,0,0,0,0,0
"33x21",0,0,5,0,0,4,0,0,0,0
"48x35",0,0,6,0,0,1,1,0,0,0
"34x44",0,0,0,0,0,0,0,0,0,0
"35x18",0,0,5,0,0,1,0,0,0,0
"21x29",0,0,316,0,1,30,28,0,4,0
"14x45",0,0,4,0,0,0,0,0,0,0
"8x29",0,0,3,0,0,0,0,0,0,0
"31x47",0,0,4,1,0,0,2,0,0,0
"38x32",0,0,17,0,0,3,0,0,1,0
"9x48",0,0,42,0,0,6,5,0,3,0
"31x11",0,0,8,0,0,2,0,0,0,0
"15x18",0,0,0,0,1,0,0,0,0,0
"42x21",0,0,1,0,0,0,0,0,0,0
"43x21",0,1,4,0,0,0,0,0,0,0
"17x31",0,0,42,0,0,0,1,0,0,0
"28x18",0,0,5,0,0,0,4,0,0,0
"4x19",1,0,7,0,0,0,0,0,0,0
"33x24",0,0,4,0,0,1,0,0,1,0
"40x21",0,0,7,0,0,3,0,0,0,0
"42x31",0,0,11,0,0,0,1,0,0,0
"24x31",0,0,369,1,0,35,9,0,4,0
"40x14",1,0,3,0,0,0,0,0,0,0
"29x49",1,0,11,0,0,2,0,0,1,0
"31x23",0,0,1,0,0,0,0,0,0,0
"37x43",0,0,3,0,0,0,0,0,0,0
"33x10",0,0,4,0,1,1,1,0,0,0
"42x25",0,0,0,0,0,0,0,0,0,0
"26x41",1,0,249,0,0,15,6,0,5,0
"31x22",0,0,4,0,0,0,0,0,0,0
"26x32",0,0,140,0,0,8,6,0,7,0
"32x40",0,1,109,2,0,17,6,0,2,0
"39x41",0,1,11,0,0,1,0,0,0,0
"40x15",0,0,3,0,0,1,1,0,0,0
"5x17",7,0,3,0,0,3,0,0,0,0
"21x16",0,0,4,0,0,2,1,0,0,0
"39x36",0,0,116,0,0,25,19,0,1,0
"18x44",0,0,13,0,0,1,0,0,0,0
"8x21",0,0,0,0,0,0,1,0,0,0
"40x12",0,0,7,0,0,2,0,0,0,0
"39x23",0,0,4,0,0,1,0,0,0,0
"38x5",1,0,11,0,0,0,0,0,0,0
"27x30",0,0,50,16,0,8,0,0,4,0
"37x11",0,0,5,0,0,2,0,0,0,0
"13x27",0,0,5,0,0,1,1,0,0,0
"15x19",0,0,5,0,0,0,0,0,0,0
"11x19",1,0,6,0,0,0,0,0,1,0
"39x20",0,0,16,0,0,6,1,0,0,0
"32x4",3,0,1,1,0,0,0,0,0,0
"46x3",1,0,43,1,0,3,0,0,0,0
"16x15",0,0,6,1,0,0,0,0,1,0
"13x49",0,0,2,0,0,0,0,0,0,0
"31x33",0,1,283,2,0,43,46,0,23,0
"40x26",0,0,1,0,0,0,0,0,0,0
"2x20",0,0,14,0,0,1,1,0,0,0
"27x15",1,0,8,1,0,0,1,0,0,0
"13x26",0,0,2,0,0,1,0,0,0,0
"35x33",0,0,237,1,0,35,3,0,3,0
"31x15",1,0,10,0,0,4,0,0,0,0
"38x27",0,0,4,0,0,0,1,0,0,0
"6x45",0,0,4,0,0,1,0,0,1,0
"47x40",0,0,8,1,0,1,0,0,0,0
"26x28",1,0,263,0,0,18,32,0,9,0
"21x12",0,0,3,0,0,0,0,0,0,0
"13x48",0,0,0,0,0,0,0,0,0,0
"39x40",0,0,6,1,0,3,0,0,0,0
"14x34",0,0,24,0,0,4,0,0,0,0
"36x24",1,0,5,0,0,1,3,0,0,0
"37x12",0,0,8,1,0,1,0,0,0,0
"40x42",1,0,10,0,0,1,0,0,0,0
"44x37",0,0,16,1,0,1,0,0,0,0
"31x35",0,0,160,2,0,20,0,0,3,0
"23x8",4,0,9,2,2,3,1,0,0,0
"47x33",0,0,13,0,0,0,0,0,0,0
"24x7",8,1,4,1,0,0,0,0,0,0
"27x13",0,0,9,0,0,0,2,0,0,0
"6x40",0,0,16,0,0,3,0,0,0,0
"5x40",0,0,10,0,0,0,2,0,0,0
"40x5",3,0,15,0,0,0,0,0,0,0
"23x30",1,0,221,4,2,40,4,0,1,0
"4x29",0,0,6,0,0,0,1,0,0,0
"13x16",1,0,2,0,0,1,0,0,0,0
"26x38",0,0,19,0,0,1,3,0,1,0
"43x28",0,0,10,0,0,0,0,0,0,0
"13x40",0,0,6,1,0,0,0,0,1,0
"18x45",0,0,11,0,0,1,3,0,1,0
"25x36",0,0,232,0,0,40,6,1,2,0
"38x16",0,0,3,0,0,1,0,0,0,0
"4x41",1,1,53,1,0,12,1,0,1,0
"27x12",1,0,10,0,1,3,0,0,0,0
"23x18",0,0,4,0,0,3,2,0,0,0
"38x29",1,0,12,0,0,4,3,0,0,0
"46x33",1,0,9,0,0,2,1,0,0,0
"25x44",0,0,9,0,0,0,1,0,0,0
"24x15",0,0,7,0,0,0,0,0,0,0
"14x13",2,0,3,0,0,0,0,0,0,0
"19x35",0,0,108,2,0,21,2,0,3,0
"34x33",1,2,276,2,0,53,6,0,10,0
"29x17",0,0,1,1,0,1,0,0,0,0
"23x6",1,1,5,0,0,0,2,0,0,0
"19x8",5,0,6,1,1,0,0,0,1,0
"28x20",0,0,37,0,1,9,1,0,0,0
"4x40",0,0,37,1,0,10,6,0,1,0
"34x26",0,0,3,0,0,2,0,0,0,0
"30x15",0,0,5,0,0,3,0,0,1,0
"30x38",0,0,26,0,0,2,1,0,1,0
"31x10",0,0,11,0,0,1,0,0,0,0
"42x32",0,0,8,0,0,0,0,0,1,0
"31x27",0,0,14,0,0,3,0,0,0,0
"18x35",0,0,187,1,0,14,1,0,0,0
"25x10",5,0,11,0,0,1,1,0,0,0
"14x42",1,0,2,0,0,1,1,0,0,0
"22x9",0,1,3,0,0,2,0,0,0,0
"21x24",0,0,7,0,0,1,0,0,0,0
"7x20",1,0,9,0,0,1,0,0,0,0
"14x14",3,0,7,1,0,0,0,0,0,0
"24x34",0,0,111,0,0,23,2,0,0,0
"4x38",0,0,3,0,0,0,1,0,0,0
"21x49",0,0,4,0,0,1,1,0,0,0
"5x34",0,0,12,0,0,2,0,0,0,0
"7x18",2,0,0,0,1,0,0,0,0,0
"26x42",0,1,227,1,0,35,5,0,2,0
"39x21",0,0,2,0,0,3,0,0,0,0
"45x2",1,0,14,1,0,2,0,0,0,5
"21x36",0,0,85,1,0,28,1,0,5,0
"39x22",0,0,4,0,0,0,0,0,1,0
"14x49",0,0,4,0,0,2,1,0,0,0
"36x18",0,0,0,0,0,2,0,0,0,0
"34x13",0,0,6,0,1,2,0,0,0,0
"19x15",0,0,8,0,0,1,1,0,0,0
"6x32",0,0,7,0,0,1,0,0,0,0
"47x4",0,1,19,0,0,0,0,0,0,0
"42x39",0,0,1,0,0,0,0,0,0,0
"29x30",0,0,85,2,0,8,25,0,4,0
"38x25",0,0,10,0,0,0,1,0,1,0
"10x48",0,0,37,0,0,9,0,0,2,0
"22x30",0,0,165,4,0,40,2,0,16,0
"5x27",0,0,6,0,0,0,0,0,0,0
"30x41",0,0,312,1,0,18,16,0,3,0
"17x34",0,1,292,1,0,28,5,0,1,1
"48x5",1,0,15,0,0,0,0,0,0,0
"42x6",0,2,2,0,0,0,0,0,0,0
"25x46",0,0,3,0,0,0,1,0,0,0
"18x40",0,0,22,1,0,5,0,0,0,0
"14x19",0,0,7,0,1,2,0,0,0,0
"36x38",0,0,22,0,0,1,0,0,0,0
"29x19",0,1,10,0,0,1,1,0,0,0
"33x20",0,0,6,0,0,1,0,0,0,0
"22x49",0,0,8,0,0,0,2,0,2,0
"19x49",0,0,8,0,0,2,2,0,1,0
"36x36",1,0,162,0,0,27,1,0,4,0
"23x16",0,0,3,0,0,0,0,0,0,0
"16x48",0,2,25,0,0,5,10,0,1,0
"37x32",0,0,50,1,0,4,1,0,0,0
"43x36",0,0,14,0,0,3,0,0,0,0
"25x17",0,1,8,1,0,1,0,0,0,0
"20x41",0,0,174,0,0,14,0,0,1,0
"25x21",0,0,12,0,0,0,0,1,0,0
"8x37",0,0,4,1,0,2,0,0,0,0
"40x36",1,0,24,0,0,6,9,0,0,0
"23x34",0,0,206,2,0,13,7,0,1,0
"19x32",0,1,172,1,0,5,2,0,2,0
"34x15",0,1,14,1,0,7,0,0,0,0
"20x46",0,0,3,0,0,0,0,0,0,0
"22x31",0,0,467,1,0,47,1,0,0,0
"31x49",0,0,8,0,0,5,0,0,1,0
"36x5",1,1,11,0,0,4,0,0,0,0
"31x41",0,0,437,1,2,25,8,0,9,0
"20x33",0,1,147,3,0,49,3,0,5,0
"33x41",0,1,522,1,0,25,4,0,4,0
"14x35",0,0,12,0,0,1,0,0,0,0
"5x36",0,0,9,0,0,2,0,0,0,0
"8x43",0,0,10,0,0,0,1,0,1,0
"40x11",0,0,3,0,0,1,0,0,0,0
"48x9",0,0,3,0,0,0,0,0,0,0
"33x30",0,1,36,1,0,1,2,0,0,0
"18x32",0,0,144,1,0,23,3,0,3,0
"10x45",0,0,12,0,0,1,0,0,0,0
"27x41",0,2,294,0,0,18,3,0,1,0
"5x33",0,0,12,0,0,7,0,0,1,0
"29x21",0,0,7,0,0,1,2,0,0,0
"28x8",3,0,6,0,1,0,0,0,0,0
"32x9",0,2,3,0,0,0,0,0,0,0
"31x45",0,0,3,0,0,1,0,0,0,0
"46x41",0,0,17,0,0,2,1,0,0,0
"20x8",1,0,2,0,0,0,1,0,0,0
"23x11",0,0,14,0,0,2,0,0,0,0
"2x19",0,0,8,1,0,2,0,0,1,0
"45x45",0,0,0,0,0,0,0,0,0,0
"43x14",0,0,5,0,0,0,0,0,0,0
"31x9",0,1,9,0,0,1,0,0,0,0
"6x36",0,0,8,0,0,2,0,0,0,0
"5x24",0,0,0,0,0,1,0,0,0,0
"3x35",0,0,13,0,0,1,0,0,0,0
"31x12",1,0,4,0,0,1,0,0,0,0
"23x28",1,0,647,2,0,31,4,0,4,0
"6x39",1,0,17,0,0,5,3,0,1,0
"28x27",0,0,27,0,0,6,2,0,1,0
"28x31",0,0,347,1,0,15,8,0,10,0
"16x35",0,0,213,0,0,36,6,0,5,0
"37x24",0,0,4,2,0,3,0,0,0,0
"14x37",0,0,19,0,0,2,0,0,0,0
"48x34",0,0,11,0,0,4,0,0,0,0
"20x36",0,0,135,2,0,24,7,0,3,0
"44x25",0,0,1,0,0,1,0,0,0,0
"33x5",3,2,16,1,1,1,0,0,2,0
"40x38",0,0,51,0,0,6,0,0,0,0
"42x29",0,1,3,0,0,1,0,0,0,0
"38x39",0,0,20,0,0,4,2,0,2,0
"37x26",0,0,6,0,0,4,0,0,0,0
"30x34",0,0,235,1,1,37,8,0,14,0
"30x45",0,0,4,0,0,1,0,0,1,0
"44x20",0,0,3,0,1,1,0,0,0,0
"43x11",1,0,4,0,0,4,0,0,0,0
"15x44",0,1,6,1,0,2,0,0,0,0
"36x19",0,0,2,0,0,0,0,0,0,0
"41x2",1,0,1,0,1,1,0,0,0,1
"26x18",0,0,3,0,0,2,1,0,0,0
"25x11",0,1,12,0,0,2,0,0,0,0
"8x47",0,0,57,1,0,5,0,0,2,0
"17x19",2,0,6,0,0,0,0,0,0,0
"31x48",0,0,2,0,0,0,1,0,0,0
"27x16",0,0,5,0,0,2,0,0,0,0
"26x33",0,1,281,1,1,27,19,0,13,0
"36x39",0,0,35,0,0,14,6,0,2,0
"11x36",0,0,11,0,0,2,0,0,0,0
"40x39",0,0,14,0,0,16,0,0,0,0
"7x46",0,0,1,0,0,0,0,0,0,0
"9x44",0,0,9,0,0,2,0,0,0,0
"45x42",0,0,5,1,0,2,0,0,0,0
"36x31",0,0,15,0,0,2,0,0,0,0
"27x35",0,0,107,1,0,19,9,0,4,0
"45x33",0,1,8,0,0,5,0,0,1,0
"22x42",0,0,184,0,0,28,7,0,1,0
"32x19",0,0,4,0,0,2,0,0,0,0
"31x40",0,1,177,0,0,14,8,0,4,0
"31x28",0,0,78,0,0,9,0,0,0,0
"29x24",0,0,68,1,0,11,14,0,7,0
"26x25",0,0,0,0,0,0,0,0,0,0
"46x4",1,0,18,0,0,1,0,0,0,0
"42x5",0,0,38,0,0,3,0,0,0,0
"32x44",0,0,0,0,0,0,0,0,0,0
"10x37",1,0,6,0,0,1,1,0,0,0
"41x28",0,0,10,0,0,0,0,0,0,0
"4x39",0,0,3,0,0,0,1,0,0,0
"20x17",0,0,3,0,0,0,0,0,0,0
"31x7",0,0,1,2,0,0,0,0,0,0
"30x21",0,0,16,0,0,0,1,0,0,0
"20x24",0,0,8,1,0,1,2,0,0,0
"32x8",1,1,3,6,1,1,1,0,0,0
"13x18",0,0,2,0,0,1,0,0,0,0
"38x43",1,0,6,1,0,0,0,0,0,0
"33x47",0,0,0,0,0,1,0,0,1,0
"24x28",0,0,527,0,0,36,4,0,9,0
"26x8",1,0,3,3,1,0,2,0,0,0
"37x2",1,0,1,0,1,0,2,0,0,1
"29x13",0,0,9,0,0,0,0,0,0,0
"15x48",0,1,17,2,0,6,5,0,1,0
"35x24",0,0,9,0,0,0,0,0,0,0
"41x37",0,0,38,0,0,4,0,0,2,0
"44x15",0,0,5,0,0,0,0,0,0,0
"34x25",0,1,16,0,0,11,0,0,0,0
"41x11",0,0,5,0,0,0,0,0,0,0
"27x44",0,0,2,1,0,2,4,0,0,0
"33x16",0,0,1,0,0,0,1,0,0,0
"9x15",0,0,5,0,0,2,1,0,0,0
"20x44",0,0,2,0,0,1,0,0,0,0
"31x36",0,0,169,0,0,13,4,0,0,0
"37x25",0,0,26,0,0,17,2,0,0,0
"41x33",0,0,6,0,0,3,0,0,1,0
"28x22",0,0,5,0,0,0,0,0,0,0
"39x10",0,0,3,0,0,0,0,0,0,0
"39x43",0,0,1,0,0,0,0,0,0,0
"43x29",0,0,6,0,1,0,0,0,0,0
"17x33",1,1,247,2,0,49,17,1,3,0
"11x31",0,0,12,0,0,4,1,0,1,0
"18x13",0,0,7,0,0,3,0,0,0,0
"32x21",0,1,6,0,0,0,4,0,7,0
"9x16",4,1,0,0,0,1,0,0,0,0
"33x14",0,0,3,0,0,0,0,0,0,0
"4x33",0,0,12,0,0,6,1,0,2,0
"8x46",0,0,31,0,0,5,3,0,1,0
"41x20",0,0,6,0,0,0,1,0,0,0
"17x18",0,0,4,1,0,1,0,0,0,0
"44x19",0,0,12,0,0,2,2,0,1,0
"46x7",1,0,3,2,0,0,0,0,0,0
"28x30",0,0,85,0,0,15,4,0,2,0
"23x19",0,0,7,0,0,0,0,0,0,0
"31x26",0,0,6,0,0,0,0,0,0,0
"27x17",0,2,0,0,0,0,1,0,0,0
"19x30",1,1,273,8,0,17,12,0,5,0
"39x29",0,0,7,0,0,1,0,0,1,0
"8x36",0,0,4,0,0,0,0,0,0,0
"12x19",1,0,1,0,1,3,0,0,1,0
"35x11",0,0,6,0,0,1,0,0,0,0
"6x30",0,0,5,0,0,0,0,0,1,0
"34x42",2,0,13,0,0,4,1,0,0,0
"42x13",0,1,3,1,0,1,0,0,0,0
"34x28",0,0,49,0,0,3,0,0,2,0
"25x33",1,0,170,15,0,31,5,1,33,0
"45x21",0,0,4,0,0,1,0,0,0,0
"4x30",0,0,7,0,0,0,0,0,0,0
"15x46",0,0,1,0,0,1,0,0,0,0
"4x32",0,0,8,0,0,2,1,0,0,0
"45x23",0,1,1,0,0,0,0,0,0,0
"29x12",0,0,1,0,0,1,0,0,1,0
"16x30",0,0,10,0,0,1,1,0,0,0
"42x33",0,1,13,0,0,3,1,0,1,0
"21x45",0,0,3,0,0,0,0,0,0,0
"42x36",0,0,34,0,0,3,0,0,0,0
"7x16",1,1,2,0,0,0,0,0,0,0
"4x35",1,0,29,1,0,7,1,0,1,0
"10x30",0,0,8,0,0,0,0,0,2,0
"29x26",0,1,8,0,0,1,0,0,0,0
"13x42",0,0,4,0,0,0,0,0,0,0
"49x12",0,0,6,0,0,1,0,0,0,0
"30x47",0,0,3,0,0,0,0,0,0,0
"10x28",1,0,18,1,0,0,0,0,0,0
"36x7",0,2,5,2,0,1,1,0,0,0
"29x47",0,0,9,0,0,3,0,0,0,0
"38x38",0,0,193,0,0,18,2,0,3,0
"32x36",0,0,146,0,0,17,0,0,3,0
"42x2",0,0,3,0,0,2,0,0,0,1
"16x27",0,0,7,1,0,1,0,0,0,0
"44x32",0,0,6,0,0,1,0,0,0,0
"13x46",0,0,5,0,0,1,2,0,0,0
"41x43",0,0,6,0,0,2,0,0,0,0
"18x14",0,0,6,1,0,1,0,0,0,0
"16x18",0,0,4,0,0,2,0,0,0,0
"8x38",0,0,7,0,0,0,0,0,0,0
"7x26",0,0,1,0,0,1,0,0,0,0
"39x17",0,0,1,0,0,1,0,0,0,0
"45x41",0,1,10,0,0,11,0,0,0,0
"21x32",1,0,184,1,0,33,4,0,1,0
"17x38",1,1,225,1,0,18,1,0,2,0
"48x39",0,0,5,0,0,1,0,0,0,0
"36x11",0,0,8,0,0,0,0,0,0,0
"45x40",0,0,9,0,0,1,0,0,0,0
"23x27",0,0,220,1,0,30,42,0,2,0
"36x8",0,0,5,2,0,0,0,0,0,0
"27x22",1,0,2,0,0,1,0,0,0,0
"8x41",0,0,21,0,0,2,1,0,1,0
"39x31",0,0,9,0,0,2,0,0,0,0
"39x25",0,0,7,0,0,1,0,0,0,0
"18x9",2,1,1,0,1,0,0,0,0,0
"16x26",0,0,2,0,0,0,1,0,0,0
"32x18",0,0,8,0,0,0,0,0,1,0
"29x32",0,2,119,0,0,22,4,0,3,0
"40x30",0,0,6,0,0,1,1,0,0,0
"26x36",1,0,208,0,0,21,5,0,1,0
"21x40",0,0,63,1,0,5,2,0,1,0
"35x36",0,0,325,1,0,49,2,0,1,0
"4x24",0,0,1,0,0,0,0,0,0,0
"27x8",2,0,3,0,0,1,1,0,0,0
"14x40",0,0,2,0,0,2,0,0,0,0
"45x4",1,4,18,1,0,0,0,0,0,0
"47x9",0,0,2,0,0,0,0,0,0,0
"37x3",4,0,6,0,0,0,0,0,0,0
"21x14",0,0,7,0,0,1,1,0,0,0
"17x15",3,1,27,1,0,1,0,0,1,0
"23x43",0,0,61,0,0,8,0,0,0,0
"44x18",0,0,2,0,1,6,0,0,0,0
"12x44",0,0,1,0,0,0,0,0,0,0
"38x21",0,0,9,0,0,1,0,0,0,0
"17x26",0,0,10,1,0,1,0,0,0,0
"28x16",0,1,6,0,0,0,0,0,0,0
"5x19",2,1,11,0,0,1,2,0,0,0
"36x3",4,0,0,0,1,1,2,0,0,0
"29x29",0,0,16,0,0,9,3,0,1,0
"30x43",0,0,22,0,0,0,0,0,1,0
"30x20",0,0,1,0,0,0,1,0,1,0
"34x24",1,0,13,0,0,2,0,0,2,0
"29x18",0,1,2,0,0,1,1,0,0,0
"32x20",0,0,4,1,0,0,0,0,0,0
"8x39",0,0,4,0,0,0,1,0,0,0
"19x38",0,0,84,0,0,11,3,0,1,0
"29x34",1,3,224,3,0,25,15,0,0,0
"12x18",0,0,1,0,0,2,0,0,0,0
"29x43",0,1,12,0,0,6,2,0,24,0
"3x33",1,0,9,1,0,3,0,1,0,0
"29x39",0,2,16,0,0,4,2,0,0,0
"40x34",1,0,17,0,0,3,6,0,0,0
"21x46",0,0,3,0,0,1,0,1,0,0
"29x36",0,0,238,0,0,20,2,0,1,0
"39x7",1,0,10,1,0,0,0,0,0,0
"36x20",0,0,4,0,0,4,0,0,0,0
"44x36",0,0,9,0,0,1,0,0,1,0
"37x30",0,0,10,0,0,3,1,0,1,0
"39x30",0,0,4,0,0,1,1,0,0,0
"15x32",0,0,8,0,0,2,1,0,1,0
"33x42",0,0,19,0,0,1,0,0,0,0
"15x31",0,0,21,0,0,2,1,0,0,0
"29x15",0,0,5,0,0,1,0,0,0,0
"42x11",0,1,4,1,0,3,1,1,0,0
"2x40",0,0,26,6,0,1,0,0,0,0
"27x39",0,0,37,0,0,11,5,0,1,0
"36x43",0,0,11,0,0,1,1,0,0,0
"7x27",0,0,3,0,0,0,0,0,0,0
"30x40",0,0,217,0,0,22,16,0,5,0
"12x31",0,0,29,0,0,1,0,0,0,0
"34x48",0,0,4,0,0,0,1,0,0,0
"28x44",0,0,5,0,0,1,0,0,0,0
"28x17",0,0,2,0,0,0,0,0,0,0
"44x3",2,0,20,0,0,2,0,0,0,0
"23x32",1,0,225,0,1,19,16,0,15,0
"13x39",0,0,7,0,0,0,0,0,0,0
"10x31",0,0,10,0,0,3,0,0,0,0
"41x36",0,0,19,0,0,2,1,0,0,0
"10x42",0,0,6,1,0,0,0,0,0,0
"18x48",0,0,4,0,0,1,0,0,0,0
"11x41",0,0,20,0,0,2,0,0,0,0
"2x29",4,1,14,0,0,0,1,1,1,0
"4x22",0,0,5,1,0,2,0,0,1,0
"8x49",0,0,9,0,0,1,0,0,1,0
"16x16",1,0,3,0,0,0,0,0,0,0
"20x45",0,0,3,0,0,1,0,0,0,0
"46x17",0,0,1,0,1,0,1,0,0,0
"8x27",0,0,3,0,0,2,0,0,0,0
"19x25",0,0,3,0,0,0,0,0,1,0
"35x6",0,0,3,0,0,3,0,0,0,0
"34x7",0,5,7,0,1,2,2,0,0,0
"18x46",0,0,2,0,0,1,1,0,0,0
"13x29",0,0,3,0,0,1,1,0,0,0
"29x42",1,1,192,1,0,17,0,0,3,0
"19x36",0,1,450,1,0,67,9,0,8,0
"23x45",0,0,6,0,0,0,3,0,0,0
"14x12",7,0,2,0,4,0,0,0,0,0
"36x9",1,0,6,1,0,0,1,0,0,0
"8x35",0,0,9,2,0,2,0,0,0,0
"16x46",0,1,1,0,0,1,1,0,0,0
"7x36",0,0,10,0,0,1,0,0,0,0
"8x18",0,0,0,0,0,1,0,0,0,0
"31x44",0,0,1,0,0,0,0,0,0,0
"19x37",0,1,198,0,0,27,21,0,1,0
"17x41",0,0,48,0,0,4,0,0,0,0
"42x40",0,0,6,1,0,0,0,0,0,0
"8x48",0,0,33,1,0,5,0,0,0,0
"38x41",0,0,28,0,0,4,0,0,1,0
"32x41",0,0,291,2,0,22,4,0,2,0
"2x37",0,0,16,0,0,2,1,0,0,0
"16x29",0,0,17,0,0,3,0,0,0,0
"30x6",1,0,8,0,0,0,0,0,0,0
"30x9",0,0,1,0,0,0,3,0,0,0
"36x35",0,0,174,0,0,27,4,0,3,0
"22x35",0,0,90,1,0,3,14,0,1,0
"23x22",0,0,8,0,0,0,0,0,0,0
"34x30",0,0,18,3,0,7,4,0,0,0
"38x26",0,1,2,0,0,3,1,0,0,0
"12x36",0,0,8,0,0,0,0,0,0,0
"17x35",0,0,233,2,0,20,6,0,3,0
"25x12",0,0,16,0,0,3,0,0,0,0
"17x43",0,1,8,2,0,0,0,0,2,0
"38x19",0,0,6,0,0,1,1,0,0,0
"16x17",0,0,0,0,0,0,0,0,0,0
"40x24",0,0,10,0,0,4,0,0,0,0
"38x40",0,0,18,1,0,12,1,0,1,0
"42x17",0,0,0,0,0,0,0,0,0,0
"42x10",0,0,4,0,0,1,0,0,0,0
"40x25",0,0,5,0,0,0,0,0,0,0
"32x46",0,0,3,1,0,1,0,0,0,0
"47x46",0,0,1,0,0,0,0,0,0,0
"15x41",0,1,16,0,0,2,2,0,1,0
"38x28",0,0,19,0,0,3,0,0,0,0
"2x18",2,0,4,0,0,1,0,0,0,0
"3x17",0,0,0,0,0,0,0,0,0,0
"28x40",0,0,224,3,0,15,10,0,7,0
"10x14",2,0,9,0,1,0,0,0,0,0
"42x24",0,0,12,0,0,7,1,0,0,0
"28x13",0,0,7,0,0,2,0,0,1,0
"47x2",1,1,14,1,0,1,0,0,1,2
"25x28",0,1,485,10,0,49,5,1,4,0
"38x34",1,0,112,0,0,10,9,0,1,0
"12x28",0,0,13,1,0,1,1,0,0,0
"8x28",0,0,12,0,1,0,0,0,0,0
"10x47",0,1,14,0,0,2,5,0,0,0
"14x48",0,0,11,0,0,3,1,0,0,0
"33x26",0,0,6,0,0,10,0,0,0,0
"25x23",0,0,10,0,0,0,0,6,0,0
"25x34",0,0,223,2,0,37,7,0,7,0
"20x29",0,0,227,0,1,22,8,0,5,0
"49x7",0,3,8,10,1,1,0,0,0,0
"31x29",0,2,43,1,0,6,2,0,0,0
"24x42",0,1,144,0,0,24,4,0,4,0
"30x35",0,0,133,0,0,10,1,0,0,0
"20x13",0,0,8,0,0,2,0,0,0,0
"47x41",0,0,8,0,0,1,7,0,0,0
"4x42",0,0,46,0,0,8,1,0,0,0
"11x39",0,0,12,0,0,4,1,0,1,0
"49x2",0,1,33,1,0,7,1,0,0,1
"10x17",1,0,4,2,0,0,1,0,0,0
"42x38",0,1,21,0,0,9,0,0,0,0
"42x26",0,0,0,1,0,0,0,0,0,0
"32x12",0,0,4,0,0,1,0,0,0,0
"30x27",0,0,41,0,0,5,0,0,0,0
"43x40",0,0,3,1,0,1,2,0,0,0
"42x16",0,0,1,0,0,1,0,0,0,0
"29x31",1,2,308,2,0,28,11,0,2,0
"36x22",0,0,3,0,1,0,0,0,0,0
"36x14",0,0,5,2,0,2,0,0,1,0
"34x21",0,1,6,0,0,2,0,0,0,0
"10x16",1,0,10,0,0,0,1,0,0,0
"26x16",0,0,6,1,0,0,1,0,0,0
"21x37",0,0,33,2,0,7,0,0,3,0
"3x39",0,0,2,0,0,0,0,0,0,0
"2x26",0,0,4,1,0,1,0,0,0,0
"23x46",0,0,1,0,1,0,0,0,0,0
"15x30",0,0,8,1,0,0,1,0,1,0
"34x29",0,0,21,0,0,14,0,0,0,0
"16x11",3,0,9,0,0,2,1,0,0,0
"13x28",0,0,5,0,0,1,0,0,0,0
"9x20",0,0,24,0,0,3,10,0,2,0
"22x33",0,0,69,2,0,12,10,0,2,0
"38x22",0,0,9,0,0,1,0,0,0,0
"17x10",4,1,6,0,0,1,0,0,0,0
"44x34",0,0,8,0,0,1,0,0,0,0
"35x38",0,0,14,0,0,0,2,0,0,0
"34x34",0,1,231,1,0,22,1,0,1,0
"30x26",0,0,2,0,0,0,2,0,2,0
"33x29",1,0,26,1,0,12,5,0,2,0
"20x18",1,0,1,0,0,0,0,0,0,0
"3x41",1,0,10,1,0,1,0,0,0,0
"8x45",0,0,57,0,0,2,2,0,3,0
"34x41",0,2,136,0,0,10,24,0,9,0
"45x34",0,1,4,0,0,0,1,0,0,0
"41x23",0,0,2,0,0,0,0,0,0,0
"30x44",0,0,2,0,0,0,0,0,0,0
"31x5",0,0,15,0,0,2,0,0,2,0
"5x28",0,0,22,0,0,3,0,0,0,0
"35x14",1,0,4,0,0,1,0,0,0,0
"36x21",0,0,14,0,0,1,0,0,0,0
"30x18",0,0,3,0,0,1,0,0,0,0
"16x12",1,0,3,0,1,0,0,0,0,0
"35x8",2,0,2,0,0,0,1,1,0,0
"37x37",0,0,203,0,0,26,4,0,1,0
"24x29",0,1,247,0,0,49,22,0,4,0
"47x49",4,1,47,3,1,21,7,0,4,0
"25x15",1,1,5,3,0,1,1,0,0,0
"13x30",0,0,3,0,0,0,0,0,1,0
"3x19",1,1,5,0,1,0,0,1,0,0
"18x49",1,0,6,0,0,1,0,0,2,0
"37x4",5,1,8,0,0,1,0,0,1,0
"32x26",0,0,3,0,0,0,1,1,0,0
"24x41",0,0,316,0,0,31,3,0,2,0
"44x6",0,0,3,0,0,0,0,0,0,0
"20x35",1,0,132,1,0,9,8,0,6,0
"6x17",1,1,4,2,0,2,0,0,1,0
"32x31",1,0,168,0,0,17,24,0,3,0
"8x19",0,0,4,0,0,1,0,0,1,0
"27x43",0,0,105,0,0,7,1,0,2,0
"32x33",0,0,168,2,0,37,21,0,31,0
"44x5",1,0,37,0,0,0,0,0,0,0
"48x3",0,0,39,0,0,1,0,0,0,0
"28x34",0,1,430,1,0,27,19,0,5,0
"18x16",0,0,8,0,0,0,0,0,0,0
"32x17",2,0,0,0,0,0,0,0,0,0
"15x15",1,0,3,1,0,2,0,0,0,0
"23x42",0,0,132,0,0,15,1,0,1,0
"23x13",0,0,5,0,0,1,2,0,0,0
"39x32",0,0,9,0,0,0,0,0,0,0
"43x38",0,0,8,0,0,1,0,0,0,0
"28x42",0,1,203,0,0,24,4,0,2,0
"45x18",0,0,0,0,0,1,0,0,0,0
"35x25",0,0,4,0,0,0,0,0,0,0
"9x42",0,0,32,0,0,4,0,0,0,0
"30x7",0,0,6,0,0,0,0,0,0,0
"34x5",1,3,8,0,1,2,0,0,0,0
"14x38",0,0,12,0,0,1,4,0,1,0
"3x21",0,0,1,0,0,3,0,0,0,0
"21x31",0,0,406,0,0,55,5,0,2,0
"8x44",0,0,4,0,0,0,0,0,0,0
"32x13",1,0,3,0,0,2,0,0,0,0
"49x5",0,1,35,0,1,3,3,0,1,0
"4x34",0,0,29,0,0,1,0,0,1,0
"43x15",0,0,2,1,0,2,0,0,0,0
"36x16",0,0,3,0,0,0,0,0,0,0
"6x24",0,0,2,0,0,0,0,0,0,0
"43x24",0,0,2,0,0,0,0,0,0,0
"12x42",0,0,4,0,0,2,1,0,0,0
"39x16",0,0,2,0,0,0,0,0,0,0
"10x38",0,0,12,1,0,3,1,0,0,0
"7x30",0,0,20,1,0,0,1,0,1,0
"12x16",0,0,1,0,1,0,0,0,0,0
"36x6",0,0,4,0,0,0,1,0,1,0
"3x18",4,0,1,0,1,0,0,0,0,0
"32x30",0,0,27,1,0,6,1,1,1,0
"11x44",0,0,9,0,0,0,0,0,0,0
"5x37",0,0,6,0,0,5,2,0,0,0
"43x18",0,0,4,1,0,3,0,0,0,0
"47x35",0,0,4,0,0,0,0,0,0,0
"24x23",0,0,13,1,0,5,0,0,0,0
"19x13",1,0,4,1,0,2,0,0,1,1
"44x2",0,1,5,0,2,0,1,0,0,0
"30x33",0,0,307,0,0,45,19,0,3,0
"23x10",0,1,13,0,0,1,0,0,1,0
"7x24",0,0,1,0,0,0,0,0,0,0
"22x24",0,0,5,1,0,1,1,0,2,0
"12x39",0,0,24,0,0,2,2,0,0,0
"9x31",0,0,15,0,0,1,1,0,0,0
"40x2",2,0,5,0,0,0,0,0,0,0
"24x6",1,0,7,0,0,0,2,0,0,0
"7x40",0,0,17,0,0,5,1,0,2,0
"33x19",0,0,2,0,0,0,0,0,0,0
"22x14",0,0,5,0,0,0,1,0,0,0
"24x9",0,0,9,0,0,1,0,0,0,0
"14x36",0,0,13,0,0,2,0,0,0,0
"29x23",0,0,10,0,0,0,0,0,2,0
"43x42",0,0,5,1,0,0,0,0,0,0
"30x29",0,0,64,1,0,11,3,0,1,0
"13x15",7,0,7,1,0,1,0,0,0,0
"22x48",0,0,0,0,0,0,0,0,0,0
"26x37",0,0,30,2,0,4,3,0,0,0
"23x48",0,0,3,0,0,0,4,0,0,0
"23x26",0,0,20,1,0,4,3,0,0,0
"15x16",0,0,0,1,0,2,1,0,0,0
"37x31",0,0,47,0,0,4,1,0,1,0
"32x32",0,0,52,2,0,6,4,0,2,0
"2x22",2,0,3,0,0,1,0,0,1,0
"30x12",1,0,4,0,0,0,0,0,0,0
"46x18",0,0,0,0,0,0,0,0,0,0
"27x10",1,0,6,0,0,0,0,0,0,0
"7x45",0,0,51,1,0,2,0,0,2,0
"39x27",0,0,4,0,0,1,0,0,0,0
"35x12",0,0,7,1,0,2,0,0,1,0
"40x32",0,0,7,0,0,0,3,0,2,0
"37x23",0,0,10,0,0,7,0,0,0,0
"39x39",0,0,14,0,0,6,1,0,3,0
"37x36",0,0,301,0,0,29,9,0,1,0
"29x8",0,1,5,4,0,0,0,0,0,0
"13x13",0,0,11,0,0,1,0,0,0,0
"18x29",0,0,11,0,0,3,0,0,0,0
"17x11",2,2,18,0,0,2,0,0,0,0
"34x9",0,1,4,0,1,1,3,0,0,0
"30x8",1,0,3,0,0,1,0,0,1,0
"21x27",0,0,22,0,0,1,2,0,0,0
"24x36",0,0,91,0,0,18,1,0,1,0
"7x17",2,0,1,0,0,1,0,0,0,0
"40x10",0,0,7,0,0,1,0,0,0,0
"37x18",0,0,5,0,0,1,0,0,0,0
"26x27",0,0,10,0,0,0,2,0,1,0
"7x22",0,0,2,0,0,0,0,0,0,0
"28x21",0,0,6,0,0,4,0,0,0,0
"27x37",0,0,52,0,0,4,2,0,0,0
"40x9",0,0,2,1,0,1,0,0,0,0
"24x37",0,0,104,3,0,13,4,0,1,0
"12x32",0,0,15,1,1,0,2,0,0,0
"5x25",0,0,5,1,0,5,0,0,0,0
"43x3",3,0,11,1,0,0,0,0,0,0
"49x8",2,0,17,7,0,3,1,0,2,0
"37x29",1,0,8,0,0,4,2,0,2,0
"23x47",0,0,0,0,0,0,1,0,0,0
"12x17",3,0,0,0,0,0,0,0,0,0
"19x43",0,0,2,0,0,1,0,0,0,0
"36x30",0,1,15,0,0,7,1,0,0,0
"11x28",0,0,21,1,0,2,1,0,0,0
"40x3",1,0,11,0,0,0,0,1,0,0
"10x39",0,0,8,0,0,1,0,0,0,0
"12x26",0,0,7,0,0,0,0,0,0,0
"33x43",0,0,7,0,0,0,0,0,1,0
"43x13",0,0,2,1,0,0,0,0,0,0
"21x9",3,0,3,1,0,1,1,0,0,0
"24x11",0,1,9,0,0,1,0,0,0,0
"15x13",0,0,10,0,0,1,0,0,0,0
"35x4",2,0,1,1,0,2,0,0,0,0
"29x5",1,0,5,0,0,1,0,0,0,0
"21x48",0,0,11,0,0,2,1,0,0,0
"9x41",0,0,11,0,0,0,0,0,0,0
"39x6",0,0,13,0,0,2,0,0,0,0
"41x19",0,0,6,0,0,0,1,0,0,0
"29x9",0,4,5,1,1,2,0,0,0,0
"25x29",0,0,243,5,1,26,10,0,1,0
"27x38",0,0,58,0,0,13,2,0,1,0
"25x13",0,0,11,0,0,4,1,0,1,0
"16x32",0,1,29,0,0,1,0,0,0,0
"30x22",0,0,4,0,0,1,0,0,0,0
"5x20",1,0,12,0,0,4,1,0,2,0
"35x43",0,0,9,0,0,1,1,0,0,0
"35x3",1,0,4,0,2,0,0,0,0,0
"18x47",0,0,3,0,0,0,0,0,11,0
"35x41",0,1,54,0,0,6,2,0,0,0
"29x38",0,3,88,0,0,14,0,0,1,0
"34x18",0,0,4,0,1,0,1,0,1,0
"46x9",0,0,3,0,0,0,0,0,0,0
"20x47",0,0,14,0,0,2,1,0,0,0
"32x15",0,0,7,2,0,3,1,0,0,0
"37x38",0,0,108,0,0,13,12,0,0,0
"15x12",2,0,4,1,0,0,1,0,1,0
"25x14",0,2,7,1,0,3,1,0,0,0
"13x47",0,0,2,0,0,0,0,0,0,0
"45x46",0,0,1,0,0,1,0,0,0,0
"25x37",0,0,26,4,0,11,2,0,1,0
"25x39",0,1,65,1,0,13,4,0,1,0
"17x45",0,0,2,2,0,0,0,0,0,0
"12x41",0,0,18,0,0,1,0,0,0,0
"22x29",0,1,124,0,0,27,23,0,1,0
"41x41",0,0,6,0,0,0,1,0,0,0
"19x14",1,0,2,0,0,1,1,0,1,0
"30x42",0,0,34,0,0,2,0,0,2,0
"32x42",0,0,8,0,0,2,0,0,0,0
"46x35",0,0,8,0,0,1,1,0,0,0
"6x20",0,0,20,0,0,1,0,0,0,0
"21x13",0,0,15,0,0,2,2,1,0,0
"39x3",1,0,4,0,0,1,0,0,0,0
"30x5",0,0,5,0,0,0,0,0,0,0
"28x10",0,0,8,0,0,0,1,0,0,0
"36x2",0,0,5,0,1,1,1,0,0,2
"34x49",1,0,22,3,1,1,0,0,0,0
"6x27",0,0,6,0,0,2,1,0,0,0
"24x13",0,0,5,0,0,0,0,0,0,0
"16x36",0,0,454,0,0,55,6,0,13,0
"48x12",0,0,0,0,0,0,0,0,0,0
"47x10",0,0,3,0,0,0,0,0,0,0
"42x19",0,0,4,0,0,0,0,0,0,0
"46x45",0,0,0,0,0,0,0,0,0,0
"49x10",2,0,11,0,0,1,0,0,0,0
"38x2",0,0,28,0,0,1,0,0,2,2
"9x29",0,1,4,0,0,1,0,0,0,0
"9x47",0,0,41,0,0,6,4,0,2,0
"41x16",0,0,0,0,0,1,0,0,0,0
"33x33",0,3,226,0,0,38,8,0,6,0
"32x39",0,0,3,0,0,0,0,0,0,0
"30x31",0,0,318,0,0,22,22,0,4,0
"41x32",0,0,4,0,0,0,0,0,0,0
"45x39",0,0,9,1,0,3,0,0,0,0
"5x30",0,0,9,0,0,0,1,0,0,0
"20x42",0,0,14,0,0,1,0,0,0,0
"13x19",0,0,2,0,0,1,0,1,0,0
"7x42",0,0,17,0,0,0,0,0,0,0
"48x7",0,0,3,0,0,0,0,0,0,0
"43x35",0,0,10,0,0,4,1,0,0,0
"44x22",0,0,2,0,0,1,0,0,0,0
"27x18",0,0,8,0,0,3,0,0,0,0
"9x38",1,0,11,0,0,0,2,0,0,0
"41x25",0,0,7,0,0,0,0,0,0,0
"19x34",0,2,256,0,0,13,26,0,5,0
"3x27",0,1,7,0,0,0,0,0,0,0
"45x22",0,0,3,0,0,0,0,0,0,0
"4x27",0,0,8,0,0,0,1,0,0,0
"30x17",1,0,6,0,1,2,0,0,0,0
"33x36",0,0,331,1,0,32,2,0,0,0
"15x45",0,0,0,0,0,4,0,0,0,0
"19x39",0,2,77,1,0,17,4,0,4,0
"22x40",0,1,94,0,0,12,1,0,2,0
"13x14",3,0,6,0,0,2,0,0,0,0
"15x35",0,0,123,0,0,10,3,1,2,0
"24x40",0,1,105,1,0,18,4,0,4,0
"32x16",1,0,5,1,0,1,0,0,0,0
"22x17",1,0,0,1,0,0,0,0,0,0
"35x42",0,0,10,0,0,2,0,0,0,0
"6x18",2,0,2,1,0,1,0,0,0,0
"29x7",1,7,4,2,0,0,0,0,0,0
"38x15",0,0,13,0,0,2,0,0,0,0
"33x31",0,0,81,0,0,4,10,0,1,0
"42x42",1,2,4,1,0,2,0,0,0,0
"2x21",2,3,3,0,0,1,1,0,0,0
"28x35",0,0,119,3,0,20,7,0,4,0
"15x26",0,0,4,0,0,1,0,0,0,0
"45x5",1,2,20,1,0,2,1,0,0,0
"28x43",0,0,61,0,0,9,1,0,1,0
"6x28",0,0,34,1,0,0,1,0,0,0
"39x12",0,0,1,0,0,0,0,0,0,0
"5x23",1,0,8,0,0,0,1,0,0,0
"13x38",0,0,12,0,0,0,4,0,0,0
"22x47",0,0,0,0,0,0,0,0,0,0
"37x39",0,0,32,0,0,7,4,0,3,0
"12x29",0,0,3,0,0,0,0,0,0,0
"35x31",0,0,29,1,0,2,2,0,0,0
"40x27",0,0,1,0,0,1,0,0,0,0
"23x41",0,0,168,0,0,14,3,0,2,0
"35x9",0,0,1,0,0,0,0,0,0,0
"36x42",0,1,15,0,0,2,0,0,0,0
"34x6",2,7,8,0,1,0,0,0,0,0
"44x17",0,0,1,0,0,1,0,0,0,0
"18x18",1,0,2,0,1,2,0,0,0,0
"37x19",0,0,6,0,0,1,0,0,0,0
"20x49",1,0,9,0,0,3,0,0,1,0
"30x32",0,0,202,0,0,9,3,0,2,0
"11x20",1,0,19,0,0,4,2,0,0,0
"14x27",0,0,0,0,0,1,2,0,0,0
"8x15",1,0,4,1,0,1,1,0,0,0
"5x32",1,0,11,0,0,1,1,0,1,0
"10x46",0,0,19,1,0,5,0,0,2,0
"30x11",0,0,8,0,0,6,0,0,0,0
"33x11",0,0,7,0,0,1,0,0,0,0
"20x16",0,0,6,0,0,1,0,0,0,0
"13x43",0,0,16,0,0,3,0,0,1,0
"28x6",0,2,0,0,0,0,0,0,0,0
"49x34",0,0,55,0,0,2,3,0,1,0
"19x46",1,0,3,0,0,1,0,1,0,0
"33x38",0,0,24,0,0,2,0,0,0,0
"9x40",0,2,11,0,0,1,0,0,0,0
"11x18",0,0,4,0,0,0,0,0,0,0
"47x5",0,0,47,1,0,7,4,0,4,0
"38x37",1,0,240,0,0,25,5,0,8,0
"4x26",0,0,5,0,0,0,0,0,0,0
"24x45",0,0,1,0,0,0,0,0,0,0
"24x14",0,0,8,0,0,1,0,0,0,0
"18x43",0,0,10,0,0,3,0,0,0,0
"42x4",4,4,40,0,0,2,0,0,0,0
"28x36",1,0,225,0,1,27,1,0,1,0
"41x3",4,0,10,0,1,0,0,0,0,0
"46x46",1,1,1,1,0,0,0,0,0,1
"20x10",2,0,3,0,0,1,0,0,1,0
"34x10",0,0,8,0,0,2,0,0,2,0
"8x20",0,0,8,0,0,2,0,0,0,0
"11x15",3,0,11,0,0,1,1,0,0,0
"11x14",3,0,3,0,0,0,0,0,0,0
"25x30",1,1,224,4,0,20,8,0,14,0
"12x15",1,0,3,0,0,1,0,0,0,0
"41x7",0,0,1,3,0,1,0,0,0,0
"39x26",0,0,3,0,0,1,0,0,0,0
"23x29",0,0,291,0,0,29,7,0,8,0
"28x25",0,0,5,0,0,1,0,0,0,0
"38x36",1,1,267,2,0,38,12,0,6,0
"28x33",0,0,215,0,0,48,9,0,3,0
"17x37",0,1,41,0,0,11,3,0,0,0
"48x11",0,0,6,0,0,0,0,0,0,0
"38x24",0,0,5,0,0,2,0,0,0,0
"24x32",0,0,135,0,0,9,1,0,19,0
"31x14",0,0,5,0,0,1,0,0,0,0
"45x16",0,0,4,0,0,1,0,0,0,0
"26x14",0,0,3,1,1,0,1,0,0,0
"38x33",0,1,33,0,0,13,1,0,0,0
"32x14",0,1,2,1,0,3,0,0,0,0
"41x12",0,0,2,0,0,1,0,0,0,0
"6x22",0,0,16,1,0,3,0,0,0,0
"29x27",0,0,36,0,0,5,3,0,0,0
"33x13",0,0,1,0,1,1,0,0,0,0
"21x33",1,0,102,1,0,30,6,0,4,0
"30x48",0,0,2,0,0,0,4,0,0,0
"6x35",0,0,9,1,0,1,0,0,0,0
"8x30",0,0,9,0,0,1,1,0,0,0
"46x6",0,0,2,0,0,0,0,0,0,0
"16x28",0,0,18,0,0,3,0,0,0,0
"7x44",0,1,35,0,0,6,0,0,0,0
"5x21",0,0,19,0,0,1,2,0,1,0
"9x39",0,0,3,0,0,3,0,0,0,0
"21x34",0,0,145,0,1,19,11,0,3,0
"10x19",0,0,5,1,0,1,1,0,0,0
"22x7",0,0,3,1,0,2,0,0,0,0
"28x12",1,0,2,2,0,0,0,0,0,0
"10x29",0,0,4,1,0,0,2,0,1,0
"43x19",1,0,23,0,0,5,1,0,0,0
"27x20",0,0,12,1,0,2,1,0,1,0
"34x40",0,1,349,3,0,38,44,0,16,0
"27x6",0,0,6,0,0,0,0,0,0,0
"22x13",0,0,3,0,0,3,0,0,0,0
"44x23",1,0,5,0,0,0,0,0,0,0
"27x19",0,0,16,0,0,2,0,0,1,0
"13x45",0,0,2,0,0,0,0,0,0,0
"28x28",0,0,64,1,0,14,2,0,0,0
"20x9",0,0,3,0,1,0,0,0,0,0
"22x25",0,1,3,0,0,2,0,0,1,0
"19x27",0,0,9,0,0,2,0,0,0,0
"7x38",0,0,19,0,0,12,0,0,0,0
"36x34",0,1,237,1,0,21,0,0,1,0
"46x49",2,0,24,2,0,6,4,0,11,0
"6x31",0,0,9,0,0,1,2,0,0,0
"37x15",0,0,8,0,0,2,0,0,1,0
"32x5",1,0,3,3,1,1,0,0,0,0
"44x31",0,0,9,0,0,1,1,0,0,0
"6x21",1,0,2,0,0,3,1,0,0,0
"48x40",0,0,10,1,0,1,1,0,0,0
"15x40",0,0,8,0,0,3,2,0,0,0
"4x18",2,0,3,0,1,0,0,0,0,0
"23x9",1,3,11,0,0,1,0,0,0,0
"38x6",0,0,7,0,0,0,1,0,0,0
"24x24",0,0,13,0,0,2,4,0,2,0
"21x30",0,1,179,1,0,42,6,0,5,0
"6x37",1,0,14,1,0,0,1,0,0,0
"13x32",0,0,7,0,0,1,1,0,1,0
"31x42",0,0,48,0,0,4,1,0,0,0
"3x31",0,1,9,0,0,1,1,0,0,0
"36x32",0,0,174,0,1,8,5,0,3,0
"16x33",0,1,282,2,2,57,19,0,4,0
"23x35",0,0,84,3,0,15,8,0,5,0
"16x37",0,0,146,0,0,19,4,0,1,0
"43x27",0,0,3,0,0,3,0,0,0,0
"46x48",0,0,3,0,0,0,0,0,1,0
"34x39",0,1,22,1,0,8,14,0,4,0
"17x12",0,0,9,0,0,0,0,0,0,0
"38x14",0,1,8,0,0,1,1,0,0,0
"10x41",0,0,23,0,0,1,0,0,0,0
"10x15",3,0,22,1,0,2,0,0,0,0
"3x29",0,0,3,0,0,1,1,0,1,0
"30x39",0,0,4,0,0,1,0,0,1,0
"45x13",0,0,0,0,0,1,1,0,1,0
"19x31",0,0,341,2,0,31,0,0,1,0
"36x12",1,0,3,0,0,0,0,0,0,0
"29x6",1,5,5,0,0,2,0,0,0,0
"24x43",0,1,122,0,0,12,5,0,3,0
"43x16",0,0,1,0,0,0,0,0,0,0
"17x44",0,0,4,0,0,0,1,0,1,0
"16x42",0,0,10,0,0,0,0,0,0,0
"37x42",0,1,11,1,0,3,1,0,0,0
"15x14",1,3,5,1,0,0,0,0,0,0
"42x41",0,0,4,0,0,1,0,0,0,0
"19x45",0,0,6,0,0,0,0,0,0,0
"32x28",0,0,56,0,0,8,1,0,0,0
"16x43",0,0,4,0,0,0,0,0,1,0
"6x43",0,0,31,1,0,6,0,0,0,0
"43x4",2,2,20,0,0,2,0,0,0,0
"40x40",0,0,6,0,0,6,0,0,0,0
"40x20",0,0,5,0,0,0,0,0,0,0
"29x14",0,0,4,0,0,0,0,0,0,0
"27x31",0,0,107,2,0,7,12,0,1,0
"42x37",0,0,7,0,0,2,0,0,0,0
"21x11",1,0,13,0,0,2,0,0,0,0
"21x10",1,0,10,0,0,1,0,0,0,0
"29x44",0,0,0,0,0,0,1,0,0,0
"46x47",0,0,0,0,0,2,0,0,0,0
"43x33",0,0,3,0,0,4,0,0,0,0
"40x23",0,0,10,0,0,1,2,0,0,0
"2x33",1,0,19,1,0,3,2,0,2,0
"20x39",0,0,17,0,0,7,0,0,1,0
"34x17",0,0,2,0,0,4,0,0,0,0
"16x40",0,0,11,0,0,3,0,0,1,0
"36x28",0,0,18,0,0,2,5,0,0,0
"26x23",0,0,11,0,0,0,0,0,0,0
"47x7",0,5,2,1,0,0,0,0,0,0
"19x28",0,1,88,2,0,12,2,0,0,0
"49x13",0,0,9,0,0,6,0,0,0,0
"42x22",0,0,1,0,0,0,0,0,0,0
"5x31",0,0,13,0,0,1,0,0,0,0
"26x6",0,0,6,1,0,1,0,0,0,0
"7x35",0,0,6,0,0,1,0,0,0,0
"45x47",1,0,2,0,0,0,0,0,0,0
"37x6",0,0,4,0,0,0,0,1,0,0
"24x46",0,0,1,1,0,0,0,0,1,0
"6x38",0,0,10,0,0,1,0,1,0,0
"16x47",0,0,12,0,0,2,0,0,0,0
"43x32",0,0,1,0,0,1,0,0,0,0
"22x46",0,0,5,0,0,2,0,0,0,0
"14x16",0,1,1,1,0,0,0,0,1,0
"35x19",0,0,5,0,0,1,0,0,0,0
"8x26",0,0,0,0,0,0,0,0,0,0
"30x23",0,0,5,0,0,2,0,0,0,0
"41x17",0,0,1,0,0,2,0,0,0,0
"23x24",0,0,14,1,0,4,2,0,2,0
"17x13",0,0,19,0,0,6,0,0,0,0
"29x45",0,1,8,0,0,3,0,0,0,0
"39x14",0,0,1,0,0,0,0,0,0,0
"32x29",0,0,25,0,0,1,2,0,1,0
"35x13",0,0,5,0,0,0,1,0,1,0
"46x20",0,0,9,0,0,0,1,0,0,0
"49x11",0,0,14,1,0,3,1,0,0,0
"44x38",1,0,16,0,0,1,0,0,0,0
"23x15",0,0,8,3,0,1,1,0,8,0
"21x28",2,0,411,2,0,40,17,0,25,0
"2x38",0,0,32,0,0,8,2,0,1,0
"33x28",0,0,27,0,0,4,0,0,0,0
"6x34",0,0,7,0,0,2,0,0,0,0
"35x32",0,1,189,3,1,21,13,0,1,0
"23x40",0,0,109,0,0,14,2,0,2,0
"26x20",0,0,8,0,0,0,1,0,0,0
"22x44",0,0,4,0,0,0,1,0,0,0
"29x25",0,2,3,0,0,2,0,0,0,0
"19x16",1,0,4,0,0,1,0,0,0,0
"29x11",0,0,3,1,0,0,0,0,0,0
"3x22",0,0,0,0,0,0,0,0,0,0
"21x41",0,0,266,0,0,20,5,0,0,0
"41x34",0,0,17,0,0,3,1,0,0,0
"25x20",0,0,12,1,0,2,0,1,1,0
"9x17",0,0,2,0,0,1,2,0,0,0
"21x15",0,0,10,0,0,4,0,0,0,0
"41x42",1,0,3,0,0,1,1,0,0,0
"28x23",0,0,2,0,0,2,0,0,1,0
"47x6",0,1,1,0,0,0,1,0,0,0
"14x32",0,0,4,0,0,0,1,0,0,0
"48x8",0,0,4,0,0,2,0,0,0,0
"10x20",0,0,17,0,0,1,4,0,2,0
"34x16",1,0,13,0,0,0,0,0,0,0
"46x2",0,1,12,1,0,1,0,0,0,2
"31x18",0,0,8,0,0,1,0,0,1,0
"17x16",0,3,6,0,0,2,0,0,0,0
"17x28",0,0,34,1,0,5,0,0,0,0
"27x36",0,0,177,0,0,17,1,0,3,0
"43x34",0,1,9,1,0,1,1,0,1,0
"23x17",0,0,1,0,0,0,1,0,0,0
"37x17",0,0,5,0,1,0,0,0,0,0
"20x27",0,0,14,0,0,4,2,0,0,0
"33x34",0,2,266,1,0,27,2,0,0,0
"11x29",0,1,8,0,0,1,2,0,1,0
"22x32",0,0,163,1,1,17,0,0,2,0
"11x30",0,0,6,0,0,0,0,0,0,0
"25x48",0,2,3,0,0,3,0,0,0,0
"21x25",0,0,12,0,0,3,0,0,0,0
"33x6",1,1,3,0,1,0,0,0,0,0
"9x19",0,0,2,0,0,0,0,0,0,0
"26x12",0,0,6,0,0,0,0,0,0,0
"24x18",0,0,8,0,0,2,1,0,0,0
"20x32",0,1,148,0,0,27,1,0,2,0
"20x30",0,1,208,3,0,28,5,0,1,0
"42x27",0,0,5,0,0,1,0,0,0,0
"15x49",0,0,4,0,0,0,1,0,0,1
"26x21",0,0,12,0,0,1,0,0,0,0
"2x39",0,0,3,0,0,1,0,0,2,0
"9x43",0,0,22,0,0,5,1,0,0,0
"40x37",0,0,28,0,0,4,1,0,0,0
"24x27",0,0,91,0,0,15,35,0,0,0
"12x13",0,0,1,0,0,0,0,0,0,0
"30x19",0,0,5,0,0,0,1,0,0,0
"39x9",0,0,3,0,0,1,0,0,0,0
"21x26",0,0,8,0,0,5,3,0,0,0
"9x45",0,1,16,0,0,2,0,1,0,0
"40x28",0,0,10,0,0,8,0,0,0,0
"16x19",0,0,1,0,0,1,0,0,0,0
"20x11",0,0,19,0,1,2,0,0,1,0
"22x27",0,0,25,0,0,0,1,0,0,0
"15x38",0,0,28,0,0,2,0,0,1,0
"9x46",0,0,8,0,0,3,0,0,2,0
"41x39",0,0,4,0,0,4,1,0,0,0
"21x44",0,0,3,0,0,2,0,0,0,0
"14x39",0,0,0,0,0,0,0,0,1,0
"45x3",0,0,11,0,0,0,2,0,0,0
"34x31",0,0,50,0,0,7,1,0,0,0
"37x34",1,0,293,0,0,22,13,0,6,0
"38x9",0,0,6,0,0,0,0,0,0,0
"11x17",0,0,1,0,0,0,0,0,0,0
"38x23",0,0,11,0,0,2,0,0,0,0
"29x40",1,1,175,1,0,19,10,0,4,0
"37x21",0,0,14,0,0,4,1,0,0,0
"7x47",0,0,2,1,0,0,0,0,0,0
"27x34",0,0,246,1,0,29,3,0,0,0
"10x34",0,0,17,0,0,2,0,0,1,0
"5x39",0,0,3,0,0,1,1,0,0,0
"25x38",0,1,24,0,0,1,0,0,0,0
"24x26",0,1,9,0,0,2,3,0,0,0
"28x14",0,0,3,0,0,0,0,0,0,0
"27x48",0,0,3,1,0,1,0,0,0,0
"16x44",0,0,3,0,0,6,0,0,1,0
"28x15",1,0,6,0,0,5,0,0,0,0
"39x2",0,0,2,0,2,0,0,0,0,1
"35x17",0,0,1,0,0,0,0,0,0,0
"26x9",0,0,9,0,1,0,2,0,0,0
"11x27",0,0,7,0,0,0,0,0,0,0
"26x31",0,0,65,0,0,4,2,0,0,0
"2x34",1,0,39,0,0,7,1,0,0,0
"31x39",0,0,14,0,0,3,3,0,0,0
"32x34",0,3,243,3,0,39,2,0,2,0
"16x31",0,0,33,0,0,0,1,0,1,0
"19x29",0,0,245,0,0,42,29,0,26,0
"41x30",0,0,9,0,0,0,0,0,0,0
"26x30",1,0,121,0,0,6,3,0,19,0
"22x8",3,0,6,2,1,1,0,0,2,0
"16x34",0,0,192,1,0,24,15,0,0,0
"28x29",0,0,39,0,0,5,1,0,0,0
"38x4",0,0,38,0,0,3,0,0,0,0
"44x16",0,0,4,0,0,0,0,0,0,0
"18x15",0,0,12,1,0,3,0,0,0,0
"40x13",0,0,0,0,0,0,0,0,0,0
"17x32",0,1,236,2,0,24,6,0,5,0
"12x49",0,0,3,0,1,1,2,0,0,0
"37x14",0,0,6,0,0,0,0,0,0,0
"19x11",4,1,16,0,0,4,0,0,0,0
"33x9",0,0,10,0,0,1,0,0,1,0
"31x20",0,0,8,0,0,1,0,0,0,0
"18x33",0,0,116,2,0,60,5,0,0,0
"43x2",0,1,11,1,0,1,0,0,0,4
"25x32",0,3,91,2,1,6,3,0,1,0
"40x6",1,0,7,0,0,3,0,0,0,0
"2x27",0,0,12,0,0,0,1,0,0,0
"18x31",0,0,318,0,0,23,2,0,3,0
"45x38",0,0,12,0,0,0,0,0,0,0
"35x16",0,0,5,0,0,2,0,0,0,0
"22x23",0,0,5,0,0,0,0,0,0,0
"24x35",0,0,23,1,0,5,1,0,0,0
"46x34",0,0,7,0,0,1,0,0,0,0
"2x32",0,0,13,1,0,2,1,0,0,0
"31x30",0,0,199,2,1,43,26,1,18,0
"28x26",0,0,2,0,0,1,0,0,0,0
"18x41",0,0,27,0,0,6,1,0,1,0
"19x44",0,0,9,0,0,3,0,0,0,0
"6x44",0,0,18,0,0,3,1,0,1,0
"39x15",0,0,7,0,0,1,0,0,0,0
"28x39",0,0,64,0,0,16,4,0,0,0
"47x48",0,1,4,0,0,0,1,0,0,0
"40x29",0,0,5,0,0,1,0,0,0,0
"28x38",0,0,115,0,0,7,5,0,0,0
"41x6",0,0,4,0,0,0,1,0,0,0
"40x4",1,0,5,0,1,1,0,0,0,0
"45x36",1,0,3,0,0,0,0,0,0,0
"23x37",0,1,164,2,0,15,10,0,6,0
"43x22",1,0,0,0,0,2,0,0,0,0
"40x43",0,0,5,0,0,2,1,0,3,0
"41x40",0,0,14,0,0,3,1,0,0,0
"18x36",0,0,195,0,0,50,2,0,1,0
"25x47",0,0,5,1,1,0,0,0,0,0
"19x12",1,0,6,0,0,4,0,0,0,0
"30x30",0,0,155,0,0,20,8,0,23,0
"42x15",2,0,1,0,0,4,0,0,0,0
"12x43",1,0,24,0,0,2,0,0,0,0
"38x35",0,0,159,1,0,15,19,0,22,0
"26x13",0,0,9,0,0,0,0,0,0,0
"40x18",0,0,0,0,0,0,0,0,0,0
"12x46",0,0,23,0,0,4,7,0,3,0
"30x14",0,0,5,0,0,0,1,0,0,0
"18x10",0,0,6,0,1,1,0,0,0,0
"34x27",0,0,20,0,0,4,0,0,0,0
"25x25",0,1,4,0,0,1,0,1,0,0
"2x28",0,0,82,0,0,6,1,0,0,0
"19x41",0,0,41,0,0,4,1,0,0,0
"29x16",0,0,2,0,0,1,0,0,0,0
"17x39",0,0,10,1,0,1,2,0,1,0
"22x10",1,0,3,0,0,1,1,0,0,0
"27x25",0,0,2,0,0,1,1,0,0,0
"36x10",0,0,3,0,0,0,0,0,0,0
"33x49",1,0,15,0,0,4,2,0,0,0
"36x4",3,1,8,0,0,0,0,0,0,0
"20x38",0,0,161,0,0,21,5,0,1,0
"25x42",1,1,209,2,0,41,2,0,4,0
"33x15",0,0,5,1,1,2,0,0,0,0
"16x39",0,0,0,0,0,1,0,0,0,0
"28x48",0,0,3,0,0,1,0,0,0,0
"29x46",0,3,2,0,0,0,0,0,0,0
"42x7",0,0,1,0,0,0,0,0,0,0
"36x26",0,0,0,0,0,2,0,0,0,0
"39x42",0,0,9,0,0,3,0,0,1,0
"32x7",0,1,4,1,0,0,0,0,0,0
"44x39",0,0,1,0,0,0,0,0,0,0
"17x42",0,1,8,0,0,1,0,0,0,0
"8x42",0,0,10,0,0,3,0,0,0,0
"24x10",3,0,11,0,0,1,0,0,0,0
"15x29",0,0,9,1,0,3,1,0,0,0
"13x33",0,0,12,0,0,5,1,0,1,0
"32x48",0,0,2,0,0,0,0,0,0,0
"20x37",0,1,149,1,0,18,11,0,5,0
