,HLA.DR..DP..DQ.AGCTACGAGCAGTAG,CD71.CCGTGTTCCTCATTA,CD235ab.GCTCCTTTACACGTA,CD146.CCTTGGATAACATCA,CD49b.GCTTTCTTCAGTATG,CD340..erbB2.HER.2..CTGTAGCCGCCTATT,CD55.GCTCATTACCCATTA,CD169..Sialoadhesin.Siglec.1..TACTCAGCGTGTTTG,IgM.TAGCGAGCCCGTATA,GPR56.GCCTAGTTTCCGTTT
45x44,0,0,2,0,0,1,4,1,2,0
20x14,2,0,2,1,2,9,94,2,1,2
44x42,3,0,0,0,1,2,41,7,1,0
42x3,14,4,41,1,3,20,22,13,83,4
11x40,7,0,0,1,1,6,8,4,4,0
33x40,4,42,11,13,0,75,6,5,11,25
25x22,2,0,0,1,1,3,58,4,3,0
10x36,50,0,0,0,2,4,32,1,6,0
28x9,14,3,24,1,1,31,118,41,6,3
19x33,48,16,3,5,32,106,8,7,4,16
5x18,3,3,7,1,2,14,87,6,31,1
42x14,6,0,2,0,0,7,287,2,3,0
9x34,2,1,1,0,0,0,0,1,2,1
46x8,0,1,2,0,0,4,10,1,3,0
16x38,4,9,2,0,2,27,5,2,2,7
31x6,3,4,50,3,0,17,105,6,28,1
25x49,86,6,20,11,8,25,90,43,9,6
21x38,28,4,3,0,8,124,10,1,1,15
28x32,4,57,6,9,6,140,3,3,3,20
18x7,1,0,3,0,1,1,7,1,1,0
20x7,2,1,27,0,2,3,5,0,7,0
33x35,5,9,4,1,3,15,2,6,2,14
37x16,0,0,0,1,0,0,100,0,0,0
7x28,8,0,2,2,0,7,206,6,3,1
21x43,3,0,1,0,0,0,9,0,0,1
32x49,9,7,3,3,3,17,95,6,4,2
35x26,4,0,0,1,1,2,16,3,3,1
24x48,5,1,0,1,1,4,13,4,2,3
22x43,3,0,3,0,1,4,11,1,1,0
33x44,11,0,0,0,0,5,23,2,0,0
13x37,0,0,0,1,0,0,0,1,1,0
36x40,15,0,0,0,0,2,1,3,0,0
34x4,2,0,40,0,0,6,12,6,45,2
34x20,6,1,2,0,1,13,62,6,3,3
33x25,9,0,2,0,0,1,16,7,3,1
44x24,1,0,0,1,1,1,7,0,1,1
44x33,2,0,0,0,2,3,6,2,2,1
18x12,17,6,19,3,1,19,31,8,22,4
35x27,4,0,1,1,0,0,8,8,0,0
30x10,10,3,2,0,1,6,24,3,2,0
37x33,39,66,3,17,16,64,8,10,0,4
23x7,31,4,12,2,1,11,237,37,51,4
20x12,1,3,6,1,2,7,35,7,5,3
18x26,1,3,1,0,1,4,49,3,1,1
7x41,21,2,0,0,1,3,6,14,0,0
39x34,15,1,0,0,0,1,2,1,2,1
21x8,4,2,84,6,3,19,78,5,46,3
9x28,3,2,2,0,0,4,28,6,1,1
36x29,3,1,0,0,0,2,6,0,0,0
5x41,57,0,0,0,2,5,4,9,1,0
41x14,8,0,1,1,0,3,149,3,1,0
28x24,10,5,18,2,1,22,84,5,20,4
14x33,8,0,0,2,0,6,48,5,0,1
12x47,5,0,2,0,0,2,1,3,0,1
42x12,4,1,1,0,0,5,55,7,3,1
44x21,3,0,1,0,0,3,38,2,3,2
37x10,2,2,1,0,2,11,27,4,4,3
24x47,2,0,1,0,0,3,18,6,0,0
41x22,17,0,1,1,0,1,156,7,0,0
6x19,3,4,4,2,2,3,240,9,17,2
31x43,8,2,0,1,0,2,15,3,1,0
49x9,10,3,8,1,1,12,130,11,13,0
48x2,16,2,12,1,0,4,99,24,29,5
9x35,26,2,2,0,0,2,14,0,2,0
30x24,10,2,7,3,1,15,47,5,11,5
38x30,2,0,1,0,0,3,15,1,3,0
40x31,5,1,1,0,0,4,12,1,0,0
19x17,4,2,2,2,1,21,52,6,2,1
3x24,1,0,0,0,0,1,1,0,0,1
32x43,0,0,0,2,0,2,18,2,4,1
17x40,10,0,0,0,1,3,41,1,2,2
19x18,4,3,5,2,3,28,73,17,5,6
43x6,2,1,2,0,0,7,69,2,4,1
15x27,1,1,2,2,1,2,21,2,1,0
15x33,4,7,3,5,2,10,8,3,2,1
40x33,2,0,6,0,0,2,3,1,1,0
26x29,2,30,1,11,3,46,7,2,4,8
45x7,2,0,2,0,0,1,8,1,4,0
43x23,2,0,0,0,0,1,16,0,3,0
27x21,5,0,1,0,0,2,41,1,0,1
26x19,24,2,0,4,1,2,39,39,4,1
5x26,8,0,3,0,3,14,132,6,3,1
43x12,3,1,5,0,0,23,43,5,2,3
15x36,17,56,6,6,16,72,12,9,5,4
30x49,16,5,0,7,0,20,86,5,5,5
10x49,6,1,3,1,22,5,11,2,2,1
45x32,0,1,1,1,0,3,1,0,1,0
21x39,2,4,1,1,0,13,5,3,1,4
38x42,8,2,3,0,0,9,16,2,1,1
20x28,18,5,0,4,5,15,9,10,3,2
10x40,16,2,1,1,0,2,24,3,0,1
41x21,4,0,0,1,0,1,64,0,1,0
10x44,2,0,0,0,0,2,1,1,1,0
35x10,0,2,1,0,1,10,98,3,1,2
33x39,17,4,0,1,0,1,2,2,0,2
18x17,15,2,4,3,1,16,184,9,7,1
17x30,7,3,3,1,0,8,29,2,2,3
42x35,4,1,0,0,0,3,3,3,1,0
17x29,10,1,0,3,0,3,20,4,1,1
45x43,3,0,0,0,0,3,74,4,2,0
44x13,0,3,6,1,2,15,110,9,7,4
31x19,0,2,0,0,0,2,49,2,2,0
14x46,19,0,4,1,0,2,22,17,1,2
9x30,5,1,1,1,3,1,54,21,1,1
24x8,5,3,21,3,0,14,110,8,69,1
46x5,30,2,5,1,1,19,38,10,3,1
41x13,3,2,0,0,1,18,142,2,6,1
29x33,6,22,0,9,2,62,6,3,0,8
25x16,2,3,1,0,1,8,76,4,7,0
28x41,4,26,5,3,2,39,7,3,1,13
21x18,0,0,1,0,1,0,10,1,1,1
3x34,100,1,1,1,1,7,7,61,0,0
47x8,1,0,4,0,3,6,68,2,5,0
35x28,12,1,0,0,0,2,4,1,0,1
20x15,2,0,2,1,0,10,12,2,5,1
19x42,4,0,0,0,1,1,12,1,0,0
40x41,22,0,0,0,0,4,4,1,2,0
27x28,22,2,1,1,0,3,5,6,1,1
29x22,5,0,2,1,1,4,137,1,2,1
38x10,3,5,1,1,2,24,146,9,10,9
4x20,52,1,2,0,2,4,6,6,9,1
35x15,13,2,3,0,1,7,258,32,8,1
21x35,2,4,1,0,0,26,3,0,4,5
33x48,3,0,0,1,0,3,2,1,0,0
3x40,39,1,1,2,2,9,4,22,1,1
35x44,6,1,1,2,0,4,6,0,0,0
40x8,3,1,4,3,0,19,208,11,7,2
7x31,17,3,3,0,0,1,43,2,3,0
23x23,7,0,1,1,1,10,33,2,2,1
32x35,1,6,0,2,3,29,2,1,1,10
16x14,4,1,5,3,1,16,265,14,73,2
43x5,12,5,10,0,2,29,44,23,7,5
35x40,36,6,1,9,11,22,5,14,1,1
45x6,2,1,3,0,1,1,13,4,1,0
34x38,2,0,0,0,1,1,1,0,0,0
20x34,3,1,1,0,31,13,2,2,0,1
17x9,2,0,15,0,0,3,6,1,9,0
21x47,12,0,0,0,0,5,24,4,2,1
17x36,3,20,2,2,0,29,3,4,1,8
43x30,0,0,0,0,1,3,4,2,1,0
49x6,5,0,3,0,0,20,200,5,4,1
42x30,0,0,1,1,0,4,4,2,2,0
27x9,18,2,8,1,0,4,101,15,23,1
22x37,131,1,3,0,12,46,6,2,3,3
28x19,22,3,2,2,1,31,83,12,7,4
37x7,5,2,5,2,1,11,259,18,12,4
19x9,1,0,64,3,1,8,7,4,34,0
24x17,0,3,5,1,2,22,97,11,5,3
11x45,4,0,0,0,0,0,0,2,0,0
5x38,10,0,0,1,1,6,30,2,0,0
41x35,9,1,2,0,3,3,3,7,2,0
34x8,18,3,3,7,2,34,110,11,6,6
3x20,64,0,2,3,0,10,5,14,13,1
20x31,1,6,0,3,7,18,4,3,1,8
21x7,2,1,66,0,0,6,45,3,38,4
11x38,11,0,0,1,0,3,10,15,0,1
25x40,4,0,1,4,0,13,7,3,1,12
34x3,2,1,49,2,1,7,11,4,42,0
15x17,15,8,6,3,2,29,98,13,6,5
23x38,3,0,1,1,2,5,3,1,0,2
41x24,0,0,1,0,0,4,13,1,5,0
14x41,20,0,0,1,2,5,61,12,0,2
43x39,0,2,1,0,2,2,4,1,2,0
45x17,0,0,2,0,0,3,49,2,0,0
27x26,2,1,1,0,0,6,26,0,2,0
7x37,7,1,0,0,0,7,173,2,2,1
35x34,13,65,2,2,3,39,8,5,3,28
18x19,0,1,0,0,0,2,8,1,1,2
15x28,6,2,2,0,0,5,61,1,2,0
7x29,1,2,2,2,0,11,44,2,1,1
42x34,2,1,0,0,0,4,2,1,0,0
39x33,1,1,1,0,0,0,2,2,1,0
18x28,5,0,1,0,0,2,11,5,0,0
12x45,5,0,0,0,0,1,5,4,2,0
7x43,29,0,0,0,0,1,2,4,1,0
4x25,5,2,1,1,1,7,67,7,4,0
37x9,5,4,4,2,0,21,29,4,2,4
37x28,47,0,1,0,0,2,4,2,1,0
44x44,4,1,1,0,0,6,30,8,1,2
23x44,0,0,2,0,0,3,7,1,0,2
18x30,13,32,7,18,11,56,8,7,3,14
40x17,3,1,0,2,0,5,39,3,2,0
34x35,6,9,3,0,1,23,4,2,1,11
2x41,12,0,0,0,0,2,23,2,1,0
30x36,2,3,0,2,5,28,1,3,2,20
39x19,0,0,0,0,0,1,63,1,1,1
25x8,13,3,82,4,3,24,231,11,69,3
14x47,106,4,0,0,0,9,3,2,3,1
47x39,3,0,0,0,0,0,1,2,0,0
41x10,1,0,2,0,1,13,84,5,3,5
38x8,7,5,5,0,4,21,177,8,5,3
40x22,1,0,0,0,0,4,50,2,0,0
33x32,6,9,3,10,2,15,1,1,2,3
22x39,3,4,1,0,0,8,1,3,0,0
37x20,1,3,2,0,1,6,79,6,1,0
38x7,5,1,0,0,1,8,331,8,10,5
31x46,0,3,0,0,0,3,6,1,1,0
39x38,27,1,0,1,0,3,1,3,1,0
4x37,1,0,1,0,0,2,0,0,0,0
44x35,3,1,0,1,0,4,2,0,0,0
29x10,0,1,4,2,1,8,25,9,1,2
6x33,48,3,0,0,0,5,60,27,2,0
17x17,3,2,2,0,1,8,135,2,4,0
16x49,5,0,0,0,0,1,7,3,0,1
25x18,6,1,2,1,0,12,190,19,4,4
13x31,2,1,0,2,0,1,18,2,0,1
38x18,8,1,1,0,0,6,80,4,2,0
37x27,17,0,2,0,0,1,2,13,0,0
39x4,1,4,2,1,0,13,69,4,24,1
13x41,34,3,0,0,0,1,118,37,2,0
25x45,2,1,0,0,2,1,8,1,3,0
14x30,3,0,0,1,1,11,62,2,0,3
26x48,4,1,0,0,1,0,1,3,1,0
22x16,3,4,5,0,1,10,44,4,1,0
15x37,25,17,5,2,8,64,7,8,6,7
14x26,0,0,0,0,0,1,12,1,0,0
18x37,2,1,0,2,0,6,3,1,0,1
25x26,7,1,0,1,0,3,37,9,3,0
31x31,7,57,7,15,6,95,9,1,6,9
9x27,5,0,0,0,0,0,7,1,2,0
39x18,6,1,0,0,0,5,24,1,1,1
30x28,25,0,0,6,0,6,11,3,2,0
3x26,2,1,0,0,2,2,26,1,5,0
38x12,7,5,4,1,1,10,83,36,1,2
36x41,6,1,1,0,1,2,2,9,1,0
11x47,1,0,0,0,1,0,2,0,2,0
6x41,49,0,0,0,1,5,11,21,1,0
33x12,7,3,8,2,4,24,368,10,4,8
25x27,15,0,0,5,1,0,10,9,1,0
49x3,10,4,2,4,1,21,254,14,14,2
44x40,1,1,4,0,1,6,51,6,2,0
41x38,26,1,0,0,0,4,7,4,1,0
20x40,3,1,0,3,3,15,9,1,0,5
14x43,8,1,0,0,1,0,10,5,0,1
37x35,3,55,1,3,3,55,6,2,4,16
37x8,5,2,3,1,0,32,186,10,9,6
26x40,3,4,2,1,1,14,8,3,0,8
9x36,3,1,0,0,0,3,38,3,1,0
12x27,11,1,0,0,0,2,43,1,0,1
30x16,3,1,1,0,0,6,78,3,1,0
25x41,3,9,1,2,3,31,3,4,3,24
26x7,2,2,7,1,2,11,190,12,31,1
20x25,0,1,2,0,1,3,46,1,0,0
2x31,5,1,1,0,2,4,18,5,4,0
34x36,1,7,0,3,2,12,4,2,3,7
11x48,2,0,0,0,1,3,0,1,0,0
27x14,3,0,3,0,0,11,113,4,2,4
11x46,54,2,1,1,0,7,0,12,1,0
8x25,0,0,0,1,0,3,27,2,6,1
33x17,6,2,3,2,1,6,156,3,2,2
20x26,2,0,0,0,1,7,43,2,1,0
41x9,4,0,1,1,1,13,18,6,8,3
33x4,5,4,82,3,1,14,14,6,62,2
14x44,9,3,0,0,1,3,19,34,1,1
16x41,30,0,0,0,0,0,15,16,0,0
32x47,8,3,0,0,1,6,21,3,4,2
27x32,0,7,0,3,0,11,1,1,0,2
22x36,7,0,0,0,0,1,5,1,0,0
7x21,12,1,2,1,2,4,50,2,2,3
5x35,40,0,0,0,0,2,5,5,1,0
6x25,4,4,3,2,1,14,89,5,11,0
16x45,8,0,0,0,0,0,15,6,0,0
41x4,3,4,46,0,1,21,36,8,18,4
36x13,4,1,1,1,0,14,180,3,2,1
17x14,2,3,2,1,1,4,36,10,11,1
17x48,78,3,2,4,0,8,10,12,6,0
11x16,3,5,2,0,0,6,54,3,11,1
6x26,0,1,1,0,0,12,102,4,9,5
39x13,2,2,1,0,1,6,64,1,1,1
16x13,2,0,20,3,1,5,56,6,25,3
32x22,0,0,0,1,0,2,8,0,2,0
21x42,68,1,0,1,4,12,6,4,1,0
14x18,12,1,4,1,1,10,91,10,1,2
2x23,6,2,5,1,2,5,201,7,10,1
40x35,220,4,0,2,0,2,4,1,4,1
34x12,3,3,7,2,1,6,217,9,7,2
48x6,1,1,1,0,0,3,25,2,1,1
39x8,1,1,2,1,0,4,85,2,4,2
49x4,3,3,1,1,2,9,75,17,7,2
32x24,4,1,2,4,0,7,11,6,1,4
39x37,8,2,1,0,2,9,1,0,1,3
46x39,1,0,0,0,0,0,1,1,0,0
26x35,22,19,0,7,5,37,7,9,0,4
43x31,4,0,1,1,1,1,21,4,2,0
32x6,0,0,11,0,0,8,48,4,21,1
9x37,40,1,1,0,1,2,90,46,3,1
3x37,9,0,0,0,0,0,2,1,1,0
15x47,47,1,0,0,0,8,7,14,0,1
35x22,1,0,0,0,0,0,33,0,1,0
19x40,7,9,3,3,14,55,16,4,3,9
35x29,4,0,0,0,0,3,5,1,1,2
7x25,5,1,2,0,1,10,79,4,7,1
29x35,57,1,0,1,17,39,2,1,1,6
22x45,0,0,0,0,0,2,5,4,0,0
41x15,3,1,6,0,0,13,59,7,4,0
35x5,9,2,6,1,1,4,93,13,42,2
33x7,3,2,5,1,0,12,56,17,8,2
15x34,81,19,5,7,8,39,9,38,3,6
24x33,9,4,4,5,2,8,7,3,6,3
38x11,7,0,0,0,1,7,52,7,4,0
11x32,3,1,1,0,0,7,103,4,2,1
11x49,5,0,0,0,0,4,4,4,1,0
3x23,2,2,1,0,1,3,125,4,5,1
19x26,0,2,1,0,1,7,48,3,0,0
22x41,4,1,0,1,2,17,3,1,0,4
5x43,8,1,1,1,3,18,18,3,1,1
12x40,12,0,0,0,0,0,29,1,0,1
32x11,3,1,1,1,0,3,148,4,3,3
18x11,6,2,18,0,1,10,73,2,28,1
43x26,0,0,0,1,0,0,3,0,0,1
37x13,0,2,0,2,1,20,192,8,7,3
25x9,7,1,15,0,2,13,134,9,23,2
7x19,2,1,2,1,0,2,56,1,4,2
36x27,8,0,0,12,0,1,5,5,2,0
5x22,26,3,5,1,0,7,96,42,9,2
4x28,1,1,1,0,1,5,80,7,5,0
38x13,0,0,2,1,1,11,41,7,1,0
24x30,1,21,3,7,2,49,6,6,2,15
25x19,23,3,2,1,1,12,101,46,7,0
15x42,8,0,1,0,0,3,10,4,0,0
18x34,6,27,2,4,2,88,6,2,1,16
45x19,2,0,0,0,1,0,25,1,0,0
12x48,1,0,0,1,0,0,0,0,0,0
44x4,12,2,24,2,2,17,113,26,18,1
42x9,0,2,3,0,0,4,183,1,4,2
7x39,37,1,2,1,1,3,57,8,1,1
34x32,6,51,5,19,14,97,3,7,8,21
33x27,30,1,1,1,0,1,19,49,3,1
38x31,22,3,1,0,0,4,5,30,0,0
44x43,5,0,0,0,0,2,7,2,2,0
8x40,15,1,2,0,1,6,12,5,3,0
48x10,1,2,1,0,0,10,65,3,7,0
8x16,5,3,9,3,0,16,194,3,52,1
26x15,11,5,6,0,0,16,146,14,7,2
31x34,13,14,2,3,7,56,6,3,2,20
39x11,5,0,0,1,0,4,111,12,6,2
6x42,15,0,0,0,0,2,1,1,1,1
47x34,3,1,1,0,0,1,15,6,0,0
18x39,7,1,1,0,6,9,5,2,2,0
27x29,32,2,3,2,3,9,1,2,1,1
4x23,6,0,4,0,0,16,88,3,7,0
31x32,5,94,4,8,4,96,14,6,5,16
4x31,3,1,1,1,1,4,125,31,8,0
22x28,19,25,2,3,5,57,13,4,2,11
20x48,23,2,0,0,1,8,38,6,1,0
12x14,3,4,38,2,0,19,149,10,82,1
45x15,14,0,0,0,0,1,14,3,0,0
27x40,2,2,3,3,0,13,6,0,3,15
26x34,2,48,1,12,2,88,4,3,3,13
26x17,9,2,2,1,0,14,75,8,7,1
11x35,5,2,0,0,0,2,12,10,1,0
35x35,1,30,4,4,4,54,4,3,3,27
39x24,1,0,0,0,0,0,3,1,1,0
10x18,10,0,3,3,2,13,84,24,0,4
23x33,12,0,3,0,12,16,7,1,3,2
23x36,10,1,2,1,3,4,2,1,1,0
37x41,15,0,1,0,0,5,4,5,1,0
40x7,2,5,4,2,1,32,124,12,7,7
22x26,4,1,0,0,0,3,32,3,1,0
42x28,1,1,0,1,0,2,3,1,0,0
3x30,3,0,0,2,1,5,15,2,2,0
28x7,21,6,122,2,1,29,444,35,45,3
48x4,5,2,2,0,1,8,43,2,5,1
4x21,204,3,3,6,4,13,9,27,7,1
13x44,21,2,1,0,2,2,29,42,0,1
33x18,1,0,0,2,0,10,46,3,3,3
43x20,1,1,1,0,0,5,79,1,5,0
14x31,5,2,0,1,0,8,19,2,1,0
23x31,6,59,4,19,3,55,6,5,1,18
19x47,54,4,0,2,0,27,17,20,0,3
39x5,20,0,2,0,0,7,62,29,4,0
27x7,0,1,3,0,0,11,14,6,9,0
6x23,4,0,0,0,2,5,52,2,1,1
42x23,0,1,0,2,1,1,65,0,1,2
41x18,30,1,2,1,1,4,25,18,2,1
41x27,2,0,0,0,0,0,4,1,0,1
32x10,10,2,2,3,0,9,267,13,1,7
34x19,26,1,2,0,1,9,50,5,4,1
25x7,5,2,12,1,1,26,39,12,27,1
24x44,4,1,4,0,0,4,14,0,2,1
23x14,2,1,0,0,1,3,156,2,2,0
42x20,3,0,3,1,0,7,115,2,3,0
35x30,13,0,1,0,1,5,4,4,1,1
41x8,1,3,3,3,1,12,67,5,4,1
22x18,2,2,1,0,2,19,18,4,0,2
24x38,2,0,0,0,1,3,1,0,2,0
28x37,1,9,3,1,0,29,1,3,3,14
14x29,3,0,1,3,1,3,88,2,0,1
18x38,7,33,4,1,1,38,2,5,1,5
33x23,1,1,0,1,0,0,45,0,0,0
10x35,78,1,0,0,0,4,16,24,3,0
41x31,1,0,0,0,0,5,3,1,0,0
6x16,5,5,39,1,0,12,180,11,74,3
47x11,2,0,0,0,0,0,5,0,0,0
31x25,1,1,1,0,0,3,6,0,0,0
35x39,23,18,1,5,3,13,1,1,2,6
10x27,2,0,0,1,0,0,3,1,2,0
27x42,3,21,1,2,4,30,4,4,2,7
17x47,107,1,3,2,0,4,8,7,2,0
9x18,3,0,0,1,1,4,112,7,7,1
43x7,1,0,3,0,0,9,9,5,3,1
44x14,0,0,0,0,0,2,6,0,2,0
19x10,1,0,19,2,0,8,10,2,35,2
40x19,0,0,0,1,0,2,21,1,2,0
24x22,4,0,0,1,0,1,44,2,1,0
8x17,3,1,1,5,2,12,228,7,24,3
29x20,3,1,3,0,1,2,54,4,1,0
44x41,2,0,0,0,0,3,30,0,0,0
41x26,1,0,0,0,0,3,4,1,0,0
25x6,5,3,75,2,1,11,38,10,31,4
4x17,4,5,22,1,0,15,69,5,68,0
35x23,5,1,0,0,0,3,104,20,1,0
15x43,17,1,2,1,2,4,60,27,0,0
32x27,19,0,0,0,0,0,3,4,3,0
37x40,212,5,0,0,1,2,4,17,2,0
36x33,5,30,2,3,10,32,2,2,1,9
11x42,1,1,1,0,0,2,3,1,0,1
13x17,4,1,1,2,1,16,132,16,4,4
12x38,32,0,0,0,0,0,1,2,1,0
27x33,12,51,3,10,5,65,5,0,2,11
29x37,1,12,1,2,4,70,2,2,0,21
21x17,2,2,1,0,1,10,62,2,4,1
17x49,9,0,1,2,1,16,16,18,2,1
38x17,3,0,0,0,0,6,122,0,0,1
38x20,15,3,5,1,0,9,67,31,3,1
31x16,3,2,2,0,0,9,53,7,2,0
24x25,6,2,1,0,0,1,15,2,0,1
31x4,1,0,39,0,0,4,5,4,19,1
22x38,5,14,0,0,1,15,3,0,1,4
29x48,3,1,2,1,0,6,4,4,1,0
2x24,10,2,4,3,1,24,13,8,10,2
36x25,14,2,2,2,0,6,5,37,2,0
14x28,5,0,1,1,0,9,27,3,2,0
30x46,3,0,1,0,0,3,9,2,0,1
25x43,55,30,7,4,14,34,76,10,2,10
14x15,10,3,30,1,0,9,310,6,42,4
33x8,10,14,6,0,3,46,247,10,26,7
29x28,19,1,1,1,0,2,1,5,0,1
9x49,5,5,3,3,19,31,12,5,4,4
23x25,5,1,1,1,1,4,25,3,3,1
39x35,66,2,1,0,0,1,0,17,1,1
11x43,46,2,1,3,1,6,8,8,0,0
25x35,13,10,2,3,1,27,4,5,1,5
26x43,66,21,1,5,8,58,25,6,2,5
26x39,33,3,1,1,16,24,5,2,0,2
17x27,1,0,0,1,0,9,94,4,2,0
41x29,1,0,0,1,0,3,5,3,0,0
37x5,53,1,6,0,1,9,92,26,29,0
47x3,34,2,6,1,1,7,35,22,9,1
24x12,1,1,1,1,1,11,68,9,4,1
22x15,5,2,7,3,2,21,66,10,7,5
42x18,1,1,1,2,0,6,36,1,3,1
30x13,2,1,7,1,1,5,122,2,3,2
3x32,4,2,0,1,1,5,87,2,12,1
22x34,5,2,2,1,1,25,24,1,0,2
26x26,0,1,0,1,0,3,5,1,1,0
37x22,4,0,1,0,1,7,217,0,1,0
46x40,1,0,1,0,0,7,107,2,3,1
26x44,0,1,0,1,1,0,12,1,2,0
15x39,34,0,0,0,0,1,20,4,1,0
22x22,2,1,0,2,0,4,30,0,1,1
31x21,4,1,1,0,1,3,65,3,3,0
27x27,4,1,0,1,1,0,14,2,0,0
49x35,2,3,0,1,1,4,12,1,0,0
5x42,1,2,0,1,18,7,4,1,0,2
34x14,5,0,0,1,0,4,82,7,3,0
24x16,0,1,2,1,0,9,59,3,2,3
43x25,1,0,2,2,0,4,79,1,4,2
23x39,6,3,2,1,2,17,4,8,2,6
25x31,16,7,2,18,20,50,6,9,4,4
40x16,2,0,1,0,0,3,33,4,1,1
34x43,4,1,0,0,0,1,11,2,2,0
31x13,5,2,2,0,0,24,164,4,5,4
29x41,7,17,4,4,6,53,5,4,2,5
36x23,11,4,2,0,0,11,151,55,4,2
14x17,3,1,1,1,0,10,154,4,1,1
34x11,11,1,4,0,0,9,93,2,6,1
43x43,24,2,1,1,0,8,118,6,1,0
3x28,21,2,3,1,1,13,113,11,7,2
43x41,3,1,2,0,0,1,27,1,1,1
19x48,18,1,0,0,1,4,25,8,1,0
45x20,2,1,0,0,0,2,56,1,3,1
31x8,8,6,10,2,5,33,241,6,13,15
27x23,2,2,0,0,0,2,46,3,4,1
18x42,41,0,0,0,0,4,19,19,0,0
43x17,2,0,2,0,1,3,31,3,2,0
12x20,8,0,1,0,0,1,3,4,3,1
20x43,1,0,1,0,0,1,26,0,0,0
41x5,11,3,11,1,1,15,24,9,3,2
3x38,15,0,0,0,0,4,8,2,0,0
36x17,1,0,0,0,0,5,146,2,1,2
47x47,0,2,1,0,0,3,6,2,2,1
35x7,3,4,2,0,2,6,209,4,8,3
33x21,1,4,1,1,1,4,52,3,3,0
48x35,1,0,0,0,0,0,10,2,1,0
34x44,19,1,3,0,1,4,11,4,2,0
35x18,5,2,2,0,0,2,26,1,2,0
21x29,5,49,3,14,1,105,9,5,5,26
14x45,7,0,0,0,0,4,23,2,1,0
8x29,0,1,3,0,0,9,39,1,0,0
31x47,6,1,1,0,0,3,33,0,1,1
38x32,5,2,0,0,0,3,1,3,0,1
9x48,14,5,4,0,33,27,6,10,0,4
31x11,6,8,3,2,1,25,245,8,2,3
15x18,31,2,0,1,0,15,103,31,2,0
42x21,2,0,1,0,0,2,32,3,0,1
43x21,2,1,0,0,0,2,89,3,3,1
17x31,2,0,0,1,0,3,1,1,0,1
28x18,8,1,0,0,0,14,38,8,1,1
4x19,11,2,29,1,4,9,123,8,98,1
33x24,8,1,2,0,0,8,96,3,2,0
40x21,8,1,1,1,1,7,236,4,2,0
42x31,2,1,1,0,0,3,3,3,1,0
24x31,9,21,3,15,7,49,9,1,3,10
40x14,0,0,0,0,0,4,29,0,3,2
29x49,22,0,2,2,4,22,41,23,9,5
31x23,0,0,1,0,1,5,4,2,3,0
37x43,4,0,1,1,1,1,10,1,0,0
33x10,19,1,2,0,1,11,41,10,3,4
42x25,3,0,0,0,1,4,22,0,2,0
26x41,2,10,0,3,3,30,7,2,2,7
31x22,0,1,2,1,0,2,23,0,0,2
26x32,3,19,3,10,2,58,8,2,2,13
32x40,2,29,2,10,1,42,13,4,1,9
39x41,38,0,1,0,0,6,5,5,2,2
40x15,2,0,0,2,0,4,16,3,2,0
5x17,8,3,20,0,2,26,167,7,99,2
21x16,0,1,0,0,0,3,8,2,4,1
39x36,18,1,0,0,3,3,2,0,4,1
18x44,48,1,2,1,1,6,16,17,3,1
8x21,13,2,0,0,1,6,11,3,1,1
40x12,2,6,1,1,1,27,170,9,5,3
39x23,1,0,1,0,0,1,12,2,3,0
38x5,5,2,1,0,1,4,12,5,12,1
27x30,7,0,1,3,2,13,5,4,4,1
37x11,1,1,3,0,1,2,68,6,2,1
13x27,1,0,1,0,0,2,15,0,2,0
15x19,2,0,1,1,0,5,29,11,8,1
11x19,13,0,1,2,0,10,22,16,7,3
39x20,6,0,0,0,0,2,220,11,2,0
32x4,2,2,41,0,0,2,8,0,12,0
46x3,58,5,4,1,0,27,116,47,22,5
16x15,16,3,4,0,0,4,101,8,11,0
13x49,28,1,0,0,0,6,2,7,2,2
31x33,34,13,1,6,4,35,7,2,1,1
40x26,3,0,0,0,1,5,14,1,3,1
2x20,41,6,14,0,2,12,29,24,92,2
27x15,10,0,6,1,1,7,197,16,6,4
13x26,0,0,0,1,0,1,7,0,0,0
35x33,4,21,2,0,18,48,6,4,1,14
31x15,45,4,8,3,6,32,320,32,16,4
38x27,4,0,0,0,0,4,4,2,2,1
6x45,1,1,2,0,0,6,2,3,0,0
47x40,1,0,1,0,0,0,6,4,0,0
26x28,5,6,1,5,3,17,4,3,2,4
21x12,1,1,2,0,1,5,24,4,4,2
13x48,5,0,0,0,1,0,1,0,1,0
39x40,7,0,1,0,0,1,5,3,0,1
14x34,12,0,2,1,0,3,5,3,1,1
36x24,0,0,0,0,0,1,9,0,1,2
37x12,4,0,1,0,1,3,26,9,3,3
40x42,8,1,2,2,1,4,56,4,2,1
44x37,4,0,0,0,1,3,29,1,1,0
31x35,1,10,3,1,4,29,4,0,1,10
23x8,15,7,34,3,2,23,199,8,75,3
47x33,1,0,0,0,0,0,0,0,0,0
24x7,40,9,85,5,3,30,395,26,97,3
27x13,1,0,7,1,0,10,221,6,1,1
6x40,20,0,2,0,1,8,25,3,0,1
5x40,26,1,0,1,1,3,8,3,1,0
40x5,21,3,3,1,0,6,22,6,7,0
23x30,5,18,4,10,2,80,5,4,6,18
4x29,4,0,2,0,0,3,40,0,4,0
13x16,6,2,2,1,0,16,92,4,7,1
26x38,0,2,1,1,0,4,1,1,0,0
43x28,3,0,0,0,0,2,20,1,3,0
13x40,3,0,0,0,0,2,41,0,1,0
18x45,36,1,2,1,4,13,10,9,4,2
25x36,64,2,4,1,33,39,9,11,4,7
38x16,0,1,1,0,0,2,34,0,5,0
4x41,7,2,0,0,17,21,16,3,1,2
27x12,1,6,3,0,3,17,61,8,4,6
23x18,8,0,0,2,0,6,176,17,2,2
38x29,14,1,2,1,0,5,6,1,4,1
46x33,3,0,0,1,1,2,0,0,1,0
25x44,3,1,1,3,1,4,4,0,0,0
24x15,3,2,6,0,2,18,73,16,3,5
14x13,8,7,84,1,2,13,185,7,43,3
19x35,3,3,2,1,3,11,3,2,2,2
34x33,2,24,3,3,14,60,10,7,2,14
29x17,5,3,0,0,0,15,106,43,3,5
23x6,2,2,44,0,1,9,12,11,61,2
19x8,5,5,123,1,0,8,26,4,63,2
28x20,44,2,0,0,1,12,26,7,1,0
4x40,104,0,0,3,18,10,5,4,3,1
34x26,11,0,0,1,0,5,8,4,0,0
30x15,8,3,5,3,1,16,180,16,7,6
30x38,4,3,0,0,1,5,0,0,1,1
31x10,16,3,4,0,1,11,299,31,12,5
42x32,0,0,1,0,0,5,3,1,2,0
31x27,25,1,0,0,0,5,2,4,1,0
18x35,8,20,1,2,3,44,5,4,2,12
25x10,7,2,12,1,0,14,209,10,18,4
14x42,3,1,1,1,0,0,7,1,0,1
22x9,3,1,66,0,0,5,26,1,22,1
21x24,4,2,4,3,3,10,30,1,1,3
7x20,43,1,0,0,0,7,62,5,4,2
14x14,9,3,12,1,1,14,189,7,37,0
24x34,22,4,0,1,15,12,2,6,1,2
4x38,14,1,0,1,0,0,4,3,1,0
21x49,3,0,2,0,1,19,46,6,1,0
5x34,32,2,2,0,1,4,10,30,1,0
7x18,2,1,2,2,3,8,70,3,9,2
26x42,1,32,3,1,1,32,9,2,7,11
39x21,2,0,2,0,0,4,52,1,0,0
45x2,5,3,66,0,1,12,169,5,40,1
21x36,0,6,1,1,2,4,2,3,1,0
39x22,0,0,0,1,0,4,55,1,1,1
14x49,31,1,4,0,2,1,17,9,3,0
36x18,2,0,0,0,1,3,34,3,0,1
34x13,5,3,0,0,2,9,251,13,8,3
19x15,1,1,3,0,1,6,136,7,4,1
6x32,44,2,1,0,0,4,52,5,0,1
47x4,20,1,1,1,0,5,88,14,4,1
42x39,6,1,1,1,0,4,93,4,3,0
29x30,21,4,2,16,6,17,6,4,1,0
38x25,2,0,0,0,0,6,13,3,1,2
10x48,35,1,0,1,37,15,5,4,1,4
22x30,5,7,4,4,5,35,5,2,2,20
5x27,7,0,3,0,0,0,70,3,1,0
30x41,63,46,2,7,6,36,4,9,3,8
17x34,44,26,0,1,8,63,3,6,2,9
48x5,5,0,2,0,1,3,32,7,3,2
42x6,0,2,1,0,0,6,123,4,3,2
25x46,4,1,1,0,0,2,48,0,0,0
18x40,6,2,1,1,3,4,15,0,0,0
14x19,8,3,0,0,0,4,41,3,1,0
36x38,2,0,0,0,0,3,0,0,1,1
29x19,0,2,0,0,0,11,157,5,4,1
33x20,6,3,0,1,0,4,80,3,3,1
22x49,17,4,3,1,2,16,95,11,5,2
19x49,35,4,2,0,0,13,63,21,4,3
36x36,2,10,0,0,0,10,0,1,3,7
23x16,7,7,5,3,2,33,178,11,6,9
16x48,136,1,0,3,2,11,7,41,2,0
37x32,5,7,0,2,2,13,1,10,2,2
43x36,20,0,0,0,0,1,12,7,1,1
25x17,2,3,3,0,1,14,107,6,2,4
20x41,5,1,1,1,5,29,6,3,1,2
25x21,6,3,0,0,0,3,13,0,2,0
8x37,32,1,0,0,0,0,21,16,1,1
40x36,46,2,0,0,1,5,2,2,0,0
23x34,6,3,4,2,17,35,6,3,4,2
19x32,6,22,1,17,5,95,5,3,2,43
34x15,7,2,3,0,2,3,263,6,3,2
20x46,21,0,1,3,2,5,35,15,1,0
22x31,3,24,2,12,1,27,5,2,0,27
31x49,14,3,6,1,0,21,198,10,5,2
36x5,11,2,2,1,0,9,107,15,21,1
31x41,18,69,5,17,1,79,9,0,4,13
20x33,41,10,3,5,11,56,7,10,1,15
33x41,5,35,7,16,8,76,5,4,2,19
14x35,6,1,0,0,1,4,4,0,0,0
5x36,8,1,0,0,5,4,43,3,1,0
8x43,15,1,0,1,0,4,1,3,0,1
40x11,7,0,1,0,0,5,264,10,4,1
48x9,5,1,1,0,0,5,50,0,3,0
33x30,2,0,0,30,0,2,2,0,1,1
18x32,6,49,4,15,6,153,9,2,2,49
10x45,4,0,0,0,1,1,2,1,2,0
27x41,4,7,0,5,3,47,1,2,1,12
5x33,69,2,0,1,1,6,80,21,1,0
29x21,5,1,0,1,1,2,27,1,3,2
28x8,8,3,38,2,0,19,73,5,16,6
32x9,12,2,1,2,2,18,64,15,4,2
31x45,1,0,1,0,0,2,3,0,1,0
46x41,12,0,1,0,0,2,52,26,1,2
20x8,7,4,46,0,1,12,33,4,24,2
23x11,2,0,4,2,0,7,36,0,3,2
2x19,29,4,37,2,2,16,21,6,71,3
45x45,0,1,0,0,0,1,24,2,2,0
43x14,0,0,1,0,0,6,5,1,1,1
31x9,4,2,8,2,0,14,135,13,2,8
6x36,1,0,0,0,1,1,19,1,1,0
5x24,0,0,1,1,0,1,1,0,1,0
3x35,22,0,0,0,0,3,1,4,0,0
31x12,7,6,3,1,1,25,240,18,7,6
23x28,11,31,7,7,7,70,12,6,3,14
6x39,37,2,1,2,1,4,9,1,2,2
28x27,3,1,0,18,0,2,8,3,1,0
28x31,43,31,2,15,12,74,5,1,1,9
16x35,4,19,1,0,2,77,8,7,3,19
37x24,0,0,0,0,1,1,30,2,0,0
14x37,4,2,0,0,0,4,8,1,1,1
48x34,4,1,0,0,0,3,4,1,1,0
20x36,5,16,3,3,3,13,4,2,2,3
44x25,0,1,2,0,0,4,25,4,0,0
33x5,13,2,39,6,3,19,49,7,94,5
40x38,55,2,2,0,0,2,2,5,0,0
42x29,3,0,2,0,0,5,2,6,1,0
38x39,30,1,0,1,1,13,3,11,7,0
37x26,2,3,0,1,0,8,4,3,2,0
30x34,55,7,1,3,6,23,5,3,2,4
30x45,7,2,2,0,0,5,18,1,1,1
44x20,1,1,0,1,1,4,195,0,3,0
43x11,1,4,2,0,0,9,48,3,2,2
15x44,25,1,1,2,0,6,35,20,1,0
36x19,28,0,1,1,0,0,106,3,0,1
41x2,3,2,12,2,1,9,5,8,19,3
26x18,19,1,1,3,0,6,100,17,1,2
25x11,23,2,2,1,1,1,62,15,3,0
8x47,5,3,1,0,4,24,7,2,2,6
17x19,1,0,0,0,0,5,22,2,1,3
31x48,2,0,0,0,0,6,34,3,2,0
27x16,3,4,1,1,0,1,60,0,2,3
26x33,5,17,2,4,3,67,9,3,2,10
36x39,6,4,0,2,1,2,6,2,2,2
11x36,19,0,2,0,0,2,40,3,0,1
40x39,108,0,0,2,0,1,7,84,1,0
7x46,4,1,1,0,1,2,2,0,0,2
9x44,5,0,0,0,0,1,1,2,0,0
45x42,8,1,0,0,1,3,64,35,0,0
36x31,11,1,0,1,1,2,1,11,0,0
27x35,14,22,3,5,1,28,6,10,3,6
45x33,1,0,2,0,0,2,4,1,0,0
22x42,24,12,6,3,11,41,9,0,0,4
32x19,3,0,0,0,0,3,12,0,1,0
31x40,6,47,4,4,1,55,9,5,2,11
31x28,10,0,0,9,0,2,6,1,0,0
29x24,12,8,15,7,4,26,50,16,15,5
26x25,0,1,0,0,1,1,3,2,0,0
46x4,17,2,5,1,1,17,117,15,3,1
42x5,2,1,0,1,1,11,9,6,2,0
32x44,0,4,1,0,0,4,8,0,0,0
10x37,9,0,0,0,0,9,51,3,2,0
41x28,1,1,1,1,0,4,5,2,1,1
4x39,4,0,1,0,1,3,13,6,0,0
20x17,1,0,1,0,0,6,59,7,0,0
31x7,2,0,68,1,0,6,75,5,15,1
30x21,2,3,0,0,0,10,107,1,2,1
20x24,3,1,2,1,0,3,8,2,2,3
32x8,10,11,13,2,1,43,322,18,13,15
13x18,6,1,0,1,0,3,73,7,4,0
38x43,5,2,0,0,0,2,3,8,0,0
33x47,2,0,1,0,0,0,7,1,2,1
24x28,2,30,3,14,8,67,13,6,3,27
26x8,8,2,35,7,2,14,100,3,24,0
37x2,1,2,17,0,2,6,6,7,38,3
29x13,6,3,4,0,0,15,133,3,1,2
15x48,115,2,0,4,3,11,4,48,5,3
35x24,4,1,3,1,0,5,54,1,0,3
41x37,9,2,1,33,0,10,6,2,2,0
44x15,0,0,1,0,1,4,30,2,1,1
34x25,25,2,3,1,0,3,187,40,6,1
41x11,30,1,0,0,0,4,157,29,1,1
27x44,3,2,1,0,2,2,18,2,0,1
33x16,1,2,4,0,0,10,160,3,2,2
9x15,4,5,4,0,1,12,139,8,52,3
20x44,6,0,0,0,0,1,2,3,1,0
31x36,2,1,1,1,0,12,2,2,0,4
37x25,8,2,1,0,0,7,141,9,6,0
41x33,8,1,0,0,0,2,8,0,2,0
28x22,0,5,0,1,0,4,45,1,0,0
39x10,5,1,3,0,2,8,119,0,5,0
39x43,2,1,0,0,0,2,8,1,1,1
43x29,1,0,0,0,0,1,86,0,0,0
17x33,14,38,7,5,31,82,12,5,4,23
11x31,2,0,0,0,0,4,103,1,3,0
18x13,10,2,1,0,2,11,115,5,6,3
32x21,4,1,1,0,0,2,107,1,1,0
9x16,6,5,7,2,3,21,327,13,79,6
33x14,4,1,0,1,0,4,102,4,2,2
4x33,38,0,2,0,0,1,51,1,0,1
8x46,5,2,2,0,5,36,5,3,6,4
41x20,1,0,1,0,1,2,5,1,0,2
17x18,4,1,2,0,2,9,104,4,9,0
44x19,4,0,1,0,1,6,67,23,2,1
46x7,1,2,2,0,0,5,30,3,4,0
28x30,18,0,1,3,2,8,1,3,2,2
23x19,5,0,0,1,0,1,7,4,3,0
31x26,3,0,0,0,0,1,2,4,1,0
27x17,11,4,0,1,0,9,157,6,7,5
19x30,13,48,2,21,17,73,7,6,5,12
39x29,1,0,0,0,0,2,2,1,2,0
8x36,1,0,0,0,0,2,17,1,0,0
12x19,14,5,2,2,0,14,43,5,5,1
35x11,5,0,2,2,0,4,70,3,2,0
6x30,3,0,0,0,0,2,0,1,0,0
34x42,1,1,0,0,0,5,10,1,1,0
42x13,0,1,5,1,0,13,73,4,1,0
34x28,22,2,1,0,0,0,5,2,3,0
25x33,16,7,3,12,2,28,10,3,8,6
45x21,3,0,0,1,0,4,55,1,1,0
4x30,0,0,0,1,0,4,8,2,1,1
15x46,4,2,2,0,1,7,20,1,0,3
4x32,0,1,1,1,0,14,130,5,4,0
45x23,2,1,0,0,1,6,18,7,4,0
29x12,1,2,5,0,1,8,283,12,8,1
16x30,2,0,0,0,0,0,19,3,1,0
42x33,1,0,0,0,0,4,3,2,0,1
21x45,5,0,0,0,0,6,7,1,2,1
42x36,93,4,0,0,0,1,12,65,2,0
7x16,8,4,9,2,0,9,252,13,80,0
4x35,59,4,0,2,1,7,3,20,1,1
10x30,5,2,0,1,1,1,24,2,0,0
29x26,4,1,1,2,0,2,9,2,0,1
13x42,8,0,0,0,3,3,18,3,1,0
49x12,8,1,3,0,0,4,45,6,2,0
30x47,2,0,2,0,0,1,5,1,0,1
10x28,5,0,0,0,0,1,50,6,2,0
36x7,8,1,3,2,2,11,152,5,5,1
29x47,3,3,3,1,0,2,2,6,2,2
38x38,10,12,2,4,9,50,3,4,4,9
32x36,3,3,3,2,2,21,4,1,1,7
42x2,1,0,17,2,0,9,7,4,30,0
16x27,3,0,0,2,0,6,19,6,0,0
44x32,0,1,0,0,1,2,7,0,0,0
13x46,27,0,2,1,1,1,6,10,3,0
41x43,1,1,0,1,0,4,10,3,2,0
18x14,2,0,4,0,0,4,94,1,4,1
16x18,28,2,1,0,1,8,93,4,5,0
8x38,3,0,0,0,0,2,18,1,1,0
7x26,1,3,2,0,0,3,94,2,3,1
39x17,0,0,1,0,0,4,8,3,1,1
45x41,3,3,0,0,1,1,42,6,3,0
21x32,4,32,2,18,16,115,5,4,3,43
17x38,4,48,4,2,2,53,5,4,3,8
48x39,3,0,0,2,1,0,1,0,0,0
36x11,0,2,1,0,0,2,27,0,1,0
45x40,2,2,0,0,0,3,81,15,0,2
23x27,56,10,3,6,6,23,16,20,3,4
36x8,10,2,5,1,2,25,210,9,7,5
27x22,4,0,1,1,0,2,43,1,1,0
8x41,16,0,0,0,0,2,23,1,0,0
39x31,3,0,0,0,0,0,6,1,1,1
39x25,2,1,0,1,0,5,3,0,1,2
18x9,5,3,69,1,2,16,11,6,58,0
16x26,1,1,0,1,0,6,7,2,3,1
32x18,3,0,1,0,0,3,43,8,0,2
29x32,4,42,3,7,2,63,4,7,1,18
40x30,0,0,0,0,0,3,6,1,1,1
26x36,17,1,3,0,16,39,7,2,5,14
21x40,1,2,2,1,0,9,7,1,1,5
35x36,4,24,3,6,4,31,7,3,1,29
4x24,1,1,0,0,2,1,2,0,0,0
27x8,5,0,19,0,0,11,25,8,22,2
14x40,3,1,0,1,1,5,40,1,0,1
45x4,3,2,2,1,0,11,129,3,3,0
47x9,0,2,0,0,0,5,16,2,2,0
37x3,4,1,2,1,0,14,13,8,41,2
21x14,1,0,1,1,0,15,66,5,0,4
17x15,30,2,4,1,5,8,210,130,12,1
23x43,20,9,3,5,2,19,16,11,4,1
44x18,3,0,3,0,0,5,85,6,3,1
12x44,11,1,1,0,1,1,5,2,1,0
38x21,7,0,0,0,0,1,24,0,1,0
17x26,2,0,1,0,0,2,41,6,0,0
28x16,5,2,2,2,1,22,95,14,3,1
5x19,12,1,2,0,0,10,95,5,28,2
36x3,4,2,13,2,1,12,5,4,40,1
29x29,16,0,2,1,1,9,5,8,0,1
30x43,9,0,0,0,0,2,12,2,1,1
30x20,3,0,2,2,0,5,48,0,2,1
34x24,3,3,1,0,0,6,71,5,5,1
29x18,4,3,1,1,1,23,68,8,5,6
32x20,5,2,0,0,0,2,54,3,0,1
8x39,7,0,0,0,1,1,19,0,0,0
19x38,48,3,1,0,9,32,10,8,2,4
29x34,47,16,6,11,10,45,6,12,1,3
12x18,42,2,1,0,2,20,51,19,4,3
29x43,10,1,1,1,2,4,19,1,5,0
3x33,29,0,1,0,1,3,34,27,2,1
29x39,6,3,1,2,1,5,3,0,1,0
40x34,14,1,0,1,0,1,1,0,2,2
21x46,23,1,2,0,0,2,25,4,3,1
29x36,3,3,2,1,0,9,3,3,2,13
39x7,2,1,2,0,0,12,125,13,4,2
36x20,4,0,0,0,0,8,102,0,2,0
44x36,7,0,0,1,1,2,1,5,4,0
37x30,7,0,1,0,1,4,10,10,3,0
39x30,1,0,0,0,0,2,0,0,0,0
15x32,3,1,0,0,0,5,14,2,0,2
33x42,14,0,0,1,1,0,2,3,1,0
15x31,4,0,0,0,0,6,16,1,1,1
29x15,13,4,7,1,2,26,228,21,4,3
42x11,5,0,1,0,0,8,94,1,1,3
2x40,18,0,1,0,2,11,10,20,2,1
27x39,33,44,0,4,4,15,0,3,0,0
36x43,56,1,0,1,1,9,10,10,5,0
7x27,2,0,1,0,0,5,46,2,3,0
30x40,8,19,10,11,11,52,16,7,3,9
12x31,4,0,0,0,2,2,33,0,0,0
34x48,2,0,0,0,0,1,0,0,0,0
28x44,7,1,0,0,0,2,9,2,0,0
28x17,9,5,2,0,2,39,209,17,9,3
44x3,7,17,128,1,4,43,209,16,81,1
23x32,24,33,4,16,12,97,4,10,6,17
13x39,19,1,1,0,0,0,35,6,0,0
10x31,3,1,3,2,0,4,39,5,2,0
41x36,24,0,0,0,2,1,3,0,1,1
10x42,4,0,0,0,2,3,13,1,0,1
18x48,14,2,1,0,0,8,15,3,1,2
11x41,21,1,0,1,0,2,3,23,0,0
2x29,19,7,4,2,2,22,122,18,17,4
4x22,41,4,3,2,3,12,217,23,8,0
8x49,0,4,1,0,2,18,5,3,2,3
16x16,4,4,3,2,1,19,86,9,10,6
20x45,4,1,0,0,0,5,3,4,2,1
46x17,0,0,0,0,0,5,54,1,3,1
8x27,0,0,0,0,0,3,31,0,3,2
19x25,1,0,0,1,0,3,11,0,1,0
35x6,1,2,5,0,0,8,48,1,21,2
34x7,4,11,9,2,5,37,84,21,10,8
18x46,33,2,0,0,0,7,33,6,2,2
13x29,1,1,0,0,0,4,59,1,2,0
29x42,45,8,6,2,7,17,7,7,3,3
19x36,9,58,4,5,14,65,14,5,3,10
23x45,1,0,1,0,0,2,13,2,1,0
14x12,4,1,44,3,0,13,8,9,56,4
36x9,2,3,2,1,1,24,63,4,5,3
8x35,2,0,0,0,0,0,2,0,1,1
16x46,3,4,1,1,2,2,39,1,3,0
7x36,3,0,1,0,0,2,9,1,1,1
8x18,9,1,1,0,2,11,120,3,2,2
31x44,2,1,0,0,0,3,10,2,1,1
19x37,5,38,7,5,1,91,10,9,4,22
17x41,30,0,1,0,0,2,38,6,0,1
42x40,12,0,6,0,1,9,228,6,3,1
8x48,7,4,5,1,5,30,4,1,2,2
38x41,18,1,1,0,2,2,6,3,0,0
32x41,2,55,5,7,6,59,4,3,3,15
2x37,15,0,0,0,29,7,3,3,0,0
16x29,11,1,1,1,1,3,15,7,2,1
30x6,5,1,37,1,0,20,63,10,21,1
30x9,2,1,0,1,0,13,22,3,2,1
36x35,3,17,0,3,3,23,2,2,1,10
22x35,5,1,2,1,1,23,4,2,0,3
23x22,2,0,0,0,0,6,76,2,1,0
34x30,44,0,1,3,0,4,0,7,0,2
38x26,2,1,1,1,1,2,17,1,3,0
12x36,26,0,0,0,0,3,12,1,0,0
17x35,9,8,4,1,2,41,3,2,2,17
25x12,63,4,5,0,1,16,80,7,2,2
17x43,6,0,2,2,0,1,17,0,0,0
38x19,8,0,3,1,0,3,122,2,3,2
16x17,86,1,1,1,2,7,177,4,3,1
40x24,0,0,0,0,0,0,5,0,0,0
38x40,19,1,3,1,3,6,8,9,0,0
42x17,2,2,2,0,0,15,47,4,2,0
42x10,2,2,7,1,0,16,326,7,3,1
40x25,3,0,2,0,0,5,26,2,1,2
32x46,2,1,1,1,1,8,0,1,2,1
47x46,0,1,0,0,0,0,3,1,0,2
15x41,14,0,0,0,0,3,73,5,2,0
38x28,22,0,0,1,1,0,7,5,8,0
2x18,4,1,18,2,1,6,7,2,21,0
3x17,4,2,7,0,0,6,7,2,16,1
28x40,10,14,5,3,3,63,4,2,4,13
10x14,2,2,15,1,1,9,9,2,40,3
42x24,1,0,1,1,0,6,3,0,1,0
28x13,6,2,1,3,0,11,171,4,3,2
47x2,18,3,74,1,2,21,179,42,49,2
25x28,11,25,2,13,10,51,15,3,7,13
38x34,63,15,3,3,2,11,2,26,2,1
12x28,6,0,2,1,0,3,18,9,1,2
8x28,2,0,0,1,0,1,15,2,0,1
10x47,4,5,2,0,4,5,3,1,2,2
14x48,226,1,2,3,30,21,23,23,1,1
33x26,55,0,0,0,0,5,26,38,5,1
25x23,5,2,0,1,1,2,37,2,2,0
25x34,14,28,2,4,11,58,10,7,1,8
20x29,9,46,5,13,6,70,14,6,5,18
49x7,12,7,2,1,0,13,138,11,11,3
31x29,3,3,0,49,1,4,3,1,2,0
24x42,17,5,2,2,26,32,5,3,2,10
30x35,3,9,3,3,5,29,6,2,1,16
20x13,2,2,4,1,0,11,133,4,10,2
47x41,1,0,1,0,0,3,48,6,2,2
4x42,9,1,2,0,3,53,10,2,1,1
11x39,96,2,2,0,0,5,2,9,0,0
49x2,8,2,16,2,0,13,102,8,52,3
10x17,5,3,5,2,1,13,248,7,19,2
42x38,17,0,0,1,0,6,8,10,1,0
42x26,1,0,0,0,1,5,18,2,0,0
32x12,8,3,3,2,0,16,134,9,3,0
30x27,84,2,1,0,0,4,7,12,1,0
43x40,5,0,0,2,0,3,21,13,2,0
42x16,0,0,0,0,1,3,28,0,1,0
29x31,32,27,1,8,4,59,6,3,5,14
36x22,4,0,1,0,0,3,191,3,1,0
36x14,1,0,0,0,1,4,117,4,2,2
34x21,1,2,1,0,0,4,70,3,3,0
10x16,4,4,2,1,0,16,192,7,20,3
26x16,1,1,2,1,0,5,45,2,2,1
21x37,35,0,1,1,1,10,7,3,3,0
3x39,3,0,0,0,2,1,13,1,1,1
2x26,5,1,1,0,0,16,100,10,22,0
23x46,5,0,3,0,0,10,29,4,4,0
15x30,19,0,1,0,0,0,27,13,1,1
34x29,32,2,0,0,0,8,1,24,1,1
16x11,3,3,28,2,3,9,4,6,29,2
13x28,2,1,1,0,0,5,19,2,1,0
9x20,43,1,0,0,0,3,12,7,4,1
22x33,7,2,0,1,12,6,3,0,3,3
38x22,16,1,1,0,0,2,61,3,2,0
17x10,7,4,50,4,5,15,15,3,97,3
44x34,4,1,2,0,0,9,2,2,2,0
35x38,1,2,1,0,0,0,3,0,0,0
34x34,2,13,2,2,3,12,2,7,0,18
30x26,1,1,0,0,0,3,3,2,0,1
33x29,25,2,3,14,0,4,2,8,5,1
20x18,1,2,2,0,0,7,7,6,2,1
3x41,8,0,0,1,2,8,44,0,1,1
8x45,2,0,2,0,17,16,2,1,1,1
34x41,36,4,0,5,4,33,10,25,1,2
45x34,1,0,0,0,2,7,7,1,1,1
41x23,0,0,0,0,0,2,73,0,2,0
30x44,1,0,0,1,0,4,9,2,1,1
31x5,5,2,26,3,1,11,9,5,16,0
5x28,6,0,2,0,2,12,96,5,5,1
35x14,33,0,2,1,1,2,169,35,3,4
36x21,2,1,2,1,0,3,188,1,1,0
30x18,2,1,2,1,0,10,62,4,2,0
16x12,2,0,32,0,1,1,6,2,6,2
35x8,20,2,3,1,3,27,102,11,11,3
37x37,7,22,2,10,18,98,11,4,2,28
24x29,7,42,3,14,8,84,5,7,11,36
47x49,34,8,17,3,7,58,473,105,63,10
25x15,9,2,2,1,5,7,127,12,5,2
13x30,0,1,1,0,0,1,19,1,1,0
3x19,27,3,23,0,3,15,34,4,77,2
18x49,19,2,4,4,1,11,24,22,9,1
37x4,8,1,5,0,1,6,24,9,55,1
32x26,0,1,0,0,0,0,1,0,1,0
24x41,3,19,1,5,2,19,1,5,1,9
44x6,1,2,1,0,0,6,17,4,1,1
20x35,5,2,1,1,20,45,6,2,0,9
6x17,10,5,11,7,5,28,205,12,112,3
32x31,16,12,3,6,13,29,7,9,0,4
8x19,3,0,2,0,1,6,283,1,5,1
27x43,58,8,4,5,2,27,63,13,4,6
32x33,14,24,2,2,7,42,10,2,4,9
44x5,4,1,3,1,2,9,156,6,11,3
48x3,16,1,3,3,3,22,38,10,5,5
28x34,11,68,4,17,7,120,13,5,5,12
18x16,2,6,1,1,0,16,428,6,7,2
32x17,3,2,2,0,0,5,50,10,4,0
15x15,9,0,48,3,2,12,132,11,33,1
23x42,5,5,1,3,2,38,5,1,0,13
23x13,3,3,2,1,0,5,117,3,3,1
39x32,2,1,0,0,0,5,3,0,1,0
43x38,3,1,0,0,0,4,12,3,1,1
28x42,7,12,1,2,1,24,3,1,3,9
45x18,0,0,0,1,0,1,6,1,0,0
35x25,6,2,1,0,1,6,58,13,2,0
9x42,38,1,0,1,0,3,5,10,2,0
30x7,0,2,42,0,1,8,19,1,9,2
34x5,5,3,6,4,1,10,19,10,53,1
14x38,18,2,0,0,0,3,7,0,1,0
3x21,40,1,6,1,0,5,8,6,6,0
21x31,4,22,1,11,17,81,6,2,1,32
8x44,3,0,0,0,0,1,2,0,0,0
32x13,3,0,2,1,1,6,89,1,1,2
49x5,10,6,9,2,1,38,211,24,15,3
4x34,65,2,0,0,1,2,3,7,1,1
43x15,1,2,1,0,2,4,45,2,3,0
36x16,0,0,1,0,0,5,126,1,1,0
6x24,0,0,2,0,0,3,2,1,0,1
43x24,0,0,0,0,1,1,1,2,2,0
12x42,21,0,2,2,0,3,4,20,0,0
39x16,0,1,0,1,0,2,13,2,1,0
10x38,19,2,1,0,0,3,89,6,0,0
7x30,2,1,0,0,0,11,18,3,2,1
12x16,11,1,1,1,1,7,8,3,7,2
36x6,3,1,2,1,0,2,36,1,4,4
3x18,8,1,10,2,0,14,12,4,60,2
32x30,10,3,0,24,0,7,2,2,1,0
11x44,1,0,0,0,0,2,2,0,0,0
5x37,1,0,0,0,0,6,22,3,0,1
43x18,4,0,1,0,0,3,31,20,0,1
47x35,0,0,1,0,0,1,5,1,2,2
24x23,11,1,0,0,0,2,44,3,2,1
19x13,19,0,3,0,0,7,108,12,7,1
44x2,7,1,5,2,0,15,51,6,36,2
30x33,6,50,3,9,7,78,4,2,4,4
23x10,13,1,73,2,0,15,181,15,19,6
7x24,0,0,0,0,1,1,1,0,0,0
22x24,7,1,3,0,0,5,12,1,5,1
12x39,53,1,1,1,3,3,4,20,1,0
9x31,2,1,0,0,0,0,46,7,1,1
40x2,3,1,17,2,0,11,7,2,35,2
24x6,0,0,40,0,2,2,19,2,15,3
7x40,22,1,1,0,0,3,20,40,0,0
33x19,4,0,0,0,0,4,24,0,2,0
22x14,0,1,3,0,0,3,214,3,1,0
24x9,5,1,29,0,1,11,95,3,19,3
14x36,4,1,0,0,0,0,14,2,0,1
29x23,3,0,3,2,0,5,166,2,2,1
43x42,1,1,0,0,1,10,50,3,1,1
30x29,8,3,2,23,0,3,6,2,2,4
13x15,7,7,17,2,0,13,131,32,24,1
22x48,8,1,1,0,0,1,23,9,2,0
26x37,5,7,3,3,2,25,9,6,4,4
23x48,1,0,1,1,1,6,6,6,1,0
23x26,13,1,0,0,1,3,46,9,1,4
15x16,7,5,4,1,2,29,86,6,4,0
37x31,75,3,0,0,0,4,5,47,1,0
32x32,9,11,3,4,2,8,7,15,1,0
2x22,17,3,9,6,0,12,60,27,46,4
30x12,3,0,1,0,1,12,123,3,4,0
46x18,1,0,0,0,0,2,20,0,1,0
27x10,3,0,2,0,0,1,6,3,2,0
7x45,9,1,0,0,3,59,11,3,3,8
39x27,1,0,1,0,0,2,44,1,1,0
35x12,3,0,0,1,0,16,33,4,1,2
40x32,6,2,0,0,0,1,6,0,1,1
37x23,4,0,2,0,0,0,107,4,3,0
39x39,47,2,1,2,1,3,0,8,3,3
37x36,4,29,3,3,5,32,8,2,3,7
29x8,0,3,23,3,0,12,43,6,17,2
13x13,5,3,78,2,0,16,74,3,52,2
18x29,4,2,1,2,1,11,99,15,2,5
17x11,3,4,96,1,0,14,10,5,34,3
34x9,16,3,7,4,1,18,117,7,8,3
30x8,5,3,9,0,1,22,107,3,5,4
21x27,2,0,1,1,0,2,25,5,1,1
24x36,20,1,0,0,1,8,10,2,0,1
7x17,2,3,5,0,1,9,71,8,69,1
40x10,1,0,3,0,1,10,102,2,2,1
37x18,6,0,1,0,2,9,63,2,3,0
26x27,4,0,1,2,0,1,4,3,0,0
7x22,2,1,2,1,0,3,26,2,2,0
28x21,10,1,0,0,0,2,15,6,2,0
27x37,3,10,1,0,3,14,2,0,1,11
40x9,1,1,1,1,0,7,86,4,3,0
24x37,9,6,2,1,6,143,8,2,3,17
12x32,2,0,0,1,1,6,61,11,1,2
5x25,16,4,3,1,0,22,280,33,14,2
43x3,8,6,52,4,3,17,123,11,79,1
49x8,11,6,6,3,1,15,319,10,15,4
37x29,14,2,0,0,0,2,50,4,3,1
23x47,4,2,1,0,1,8,14,4,2,0
12x17,14,2,4,0,2,18,67,3,5,1
19x43,3,0,1,0,1,0,13,1,1,0
36x30,12,1,1,9,0,2,4,3,0,2
11x28,42,1,1,0,0,1,12,10,1,0
40x3,11,4,14,6,0,17,168,9,87,3
10x39,9,1,1,0,0,2,4,1,0,0
12x26,1,0,0,0,0,0,1,0,0,0
33x43,5,2,2,0,1,2,28,1,0,1
43x13,3,3,3,1,0,19,147,9,3,5
21x9,6,0,26,2,0,11,77,3,38,2
24x11,4,1,2,2,1,9,62,7,2,1
15x13,10,7,111,3,5,10,333,7,50,5
35x4,14,1,42,1,0,19,53,13,82,2
29x5,1,0,18,0,0,0,7,0,2,0
21x48,16,1,0,1,0,5,24,10,1,0
9x41,7,0,0,0,1,1,13,1,0,1
39x6,3,5,1,1,1,9,167,4,3,1
41x19,0,0,0,1,0,6,84,11,1,0
29x9,3,4,2,0,1,13,101,3,5,2
25x29,4,38,4,10,7,61,12,4,4,14
27x38,0,6,0,0,2,26,0,0,1,3
25x13,2,1,8,3,3,17,151,13,7,5
16x32,3,2,0,1,2,7,3,0,0,3
30x22,2,0,1,1,0,5,52,10,2,0
5x20,106,0,3,1,0,10,14,6,6,0
35x43,7,1,0,0,0,0,3,3,3,1
35x3,8,3,35,1,1,14,10,6,80,2
18x47,17,0,1,1,0,4,7,1,1,1
35x41,22,0,0,0,1,3,12,16,0,0
29x38,25,1,2,1,4,23,3,1,0,1
34x18,4,0,1,0,0,4,39,8,0,2
46x9,0,0,0,0,0,2,7,1,0,1
20x47,60,1,2,2,2,8,12,6,2,2
32x15,89,8,7,2,6,21,335,45,5,5
37x38,15,2,2,1,2,8,2,1,2,3
15x12,4,5,120,2,2,16,31,9,57,0
25x14,6,1,0,0,0,5,48,5,5,2
13x47,4,0,0,0,1,1,1,3,0,0
45x46,3,1,1,1,1,2,11,1,0,1
25x37,6,5,1,2,2,30,13,7,3,7
25x39,21,7,1,2,19,41,6,4,2,7
17x45,4,1,1,0,0,1,29,12,1,0
12x41,12,1,0,0,2,0,22,2,2,0
22x29,92,4,0,12,25,52,4,7,1,6
41x41,5,2,0,0,0,5,39,0,0,0
19x14,1,1,1,1,1,5,122,5,4,3
30x42,56,3,1,0,2,1,3,10,2,0
32x42,15,0,0,0,1,3,6,2,1,1
46x35,1,0,0,0,0,4,6,0,0,0
6x20,19,0,0,1,0,9,47,4,6,0
21x13,2,3,4,1,2,9,91,2,4,2
39x3,8,3,19,2,0,16,56,12,111,5
30x5,5,3,174,1,0,10,16,3,16,1
28x10,14,1,0,2,0,12,62,17,0,1
36x2,0,2,23,0,2,4,1,0,11,0
34x49,47,1,6,6,2,21,152,19,10,2
6x27,3,3,3,0,2,6,101,5,4,3
24x13,3,0,3,0,1,3,99,1,0,0
16x36,4,47,3,6,6,92,6,5,5,16
48x12,1,1,0,0,0,0,6,1,2,0
47x10,0,1,0,0,0,0,12,0,0,0
42x19,1,0,0,0,3,4,43,2,1,0
46x45,0,0,0,0,0,1,3,0,0,0
49x10,9,3,2,0,2,23,120,18,9,3
38x2,1,0,9,2,0,13,6,3,49,5
9x29,0,0,1,2,0,7,79,1,1,1
9x47,2,3,2,1,17,20,3,2,4,2
41x16,3,1,1,0,1,2,76,1,0,0
33x33,4,40,3,3,2,66,4,7,2,22
32x39,3,0,0,1,1,0,1,0,0,0
30x31,11,68,4,13,6,95,3,4,1,19
41x32,3,1,0,1,0,4,3,3,0,0
45x39,14,1,0,0,0,2,71,44,2,0
5x30,1,0,0,0,0,1,15,2,0,2
20x42,2,0,1,0,0,2,7,2,0,0
13x19,8,1,1,0,0,7,91,1,3,0
7x42,21,1,0,1,0,1,7,12,0,1
48x7,2,3,2,1,1,11,29,5,3,2
43x35,2,0,0,0,0,3,0,1,1,0
44x22,7,1,0,1,2,4,72,4,2,1
27x18,57,0,1,0,0,8,17,4,6,0
9x38,20,1,1,0,2,5,70,10,1,0
41x25,1,0,1,0,0,1,80,2,1,1
19x34,135,25,3,1,7,45,9,23,6,5
3x27,38,1,1,4,1,6,93,50,3,0
45x22,1,1,2,1,0,1,5,2,1,0
4x27,2,0,2,0,0,2,98,4,5,0
30x17,1,0,3,0,2,13,99,7,3,3
33x36,4,15,2,5,7,32,5,1,1,7
15x45,5,1,0,0,0,7,11,5,0,1
19x39,8,12,3,0,7,73,7,2,2,7
22x40,3,2,3,2,0,6,5,2,1,5
13x14,1,0,27,0,1,6,95,7,45,0
15x35,9,14,3,0,1,30,5,1,4,2
24x40,1,2,0,1,1,9,7,3,0,3
32x16,8,0,0,1,0,6,80,10,1,1
22x17,2,1,1,0,0,18,119,5,5,3
35x42,2,0,1,0,0,2,1,7,1,2
6x18,4,0,4,0,0,10,202,3,25,1
29x7,7,1,69,2,0,10,97,9,15,0
38x15,5,1,0,3,1,9,27,8,2,4
33x31,1,1,3,52,0,3,2,1,1,0
42x42,4,2,1,0,0,9,71,7,2,0
2x21,80,0,20,1,3,20,105,55,55,5
28x35,6,5,2,4,7,29,4,5,1,5
15x26,1,0,3,1,0,1,5,1,0,0
45x5,5,0,2,1,3,14,32,9,6,1
28x43,8,4,0,5,4,24,6,6,5,1
6x28,9,0,1,1,1,12,178,47,5,3
39x12,1,1,2,1,0,5,99,7,3,0
5x23,3,1,4,4,0,22,144,7,8,2
13x38,18,0,0,0,0,2,1,3,1,1
22x47,12,1,1,0,0,8,20,7,2,1
37x39,19,13,3,6,5,18,8,3,1,2
12x29,2,0,0,1,0,4,4,0,0,0
35x31,2,3,0,3,2,5,1,5,0,1
40x27,5,0,0,1,1,3,5,1,3,1
23x41,3,6,2,1,2,14,3,0,2,6
35x9,4,2,4,1,1,18,167,8,7,2
36x42,3,0,0,1,0,1,6,1,1,1
34x6,3,2,6,4,1,8,21,11,34,0
44x17,6,2,1,0,0,6,133,1,3,0
18x18,0,0,1,0,0,18,35,4,4,2
37x19,10,1,1,0,0,4,86,4,1,0
20x49,44,0,3,1,0,26,65,26,5,3
30x32,2,63,2,8,2,92,5,2,3,23
11x20,148,3,2,0,1,8,26,38,4,0
14x27,1,0,0,1,0,2,9,0,0,0
8x15,4,1,23,0,3,11,30,7,38,1
5x32,10,1,0,0,0,8,65,22,1,1
10x46,47,2,1,0,1,3,0,11,1,1
30x11,4,5,4,0,2,16,158,7,3,1
33x11,0,3,3,2,1,10,116,8,2,1
20x16,2,0,0,2,1,9,47,10,4,0
13x43,72,2,1,0,1,2,22,7,0,1
28x6,5,4,84,2,1,16,74,7,31,4
49x34,2,1,0,0,1,4,0,0,1,1
19x46,83,1,1,1,0,6,21,20,1,0
33x38,1,1,0,1,0,1,2,0,0,2
9x40,4,0,3,1,1,2,32,4,4,1
11x18,6,0,0,4,0,21,44,11,3,2
47x5,50,5,3,6,3,22,57,31,8,2
38x37,5,29,1,8,3,101,12,2,2,29
4x26,10,0,0,0,0,0,28,4,2,1
24x45,1,0,1,0,1,6,41,2,0,0
24x14,0,0,0,1,0,4,82,3,2,0
18x43,15,1,1,0,1,2,44,16,1,4
42x4,5,1,27,3,3,25,82,13,25,5
28x36,2,4,0,0,4,15,7,1,4,10
41x3,12,3,23,3,0,14,120,11,97,3
46x46,0,1,2,0,0,1,10,0,0,0
20x10,11,5,28,1,1,18,9,7,38,1
34x10,12,2,2,3,0,19,144,7,8,2
8x20,19,0,2,0,0,9,38,3,6,0
11x15,12,2,5,2,1,22,152,34,73,5
11x14,2,1,41,1,0,17,7,16,40,3
25x30,20,20,4,11,7,51,6,3,3,22
12x15,6,4,5,1,1,19,128,9,34,2
41x7,4,3,5,2,2,27,139,15,10,7
39x26,1,1,0,0,0,4,28,3,1,0
23x29,16,22,5,14,27,154,15,8,9,23
28x25,2,1,2,0,1,5,33,3,2,1
38x36,17,38,4,5,21,69,9,7,2,14
28x33,2,42,0,12,3,79,4,4,6,11
17x37,0,14,0,2,1,32,4,3,2,5
48x11,0,0,2,0,0,2,10,0,0,0
38x24,1,0,2,0,0,3,5,3,1,1
24x32,17,13,4,2,4,19,8,7,2,4
31x14,2,0,0,0,0,1,11,0,0,0
45x16,1,0,0,0,0,1,57,1,2,0
26x14,1,1,1,0,0,5,16,2,1,0
38x33,17,4,0,1,0,5,2,3,1,0
32x14,1,0,1,0,0,2,21,1,2,2
41x12,6,2,0,0,0,11,135,2,2,0
6x22,7,4,2,1,2,10,46,9,7,2
29x27,8,0,2,12,0,2,5,1,1,0
33x13,5,4,2,1,2,23,106,3,7,7
21x33,27,3,2,4,8,28,5,4,1,3
30x48,4,2,1,0,0,1,9,3,0,0
6x35,10,1,0,0,1,0,4,2,1,1
8x30,5,0,0,0,2,2,11,4,0,0
46x6,2,0,0,0,1,10,76,3,5,0
16x28,8,2,1,2,0,3,47,1,1,2
7x44,3,0,2,0,30,11,1,2,1,1
5x21,195,4,1,2,0,7,48,29,12,3
9x39,3,1,1,1,1,2,22,1,0,0
21x34,2,0,4,1,11,34,8,7,3,4
10x19,21,1,2,0,1,5,89,29,4,1
22x7,1,0,8,0,0,6,26,2,7,3
28x12,11,0,1,0,1,11,148,16,5,0
10x29,1,2,0,0,0,4,52,6,2,2
43x19,6,0,0,0,0,1,149,14,3,1
27x20,11,0,1,1,0,4,12,0,2,1
34x40,10,46,7,24,15,118,14,5,12,20
27x6,1,0,8,1,0,6,22,4,6,5
22x13,3,3,3,2,1,31,66,5,1,4
44x23,3,0,1,2,0,6,4,5,2,3
27x19,51,2,4,11,0,6,16,8,2,4
13x45,12,0,0,0,0,4,8,6,0,1
28x28,27,1,2,0,0,4,2,10,1,1
20x9,6,3,20,0,3,9,8,1,26,3
22x25,2,1,0,1,0,9,119,5,5,1
19x27,1,1,1,2,1,4,14,2,1,1
7x38,14,0,0,0,2,4,13,3,3,0
36x34,44,35,2,12,11,35,5,2,3,8
46x49,30,2,8,3,6,42,255,20,41,10
6x31,74,1,0,1,0,7,48,15,0,1
37x15,1,1,1,0,0,2,51,4,4,0
32x5,3,2,23,0,0,5,2,3,16,2
44x31,2,0,0,0,0,3,34,1,1,0
6x21,104,0,2,2,2,6,33,24,4,1
48x40,1,0,0,2,0,4,15,3,0,0
15x40,4,0,0,0,0,2,30,5,0,0
4x18,7,1,39,1,0,16,117,12,96,5
23x9,10,1,68,3,3,15,133,12,18,2
38x6,5,0,4,0,0,1,188,7,9,1
24x24,7,1,3,2,3,10,51,2,6,2
21x30,5,19,2,4,1,28,7,6,3,35
6x37,4,3,0,1,0,8,99,0,3,1
13x32,2,3,1,0,2,4,99,7,3,2
31x42,37,6,0,2,0,4,4,6,2,0
3x31,5,1,0,1,0,1,25,4,3,0
36x32,7,50,3,8,6,64,6,4,3,17
16x33,13,44,4,12,4,79,9,9,5,7
23x35,1,4,2,1,22,14,4,2,1,3
16x37,2,52,2,5,2,67,2,1,2,6
43x27,0,0,2,0,0,2,16,1,0,0
46x48,1,3,0,0,1,7,92,3,0,3
34x39,7,6,2,1,4,4,0,4,1,1
17x12,4,1,8,2,1,16,120,10,10,3
38x14,1,4,0,1,0,8,102,3,3,2
10x41,0,1,1,0,0,4,25,1,0,1
10x15,6,0,2,3,3,16,174,5,69,3
3x29,2,1,1,1,0,10,70,9,4,2
30x39,4,1,2,4,0,1,1,1,0,0
45x13,4,1,4,5,0,6,71,3,2,4
19x31,7,19,1,18,3,49,8,7,1,31
36x12,4,1,1,1,1,6,150,14,2,1
29x6,6,1,74,1,2,9,42,8,38,1
24x43,75,12,2,7,24,43,20,4,2,4
43x16,2,0,0,0,0,1,28,0,1,1
17x44,22,0,1,6,1,4,31,6,3,0
16x42,2,0,0,1,1,4,19,1,1,1
37x42,8,0,0,0,0,5,9,5,0,0
15x14,1,0,2,1,0,12,116,6,17,0
42x41,0,1,1,1,0,2,64,0,2,1
19x45,12,2,0,0,1,5,2,10,0,2
32x28,3,0,1,4,0,1,3,3,0,1
16x43,6,1,1,0,1,5,54,0,2,0
6x43,8,2,3,0,19,4,3,0,2,1
43x4,3,2,51,1,0,15,154,10,42,1
40x40,4,0,0,1,0,0,8,1,2,1
40x20,11,0,1,0,4,5,228,14,5,0
29x14,2,2,6,1,0,5,17,5,1,0
27x31,30,5,1,7,14,13,3,2,0,2
42x37,41,2,0,2,2,9,37,15,4,0
21x11,10,3,57,2,2,11,27,8,53,3
21x10,3,2,23,0,1,5,55,2,16,0
29x44,4,2,0,1,0,3,8,8,0,0
46x47,1,1,0,0,0,7,27,2,5,4
43x33,0,0,0,0,1,5,1,1,0,0
40x23,0,0,2,1,0,8,23,1,0,0
2x33,48,3,0,0,2,2,24,31,0,0
20x39,3,3,1,1,3,19,2,1,0,6
34x17,4,1,2,0,0,11,176,7,3,1
16x40,81,0,0,0,0,5,69,15,0,0
36x28,25,1,0,1,0,1,1,6,1,0
26x23,5,1,1,0,0,4,20,0,2,0
47x7,1,2,1,2,0,15,20,3,6,3
19x28,14,4,0,0,0,6,23,5,0,3
49x13,9,1,2,3,0,9,78,7,5,0
42x22,2,1,2,1,0,0,161,1,2,2
5x31,11,1,0,0,1,4,55,23,5,2
26x6,3,1,15,3,2,18,50,12,14,2
7x35,2,0,0,0,0,0,2,0,0,2
45x47,3,0,0,0,2,1,7,1,1,2
37x6,2,1,0,1,0,5,25,4,3,3
24x46,5,1,3,2,2,8,35,5,4,1
6x38,3,0,0,0,1,1,47,1,1,1
16x47,22,0,0,0,0,5,11,10,2,5
43x32,2,0,0,1,0,5,4,2,1,0
22x46,5,0,1,1,0,1,9,0,3,1
14x16,7,7,4,1,1,16,386,14,11,1
35x19,31,0,4,0,0,18,105,5,5,0
8x26,3,0,1,1,1,3,27,3,6,0
30x23,3,0,0,0,0,2,23,3,0,1
41x17,8,0,1,0,1,14,58,5,0,3
23x24,6,2,2,3,3,8,45,4,6,1
17x13,17,6,16,3,0,14,100,9,20,2
29x45,24,4,1,1,0,8,5,2,2,2
39x14,0,0,1,0,1,3,15,2,1,0
32x29,3,0,1,36,0,4,1,1,0,0
35x13,8,0,4,1,2,3,88,8,1,1
46x20,1,0,1,0,0,1,10,2,0,1
49x11,7,1,4,2,1,8,136,6,8,0
44x38,30,2,0,1,0,5,16,4,2,0
23x15,13,4,11,0,2,41,163,24,6,10
21x28,6,13,11,12,13,55,14,8,4,4
2x38,15,2,1,1,6,63,25,7,1,2
33x28,6,0,1,2,0,4,2,5,1,0
6x34,2,0,0,0,0,3,1,0,0,1
35x32,4,90,5,7,2,103,4,6,2,26
23x40,4,5,2,0,0,15,5,2,0,13
26x20,3,0,1,1,0,2,9,2,1,0
22x44,0,1,2,0,1,5,23,0,1,1
29x25,2,1,2,0,1,5,22,3,4,0
19x16,1,1,1,0,2,3,59,0,2,0
29x11,2,2,2,1,0,1,19,4,0,1
3x22,16,4,3,1,1,7,99,20,12,1
21x41,3,6,1,1,2,28,3,3,0,4
41x34,21,0,0,0,0,4,4,2,1,1
25x20,17,1,0,0,0,2,13,5,0,0
9x17,2,2,3,3,0,13,72,6,7,2
21x15,0,3,2,3,1,9,100,2,3,3
41x42,3,0,1,2,0,4,16,10,2,0
28x23,1,2,0,0,0,3,106,4,1,2
47x6,1,1,2,0,0,8,3,1,0,0
14x32,1,2,1,0,0,7,64,7,1,2
48x8,18,1,5,1,1,12,87,30,16,1
10x20,162,0,0,1,0,11,4,13,3,1
34x16,1,0,2,2,0,5,198,2,3,0
46x2,4,2,35,0,1,18,137,7,29,0
31x18,3,0,0,0,0,6,36,1,1,1
17x16,0,2,2,0,1,10,111,1,4,0
17x28,6,0,1,1,1,2,40,21,2,2
27x36,1,0,0,2,5,44,3,0,1,6
43x34,2,2,1,0,0,11,5,3,2,2
23x17,17,8,10,5,5,58,413,59,14,10
37x17,2,0,0,1,0,7,88,0,2,1
20x27,3,0,1,0,0,2,18,4,0,0
33x34,3,17,2,6,3,38,2,6,0,17
11x29,24,0,1,0,1,2,32,6,2,4
22x32,2,41,2,11,4,108,4,0,5,25
11x30,1,0,0,0,0,2,5,0,2,0
25x48,3,1,0,0,0,3,21,4,4,0
21x25,1,2,2,1,1,4,19,3,3,3
33x6,2,0,6,0,2,11,113,9,54,2
9x19,15,1,2,2,0,7,184,2,3,3
26x12,16,3,1,2,0,7,13,5,1,2
24x18,3,0,0,1,3,10,101,3,2,2
20x32,4,34,8,10,2,69,5,5,6,47
20x30,10,15,4,19,25,91,6,5,2,20
42x27,0,0,1,0,0,1,23,4,1,0
15x49,3,0,2,0,0,4,16,5,1,0
26x21,3,5,0,0,0,1,5,2,0,0
2x39,17,0,2,0,2,6,8,2,3,0
9x43,17,0,2,1,1,8,4,0,1,0
40x37,25,1,1,20,0,11,6,18,0,2
24x27,22,2,2,2,1,5,9,7,2,0
12x13,5,0,10,1,0,2,3,2,18,0
30x19,3,1,1,0,0,6,80,2,1,0
39x9,0,1,1,2,0,10,106,0,3,2
21x26,0,1,0,0,0,1,34,0,1,0
9x45,1,0,0,0,7,2,0,1,2,3
40x28,1,1,1,0,0,7,1,9,1,0
16x19,1,0,0,0,1,5,24,2,2,0
20x11,4,2,42,1,0,11,44,5,30,2
22x27,5,1,0,4,1,6,11,2,0,2
15x38,9,3,1,1,1,15,3,1,0,0
9x46,5,1,0,0,18,14,3,4,2,3
41x39,4,1,1,0,0,2,5,3,2,0
21x44,6,2,2,1,1,4,3,2,1,0
14x39,10,1,0,0,0,2,25,1,1,1
45x3,2,3,31,1,1,6,70,6,17,0
34x31,7,2,0,20,0,4,1,1,3,0
37x34,25,36,2,9,13,41,6,10,1,3
38x9,2,4,6,0,2,29,221,8,5,6
11x17,2,3,1,0,1,12,139,2,2,3
38x23,20,1,1,0,0,4,149,6,1,1
29x40,14,12,4,6,12,29,20,7,2,0
37x21,1,1,1,0,0,3,52,0,1,1
7x47,2,0,0,0,1,8,6,1,2,3
27x34,9,70,2,13,8,121,7,6,4,13
10x34,0,1,0,0,0,1,0,1,0,0
5x39,8,0,1,0,1,2,6,4,2,0
25x38,3,0,0,1,0,4,0,2,0,1
24x26,14,4,1,1,0,4,19,11,2,1
28x14,1,0,0,0,1,4,18,1,3,0
27x48,3,0,1,0,0,0,3,0,1,0
16x44,11,0,1,0,0,0,29,6,0,1
28x15,8,1,1,0,1,11,98,10,4,1
39x2,0,0,18,0,0,8,1,6,24,1
35x17,3,1,2,0,0,13,169,2,2,3
26x9,1,0,20,0,0,5,38,2,29,4
11x27,3,0,0,0,0,0,2,1,0,0
26x31,10,1,0,3,2,3,1,4,2,0
2x34,57,1,0,1,3,5,34,66,3,2
31x39,3,0,0,1,0,2,1,2,0,0
32x34,4,22,1,4,12,62,4,8,0,21
16x31,3,3,0,1,0,2,15,0,1,0
19x29,50,24,7,12,20,39,19,6,4,6
41x30,1,0,1,0,0,1,0,2,0,0
26x30,32,12,2,10,0,24,4,6,2,2
22x8,6,3,89,3,2,13,102,8,40,4
16x34,54,14,2,11,10,39,6,10,1,6
28x29,17,1,1,0,0,3,8,5,1,2
38x4,4,1,4,0,1,18,70,11,65,3
44x16,2,1,0,0,0,6,19,3,1,0
18x15,9,2,2,3,0,15,115,8,9,5
40x13,1,0,0,1,2,12,44,5,0,1
17x32,3,38,3,15,12,104,11,5,9,20
12x49,31,1,4,1,1,7,5,5,1,1
37x14,0,1,1,1,1,5,139,1,2,0
19x11,15,0,49,1,0,9,144,5,50,1
33x9,9,1,4,1,0,10,67,14,3,0
31x20,3,1,1,0,0,9,180,6,2,0
18x33,6,10,0,3,14,54,5,8,1,26
43x2,4,3,33,1,0,13,13,5,63,1
25x32,15,11,1,8,2,33,5,7,1,7
40x6,9,4,3,1,0,37,166,47,11,10
2x27,25,3,3,2,0,13,104,26,4,3
18x31,9,46,4,25,5,101,6,3,3,12
45x38,1,0,0,1,0,1,2,1,0,0
35x16,0,0,2,1,1,6,246,4,4,0
22x23,3,2,0,0,0,2,75,17,3,0
24x35,6,0,0,1,1,4,2,1,0,0
46x34,3,1,0,1,3,2,29,3,3,0
2x32,8,2,1,0,0,7,52,5,10,3
31x30,35,12,7,18,7,36,6,7,3,6
28x26,3,2,1,1,0,9,20,0,0,1
18x41,1,0,1,0,0,0,15,2,0,0
19x44,43,1,0,0,1,7,6,25,4,2
6x44,3,1,1,0,2,42,5,2,1,2
39x15,2,0,1,1,0,4,22,0,2,1
28x39,42,14,2,5,4,12,2,4,7,7
47x48,0,0,0,0,0,3,27,6,2,0
40x29,5,1,0,0,0,3,8,1,4,2
28x38,8,4,2,1,4,37,5,2,0,10
41x6,4,4,15,2,3,43,239,12,12,10
40x4,1,3,4,0,1,14,61,5,11,2
45x36,1,0,0,0,0,1,3,0,2,0
23x37,68,3,8,2,15,195,13,5,5,23
43x22,1,0,0,0,1,5,87,2,0,0
40x43,1,3,5,0,2,1,10,3,3,0
41x40,8,2,0,1,0,5,76,1,2,1
18x36,0,10,2,2,1,29,2,2,2,9
25x47,6,2,1,0,0,2,39,11,3,1
19x12,14,2,7,3,1,12,83,61,17,0
30x30,28,3,0,11,5,25,5,9,0,6
42x15,4,1,1,1,0,1,98,3,4,0
12x43,80,1,2,0,2,1,2,19,1,2
38x35,56,16,4,7,9,31,7,18,0,6
26x13,8,5,2,0,0,15,41,4,4,0
40x18,1,1,0,0,0,1,36,2,0,0
12x46,32,0,4,1,2,5,4,7,2,0
30x14,2,0,1,0,0,2,19,2,0,0
18x10,0,1,5,1,0,1,3,5,11,1
34x27,53,0,1,0,0,2,15,15,0,1
25x25,0,0,0,0,1,2,7,2,0,1
2x28,70,3,4,3,3,12,131,26,11,1
19x41,8,0,1,0,1,6,18,3,0,1
29x16,0,1,4,1,1,11,105,18,1,2
17x39,59,0,1,0,1,0,9,15,0,0
22x10,3,2,51,1,1,15,47,1,24,2
27x25,3,1,0,0,0,0,2,0,2,0
36x10,2,1,1,2,1,17,56,8,2,0
33x49,10,2,5,4,4,11,124,19,4,5
36x4,7,3,13,1,0,6,12,7,31,0
20x38,53,5,2,1,29,99,10,1,0,6
25x42,6,12,2,5,1,35,6,3,6,9
33x15,2,4,0,2,1,9,71,11,2,3
16x39,35,0,0,0,0,0,14,5,0,0
28x48,2,0,1,0,1,1,2,2,0,1
29x46,16,1,3,3,2,6,38,5,4,2
42x7,2,0,1,2,0,7,16,3,0,3
36x26,4,0,0,1,0,4,9,7,2,0
39x42,6,0,0,0,0,2,11,0,1,0
32x7,4,2,16,1,0,14,114,4,18,7
44x39,1,0,1,0,0,0,4,3,4,1
17x42,6,0,0,1,0,7,23,4,2,2
8x42,2,0,1,1,0,1,3,5,0,0
24x10,3,1,1,0,1,8,66,8,14,1
15x29,3,3,0,1,1,3,19,0,2,0
13x33,6,0,0,0,0,4,27,10,1,1
32x48,8,0,0,0,0,1,9,0,0,0
20x37,21,59,10,6,5,64,12,10,7,12
