,CD71.CCGTGTTCCTCATTA,CD235ab.GCTCCTTTACACGTA,CD146.CCTTGGATAACATCA,CD49b.GCTTTCTTCAGTATG,TMEM132D,CPNE5,RNA18S5,NMNAT1
45x44,0,2,0,0,0,0,0,0
20x14,0,2,1,2,0,0,2,0
44x42,0,0,0,1,0,0,1,0
42x3,4,41,1,3,2,1,14,1
11x40,0,0,1,1,0,0,17,1
33x40,42,11,13,0,1,0,339,3
25x22,0,0,1,1,0,0,2,0
10x36,0,0,0,2,0,0,17,1
28x9,3,24,1,1,1,2,9,1
19x33,16,3,5,32,0,2,192,3
5x18,3,7,1,2,2,0,2,0
42x14,0,2,0,0,2,1,7,0
9x34,1,1,0,0,0,0,19,0
46x8,1,2,0,0,0,0,1,0
16x38,9,2,0,2,0,0,117,0
31x6,4,50,3,0,1,0,6,0
25x49,6,20,11,8,1,0,26,1
21x38,4,3,0,8,0,0,154,0
28x32,57,6,9,6,0,0,205,0
18x7,0,3,0,1,0,0,4,0
20x7,1,27,0,2,1,0,4,1
33x35,9,4,1,3,0,0,141,0
37x16,0,0,1,0,0,0,4,0
7x28,0,2,2,0,0,0,19,0
21x43,0,1,0,0,0,0,12,0
32x49,7,3,3,3,0,0,9,1
35x26,0,0,1,1,0,0,4,0
24x48,1,0,1,1,0,0,7,0
22x43,0,3,0,1,0,0,6,1
33x44,0,0,0,0,0,0,1,0
13x37,0,0,1,0,0,0,4,0
36x40,0,0,0,0,0,0,13,0
34x4,0,40,0,0,1,3,1,0
34x20,1,2,0,1,0,0,10,0
33x25,0,2,0,0,0,0,5,0
44x24,0,0,1,1,0,0,1,0
44x33,0,0,0,2,0,0,11,0
18x12,6,19,3,1,2,0,3,0
35x27,0,1,1,0,0,0,6,0
30x10,3,2,0,1,0,0,7,0
37x33,66,3,17,16,0,0,324,0
23x7,4,12,2,1,0,0,4,2
20x12,3,6,1,2,0,0,4,0
18x26,3,1,0,1,0,0,4,0
7x41,2,0,0,1,0,0,40,0
39x34,1,0,0,0,0,0,19,0
21x8,2,84,6,3,1,0,12,0
9x28,2,2,0,0,0,0,11,0
36x29,1,0,0,0,0,0,6,0
5x41,0,0,0,2,1,0,33,0
41x14,0,1,1,0,0,1,7,0
28x24,5,18,2,1,0,0,47,1
14x33,0,0,2,0,0,0,22,1
12x47,0,2,0,0,0,0,0,0
42x12,1,1,0,0,0,0,2,0
44x21,0,1,0,0,0,0,1,0
37x10,2,1,0,2,0,0,11,0
24x47,0,1,0,0,0,0,1,1
41x22,0,1,1,0,0,0,0,0
6x19,4,4,2,2,1,0,9,0
31x43,2,0,1,0,0,0,9,0
49x9,3,8,1,1,0,0,8,0
48x2,2,12,1,0,0,0,55,0
9x35,2,2,0,0,0,0,10,1
30x24,2,7,3,1,0,0,32,2
38x30,0,1,0,0,0,0,47,0
40x31,1,1,0,0,1,0,10,0
19x17,2,2,2,1,2,0,0,0
3x24,0,0,0,0,0,0,2,0
32x43,0,0,2,0,0,0,9,0
17x40,0,0,0,1,0,0,25,1
19x18,3,5,2,3,1,0,1,0
43x6,1,2,0,0,0,0,5,0
15x27,1,2,2,1,0,0,4,0
15x33,7,3,5,2,0,0,77,1
40x33,0,6,0,0,0,0,13,0
26x29,30,1,11,3,0,0,131,0
45x7,0,2,0,0,0,0,2,0
43x23,0,0,0,0,0,0,5,0
27x21,0,1,0,0,0,0,12,0
26x19,2,0,4,1,0,0,15,0
5x26,0,3,0,3,2,0,4,0
43x12,1,5,0,0,0,0,1,0
15x36,56,6,6,16,1,0,437,0
30x49,5,0,7,0,0,0,11,1
10x49,1,3,1,22,0,0,9,0
45x32,1,1,1,0,0,0,7,0
21x39,4,1,1,0,0,0,22,0
38x42,2,3,0,0,0,1,22,0
20x28,5,0,4,5,0,0,126,1
10x40,2,1,1,0,0,0,14,0
41x21,0,0,1,0,0,0,4,0
10x44,0,0,0,0,0,0,3,0
35x10,2,1,0,1,0,0,1,0
33x39,4,0,1,0,0,0,11,0
18x17,2,4,3,1,0,1,0,0
17x30,3,3,1,0,0,0,17,1
42x35,1,0,0,0,0,0,14,0
17x29,1,0,3,0,0,0,16,0
45x43,0,0,0,0,0,0,2,1
44x13,3,6,1,2,0,0,0,0
31x19,2,0,0,0,0,0,12,0
14x46,0,4,1,0,0,0,3,0
9x30,1,1,1,3,0,0,5,0
24x8,3,21,3,0,4,0,12,4
46x5,2,5,1,1,0,0,29,1
41x13,2,0,0,1,0,0,4,0
29x33,22,0,9,2,0,2,167,2
25x16,3,1,0,1,0,0,8,1
28x41,26,5,3,2,1,1,323,1
21x18,0,1,0,1,0,0,3,0
3x34,1,1,1,1,0,1,41,0
47x8,0,4,0,3,0,0,2,1
35x28,1,0,0,0,0,0,31,0
20x15,0,2,1,0,0,0,5,1
19x42,0,0,0,1,0,1,11,1
40x41,0,0,0,0,0,1,3,0
27x28,2,1,1,0,0,0,53,1
29x22,0,2,1,1,0,0,3,1
38x10,5,1,1,2,0,0,3,0
4x20,1,2,0,2,1,0,13,0
35x15,2,3,0,1,1,1,13,2
21x35,4,1,0,0,0,0,77,1
33x48,0,0,1,0,0,1,5,0
3x40,1,1,2,2,0,0,21,1
35x44,1,1,2,0,0,1,4,1
40x8,1,4,3,0,0,0,5,0
7x31,3,3,0,0,0,0,22,0
23x23,0,1,1,1,0,0,11,0
32x35,6,0,2,3,0,0,128,1
16x14,1,5,3,1,2,0,8,1
43x5,5,10,0,2,1,0,21,0
35x40,6,1,9,11,0,0,90,0
45x6,1,3,0,1,0,0,1,0
34x38,0,0,0,1,0,0,27,0
20x34,1,1,0,31,0,0,166,0
17x9,0,15,0,0,0,0,2,0
21x47,0,0,0,0,0,0,4,1
17x36,20,2,2,0,0,1,346,1
43x30,0,0,0,1,0,0,6,0
49x6,0,3,0,0,0,0,6,1
42x30,0,1,1,0,0,0,7,0
27x9,2,8,1,0,0,0,11,0
22x37,1,3,0,12,0,0,112,1
28x19,3,2,2,1,0,0,7,0
37x7,2,5,2,1,2,0,17,1
19x9,0,64,3,1,0,2,5,1
24x17,3,5,1,2,1,0,4,0
11x45,0,0,0,0,0,0,2,0
5x38,0,0,1,1,0,0,9,0
41x35,1,2,0,3,0,0,11,0
34x8,3,3,7,2,0,0,9,5
3x20,0,2,3,0,1,0,18,0
20x31,6,0,3,7,0,0,241,0
21x7,1,66,0,0,1,0,6,0
11x38,0,0,1,0,0,0,6,0
25x40,0,1,4,0,0,0,97,1
34x3,1,49,2,1,0,0,1,0
15x17,8,6,3,2,0,1,1,0
23x38,0,1,1,2,1,1,16,0
41x24,0,1,0,0,0,0,15,0
14x41,0,0,1,2,0,0,4,1
43x39,2,1,0,2,0,0,3,0
45x17,0,2,0,0,0,0,1,0
27x26,1,1,0,0,0,0,6,0
7x37,1,0,0,0,0,0,6,0
35x34,65,2,2,3,0,0,389,1
18x19,1,0,0,0,0,0,6,0
15x28,2,2,0,0,0,0,30,0
7x29,2,2,2,0,0,0,7,0
42x34,1,0,0,0,0,0,13,0
39x33,1,1,0,0,0,0,4,0
18x28,0,1,0,0,0,0,19,0
12x45,0,0,0,0,0,0,6,0
7x43,0,0,0,0,0,0,21,0
4x25,2,1,1,1,0,0,7,0
37x9,4,4,2,0,0,0,4,0
37x28,0,1,0,0,0,0,39,0
44x44,1,1,0,0,0,0,1,0
23x44,0,2,0,0,0,0,6,0
18x30,32,7,18,11,0,1,307,2
40x17,1,0,2,0,1,0,6,0
34x35,9,3,0,1,0,0,165,1
2x41,0,0,0,0,0,0,21,0
30x36,3,0,2,5,0,0,246,0
39x19,0,0,0,0,0,0,3,0
25x8,3,82,4,3,1,0,11,8
14x47,4,0,0,0,0,0,10,0
47x39,0,0,0,0,0,0,0,0
41x10,0,2,0,1,0,0,4,0
38x8,5,5,0,4,0,0,7,3
40x22,0,0,0,0,0,0,1,0
33x32,9,3,10,2,1,0,37,0
22x39,4,1,0,0,0,0,15,1
37x20,3,2,0,1,0,0,6,0
38x7,1,0,0,1,1,1,9,1
31x46,3,0,0,0,0,1,4,0
39x38,1,0,1,0,0,0,37,0
4x37,0,1,0,0,0,0,6,0
44x35,1,0,1,0,0,0,2,0
29x10,1,4,2,1,0,0,9,0
6x33,3,0,0,0,0,0,12,0
17x17,2,2,0,1,0,0,7,1
16x49,0,0,0,0,0,0,8,1
25x18,1,2,1,0,1,0,12,0
13x31,1,0,2,0,0,0,12,0
38x18,1,1,0,0,0,0,5,0
37x27,0,2,0,0,0,0,8,0
39x4,4,2,1,0,0,1,6,0
13x41,3,0,0,0,0,0,22,0
25x45,1,0,0,2,0,0,4,0
14x30,0,0,1,1,0,1,9,1
26x48,1,0,0,1,0,0,4,0
22x16,4,5,0,1,0,0,0,0
15x37,17,5,2,8,1,0,93,2
14x26,0,0,0,0,0,0,2,0
18x37,1,0,2,0,0,0,19,0
25x26,1,0,1,0,0,0,20,0
31x31,57,7,15,6,0,0,416,0
9x27,0,0,0,0,0,0,3,0
39x18,1,0,0,0,0,0,1,0
30x28,0,0,6,0,0,0,48,0
3x26,1,0,0,2,0,0,3,0
38x12,5,4,1,1,1,0,5,0
36x41,1,1,0,1,0,0,43,0
11x47,0,0,0,1,0,0,3,0
6x41,0,0,0,1,0,0,18,0
33x12,3,8,2,4,0,0,6,0
25x27,0,0,5,1,0,0,22,0
49x3,4,2,4,1,0,0,15,1
44x40,1,4,0,1,0,0,11,2
41x38,1,0,0,0,1,0,55,0
20x40,1,0,3,3,0,0,61,1
14x43,1,0,0,1,0,0,2,0
37x35,55,1,3,3,0,0,254,0
37x8,2,3,1,0,1,0,9,3
26x40,4,2,1,1,3,0,106,0
9x36,1,0,0,0,0,0,11,0
12x27,1,0,0,0,0,0,1,0
30x16,1,1,0,0,0,0,3,0
25x41,9,1,2,3,0,2,344,0
26x7,2,7,1,2,4,2,4,1
20x25,1,2,0,1,0,0,1,1
2x31,1,1,0,2,0,1,21,0
34x36,7,0,3,2,1,0,230,0
11x48,0,0,0,1,0,0,2,0
27x14,0,3,0,0,0,0,7,2
11x46,2,1,1,0,0,1,8,0
8x25,0,0,1,0,0,0,5,0
33x17,2,3,2,1,0,0,1,1
20x26,0,0,0,1,0,0,3,0
41x9,0,1,1,1,0,1,0,1
33x4,4,82,3,1,2,0,3,0
14x44,3,0,0,1,0,0,4,0
16x41,0,0,0,0,0,0,23,0
32x47,3,0,0,1,0,0,1,0
27x32,7,0,3,0,0,0,43,0
22x36,0,0,0,0,0,0,13,0
7x21,1,2,1,2,0,0,1,1
5x35,0,0,0,0,0,0,25,0
6x25,4,3,2,1,0,0,5,0
16x45,0,0,0,0,0,0,2,0
41x4,4,46,0,1,0,0,14,0
36x13,1,1,1,0,0,0,5,1
17x14,3,2,1,1,1,0,6,0
17x48,3,2,4,0,0,1,6,0
11x16,5,2,0,0,1,0,4,0
6x26,1,1,0,0,0,0,1,0
39x13,2,1,0,1,0,0,3,0
16x13,0,20,3,1,1,0,4,0
32x22,0,0,1,0,0,0,3,1
21x42,1,0,1,4,0,0,35,0
14x18,1,4,1,1,0,0,0,0
2x23,2,5,1,2,1,0,9,0
40x35,4,0,2,0,0,0,13,0
34x12,3,7,2,1,1,0,5,0
48x6,1,1,0,0,0,0,2,0
39x8,1,2,1,0,0,0,1,0
49x4,3,1,1,2,0,0,34,0
32x24,1,2,4,0,0,0,10,0
39x37,2,1,0,2,0,0,28,0
46x39,0,0,0,0,0,0,0,0
26x35,19,0,7,5,0,0,90,2
43x31,0,1,1,1,0,0,9,0
32x6,0,11,0,0,4,0,5,0
9x37,1,1,0,1,0,0,5,0
3x37,0,0,0,0,0,0,7,0
15x47,1,0,0,0,1,0,16,1
35x22,0,0,0,0,0,0,6,0
19x40,9,3,3,14,0,0,227,0
35x29,0,0,0,0,0,0,10,0
7x25,1,2,0,1,0,0,16,0
29x35,1,0,1,17,0,0,119,0
22x45,0,0,0,0,0,0,1,0
41x15,1,6,0,0,0,0,6,0
35x5,2,6,1,1,4,0,16,1
33x7,2,5,1,0,0,1,2,2
15x34,19,5,7,8,0,0,193,0
24x33,4,4,5,2,0,1,61,4
38x11,0,0,0,1,1,0,12,0
11x32,1,1,0,0,0,0,5,0
11x49,0,0,0,0,0,0,5,0
3x23,2,1,0,1,0,1,11,0
19x26,2,1,0,1,0,0,11,0
22x41,1,0,1,2,0,0,162,0
5x43,1,1,1,3,0,0,9,1
12x40,0,0,0,0,0,0,8,1
32x11,1,1,1,0,0,0,1,1
18x11,2,18,0,1,0,0,24,0
43x26,0,0,1,0,0,0,0,0
37x13,2,0,2,1,0,0,4,0
25x9,1,15,0,2,2,2,10,0
7x19,1,2,1,0,0,0,6,0
36x27,0,0,12,0,0,0,7,0
5x22,3,5,1,0,0,0,10,0
4x28,1,1,0,1,0,0,21,0
38x13,0,2,1,1,0,0,10,0
24x30,21,3,7,2,0,0,226,2
25x19,3,2,1,1,0,0,8,0
15x42,0,1,0,0,0,2,9,0
18x34,27,2,4,2,0,0,354,3
45x19,0,0,0,1,1,0,2,0
12x48,0,0,1,0,0,0,2,0
44x4,2,24,2,2,0,0,28,0
42x9,2,3,0,0,0,0,1,0
7x39,1,2,1,1,0,0,7,0
34x32,51,5,19,14,0,4,154,2
33x27,1,1,1,0,0,0,17,0
38x31,3,1,0,0,0,0,34,0
44x43,0,0,0,0,0,1,2,2
8x40,1,2,0,1,0,0,7,0
48x10,2,1,0,0,0,0,3,0
8x16,3,9,3,0,2,0,2,1
26x15,5,6,0,0,0,0,4,1
31x34,14,2,3,7,0,1,348,2
39x11,0,0,1,0,0,0,4,0
6x42,0,0,0,0,0,0,6,0
47x34,1,1,0,0,0,2,16,0
18x39,1,1,0,6,0,0,13,1
27x29,2,3,2,3,0,0,92,0
4x23,0,4,0,0,0,0,7,0
31x32,94,4,8,4,0,0,306,0
4x31,1,1,1,1,0,0,15,0
22x28,25,2,3,5,0,0,394,3
20x48,2,0,0,1,0,0,2,0
12x14,4,38,2,0,5,1,5,2
45x15,0,0,0,0,0,0,3,0
27x40,2,3,3,0,0,0,120,1
26x34,48,1,12,2,0,0,245,0
26x17,2,2,1,0,0,0,4,1
11x35,2,0,0,0,0,0,13,0
35x35,30,4,4,4,0,0,205,3
39x24,0,0,0,0,0,0,3,0
10x18,0,3,3,2,0,0,1,0
23x33,0,3,0,12,1,0,82,1
23x36,1,2,1,3,0,0,51,0
37x41,0,1,0,0,0,0,34,0
40x7,5,4,2,1,0,0,11,0
22x26,1,0,0,0,0,0,8,0
42x28,1,0,1,0,0,0,11,1
3x30,0,0,2,1,0,0,6,0
28x7,6,122,2,1,2,2,8,2
48x4,2,2,0,1,1,0,26,0
4x21,3,3,6,4,2,0,23,0
13x44,2,1,0,2,0,0,1,0
33x18,0,0,2,0,0,0,8,0
43x20,1,1,0,0,0,0,4,0
14x31,2,0,1,0,0,0,7,0
23x31,59,4,19,3,0,0,459,0
19x47,4,0,2,0,0,0,13,1
39x5,0,2,0,0,0,0,17,0
27x7,1,3,0,0,0,0,6,1
6x23,0,0,0,2,1,1,4,0
42x23,1,0,2,1,0,0,1,0
41x18,1,2,1,1,0,0,4,0
41x27,0,0,0,0,0,0,2,0
32x10,2,2,3,0,0,0,6,0
34x19,1,2,0,1,0,0,4,0
25x7,2,12,1,1,1,2,6,2
24x44,1,4,0,0,0,0,3,0
23x14,1,0,0,1,0,0,10,0
42x20,0,3,1,0,0,0,8,0
35x30,0,1,0,1,0,1,40,1
41x8,3,3,3,1,0,0,4,1
22x18,2,1,0,2,0,0,4,0
24x38,0,0,0,1,0,0,18,0
28x37,9,3,1,0,0,0,80,0
14x29,0,1,3,1,0,1,9,0
18x38,33,4,1,1,0,0,203,0
33x23,1,0,1,0,0,0,8,0
10x35,1,0,0,0,0,0,14,1
41x31,0,0,0,0,0,0,7,0
6x16,5,39,1,0,3,2,1,0
47x11,0,0,0,0,0,0,6,0
31x25,1,1,0,0,0,0,8,0
35x39,18,1,5,3,0,0,50,0
10x27,0,0,1,0,0,0,5,0
27x42,21,1,2,4,0,0,248,1
17x47,1,3,2,0,0,0,10,0
9x18,0,0,1,1,1,0,0,0
43x7,0,3,0,0,1,0,3,0
44x14,0,0,0,0,0,0,5,0
19x10,0,19,2,0,3,0,2,0
40x19,0,0,1,0,0,0,5,0
24x22,0,0,1,0,0,0,4,0
8x17,1,1,5,2,0,0,0,1
29x20,1,3,0,1,0,0,7,0
44x41,0,0,0,0,0,0,10,0
41x26,0,0,0,0,0,0,0,0
25x6,3,75,2,1,1,1,7,0
4x17,5,22,1,0,3,0,0,0
35x23,1,0,0,0,0,0,14,0
15x43,1,2,1,2,0,0,4,0
32x27,0,0,0,0,0,0,7,0
37x40,5,0,0,1,0,0,36,0
36x33,30,2,3,10,0,0,236,1
11x42,1,1,0,0,0,0,0,0
13x17,1,1,2,1,0,0,1,0
12x38,0,0,0,0,0,0,3,0
27x33,51,3,10,5,0,0,290,0
29x37,12,1,2,4,0,0,83,0
21x17,2,1,0,1,0,0,1,0
17x49,0,1,2,1,1,0,7,1
38x17,0,0,0,0,0,0,2,0
38x20,3,5,1,0,0,0,13,0
31x16,2,2,0,0,0,1,7,0
24x25,2,1,0,0,0,0,7,0
31x4,0,39,0,0,0,0,2,0
22x38,14,0,0,1,0,0,42,0
29x48,1,2,1,0,0,2,1,0
2x24,2,4,3,1,1,0,3,0
36x25,2,2,2,0,0,0,17,0
14x28,0,1,1,0,1,0,11,0
30x46,0,1,0,0,0,0,2,0
25x43,30,7,4,14,0,2,150,11
14x15,3,30,1,0,0,1,3,0
33x8,14,6,0,3,0,0,6,1
29x28,1,1,1,0,0,0,40,0
9x49,5,3,3,19,0,0,16,0
23x25,1,1,1,1,0,1,5,0
39x35,2,1,0,0,0,0,10,0
11x43,2,1,3,1,0,0,13,0
25x35,10,2,3,1,0,0,89,4
26x43,21,1,5,8,0,0,150,2
26x39,3,1,1,16,1,0,48,0
17x27,0,0,1,0,0,0,10,0
41x29,0,0,1,0,0,0,6,0
37x5,1,6,0,1,1,0,10,0
47x3,2,6,1,1,2,0,17,0
24x12,1,1,1,1,1,0,4,0
22x15,2,7,3,2,0,0,12,2
42x18,1,1,2,0,0,1,1,0
30x13,1,7,1,1,0,0,9,0
3x32,2,0,1,1,0,0,13,1
22x34,2,2,1,1,0,0,56,2
26x26,1,0,1,0,0,0,2,0
37x22,0,1,0,1,0,0,8,0
46x40,0,1,0,0,0,0,4,3
26x44,1,0,1,1,0,0,14,0
15x39,0,0,0,0,0,0,9,0
22x22,1,0,2,0,0,0,0,0
31x21,1,1,0,1,0,0,12,0
27x27,1,0,1,1,0,0,9,0
49x35,3,0,1,1,0,0,15,2
5x42,2,0,1,18,0,0,44,0
34x14,0,0,1,0,1,1,5,0
24x16,1,2,1,0,0,0,5,0
43x25,0,2,2,0,0,0,3,1
23x39,3,2,1,2,0,0,19,0
25x31,7,2,18,20,0,1,236,2
40x16,0,1,0,0,0,0,4,0
34x43,1,0,0,0,0,0,5,1
31x13,2,2,0,0,0,0,7,0
29x41,17,4,4,6,0,4,366,0
36x23,4,2,0,0,0,1,14,0
14x17,1,1,1,0,1,0,2,0
34x11,1,4,0,0,0,2,0,0
43x43,2,1,1,0,0,1,6,1
3x28,2,3,1,1,0,0,24,0
43x41,1,2,0,0,0,0,7,0
19x48,1,0,0,1,0,0,1,0
45x20,1,0,0,0,0,0,6,1
31x8,6,10,2,5,1,0,6,0
27x23,2,0,0,0,0,1,12,0
18x42,0,0,0,0,0,0,7,1
43x17,0,2,0,1,0,0,2,0
12x20,0,1,0,0,0,0,5,0
20x43,0,1,0,0,0,0,3,0
41x5,3,11,1,1,0,0,24,0
3x38,0,0,0,0,0,0,26,0
36x17,0,0,0,0,0,0,1,0
47x47,2,1,0,0,0,0,2,1
35x7,4,2,0,2,0,0,0,1
33x21,4,1,1,1,0,0,5,0
48x35,0,0,0,0,0,0,6,0
34x44,1,3,0,1,0,0,0,0
35x18,2,2,0,0,0,0,5,0
21x29,49,3,14,1,0,0,316,0
14x45,0,0,0,0,0,0,4,0
8x29,1,3,0,0,0,0,3,0
31x47,1,1,0,0,0,0,4,1
38x32,2,0,0,0,0,0,17,0
9x48,5,4,0,33,0,0,42,0
31x11,8,3,2,1,0,0,8,0
15x18,2,0,1,0,0,0,0,0
42x21,0,1,0,0,0,0,1,0
43x21,1,0,0,0,0,1,4,0
17x31,0,0,1,0,0,0,42,0
28x18,1,0,0,0,0,0,5,0
4x19,2,29,1,4,1,0,7,0
33x24,1,2,0,0,0,0,4,0
40x21,1,1,1,1,0,0,7,0
42x31,1,1,0,0,0,0,11,0
24x31,21,3,15,7,0,0,369,1
40x14,0,0,0,0,1,0,3,0
29x49,0,2,2,4,1,0,11,0
31x23,0,1,0,1,0,0,1,0
37x43,0,1,1,1,0,0,3,0
33x10,1,2,0,1,0,0,4,0
42x25,0,0,0,1,0,0,0,0
26x41,10,0,3,3,1,0,249,0
31x22,1,2,1,0,0,0,4,0
26x32,19,3,10,2,0,0,140,0
32x40,29,2,10,1,0,1,109,2
39x41,0,1,0,0,0,1,11,0
40x15,0,0,2,0,0,0,3,0
5x17,3,20,0,2,7,0,3,0
21x16,1,0,0,0,0,0,4,0
39x36,1,0,0,3,0,0,116,0
18x44,1,2,1,1,0,0,13,0
8x21,2,0,0,1,0,0,0,0
40x12,6,1,1,1,0,0,7,0
39x23,0,1,0,0,0,0,4,0
38x5,2,1,0,1,1,0,11,0
27x30,0,1,3,2,0,0,50,16
37x11,1,3,0,1,0,0,5,0
13x27,0,1,0,0,0,0,5,0
15x19,0,1,1,0,0,0,5,0
11x19,0,1,2,0,1,0,6,0
39x20,0,0,0,0,0,0,16,0
32x4,2,41,0,0,3,0,1,1
46x3,5,4,1,0,1,0,43,1
16x15,3,4,0,0,0,0,6,1
13x49,1,0,0,0,0,0,2,0
31x33,13,1,6,4,0,1,283,2
40x26,0,0,0,1,0,0,1,0
2x20,6,14,0,2,0,0,14,0
27x15,0,6,1,1,1,0,8,1
13x26,0,0,1,0,0,0,2,0
35x33,21,2,0,18,0,0,237,1
31x15,4,8,3,6,1,0,10,0
38x27,0,0,0,0,0,0,4,0
6x45,1,2,0,0,0,0,4,0
47x40,0,1,0,0,0,0,8,1
26x28,6,1,5,3,1,0,263,0
21x12,1,2,0,1,0,0,3,0
13x48,0,0,0,1,0,0,0,0
39x40,0,1,0,0,0,0,6,1
14x34,0,2,1,0,0,0,24,0
36x24,0,0,0,0,1,0,5,0
37x12,0,1,0,1,0,0,8,1
40x42,1,2,2,1,1,0,10,0
44x37,0,0,0,1,0,0,16,1
31x35,10,3,1,4,0,0,160,2
23x8,7,34,3,2,4,0,9,2
47x33,0,0,0,0,0,0,13,0
24x7,9,85,5,3,8,1,4,1
27x13,0,7,1,0,0,0,9,0
6x40,0,2,0,1,0,0,16,0
5x40,1,0,1,1,0,0,10,0
40x5,3,3,1,0,3,0,15,0
23x30,18,4,10,2,1,0,221,4
4x29,0,2,0,0,0,0,6,0
13x16,2,2,1,0,1,0,2,0
26x38,2,1,1,0,0,0,19,0
43x28,0,0,0,0,0,0,10,0
13x40,0,0,0,0,0,0,6,1
18x45,1,2,1,4,0,0,11,0
25x36,2,4,1,33,0,0,232,0
38x16,1,1,0,0,0,0,3,0
4x41,2,0,0,17,1,1,53,1
27x12,6,3,0,3,1,0,10,0
23x18,0,0,2,0,0,0,4,0
38x29,1,2,1,0,1,0,12,0
46x33,0,0,1,1,1,0,9,0
25x44,1,1,3,1,0,0,9,0
24x15,2,6,0,2,0,0,7,0
14x13,7,84,1,2,2,0,3,0
19x35,3,2,1,3,0,0,108,2
34x33,24,3,3,14,1,2,276,2
29x17,3,0,0,0,0,0,1,1
23x6,2,44,0,1,1,1,5,0
19x8,5,123,1,0,5,0,6,1
28x20,2,0,0,1,0,0,37,0
4x40,0,0,3,18,0,0,37,1
34x26,0,0,1,0,0,0,3,0
30x15,3,5,3,1,0,0,5,0
30x38,3,0,0,1,0,0,26,0
31x10,3,4,0,1,0,0,11,0
42x32,0,1,0,0,0,0,8,0
31x27,1,0,0,0,0,0,14,0
18x35,20,1,2,3,0,0,187,1
25x10,2,12,1,0,5,0,11,0
14x42,1,1,1,0,1,0,2,0
22x9,1,66,0,0,0,1,3,0
21x24,2,4,3,3,0,0,7,0
7x20,1,0,0,0,1,0,9,0
14x14,3,12,1,1,3,0,7,1
24x34,4,0,1,15,0,0,111,0
4x38,1,0,1,0,0,0,3,0
21x49,0,2,0,1,0,0,4,0
5x34,2,2,0,1,0,0,12,0
7x18,1,2,2,3,2,0,0,0
26x42,32,3,1,1,0,1,227,1
39x21,0,2,0,0,0,0,2,0
45x2,3,66,0,1,1,0,14,1
21x36,6,1,1,2,0,0,85,1
39x22,0,0,1,0,0,0,4,0
14x49,1,4,0,2,0,0,4,0
36x18,0,0,0,1,0,0,0,0
34x13,3,0,0,2,0,0,6,0
19x15,1,3,0,1,0,0,8,0
6x32,2,1,0,0,0,0,7,0
47x4,1,1,1,0,0,1,19,0
42x39,1,1,1,0,0,0,1,0
29x30,4,2,16,6,0,0,85,2
38x25,0,0,0,0,0,0,10,0
10x48,1,0,1,37,0,0,37,0
22x30,7,4,4,5,0,0,165,4
5x27,0,3,0,0,0,0,6,0
30x41,46,2,7,6,0,0,312,1
17x34,26,0,1,8,0,1,292,1
48x5,0,2,0,1,1,0,15,0
42x6,2,1,0,0,0,2,2,0
25x46,1,1,0,0,0,0,3,0
18x40,2,1,1,3,0,0,22,1
14x19,3,0,0,0,0,0,7,0
36x38,0,0,0,0,0,0,22,0
29x19,2,0,0,0,0,1,10,0
33x20,3,0,1,0,0,0,6,0
22x49,4,3,1,2,0,0,8,0
19x49,4,2,0,0,0,0,8,0
36x36,10,0,0,0,1,0,162,0
23x16,7,5,3,2,0,0,3,0
16x48,1,0,3,2,0,2,25,0
37x32,7,0,2,2,0,0,50,1
43x36,0,0,0,0,0,0,14,0
25x17,3,3,0,1,0,1,8,1
20x41,1,1,1,5,0,0,174,0
25x21,3,0,0,0,0,0,12,0
8x37,1,0,0,0,0,0,4,1
40x36,2,0,0,1,1,0,24,0
23x34,3,4,2,17,0,0,206,2
19x32,22,1,17,5,0,1,172,1
34x15,2,3,0,2,0,1,14,1
20x46,0,1,3,2,0,0,3,0
22x31,24,2,12,1,0,0,467,1
31x49,3,6,1,0,0,0,8,0
36x5,2,2,1,0,1,1,11,0
31x41,69,5,17,1,0,0,437,1
20x33,10,3,5,11,0,1,147,3
33x41,35,7,16,8,0,1,522,1
14x35,1,0,0,1,0,0,12,0
5x36,1,0,0,5,0,0,9,0
8x43,1,0,1,0,0,0,10,0
40x11,0,1,0,0,0,0,3,0
48x9,1,1,0,0,0,0,3,0
33x30,0,0,30,0,0,1,36,1
18x32,49,4,15,6,0,0,144,1
10x45,0,0,0,1,0,0,12,0
27x41,7,0,5,3,0,2,294,0
5x33,2,0,1,1,0,0,12,0
29x21,1,0,1,1,0,0,7,0
28x8,3,38,2,0,3,0,6,0
32x9,2,1,2,2,0,2,3,0
31x45,0,1,0,0,0,0,3,0
46x41,0,1,0,0,0,0,17,0
20x8,4,46,0,1,1,0,2,0
23x11,0,4,2,0,0,0,14,0
2x19,4,37,2,2,0,0,8,1
45x45,1,0,0,0,0,0,0,0
43x14,0,1,0,0,0,0,5,0
31x9,2,8,2,0,0,1,9,0
6x36,0,0,0,1,0,0,8,0
5x24,0,1,1,0,0,0,0,0
3x35,0,0,0,0,0,0,13,0
31x12,6,3,1,1,1,0,4,0
23x28,31,7,7,7,1,0,647,2
6x39,2,1,2,1,1,0,17,0
28x27,1,0,18,0,0,0,27,0
28x31,31,2,15,12,0,0,347,1
16x35,19,1,0,2,0,0,213,0
37x24,0,0,0,1,0,0,4,2
14x37,2,0,0,0,0,0,19,0
48x34,1,0,0,0,0,0,11,0
20x36,16,3,3,3,0,0,135,2
44x25,1,2,0,0,0,0,1,0
33x5,2,39,6,3,3,2,16,1
40x38,2,2,0,0,0,0,51,0
42x29,0,2,0,0,0,1,3,0
38x39,1,0,1,1,0,0,20,0
37x26,3,0,1,0,0,0,6,0
30x34,7,1,3,6,0,0,235,1
30x45,2,2,0,0,0,0,4,0
44x20,1,0,1,1,0,0,3,0
43x11,4,2,0,0,1,0,4,0
15x44,1,1,2,0,0,1,6,1
36x19,0,1,1,0,0,0,2,0
41x2,2,12,2,1,1,0,1,0
26x18,1,1,3,0,0,0,3,0
25x11,2,2,1,1,0,1,12,0
8x47,3,1,0,4,0,0,57,1
17x19,0,0,0,0,2,0,6,0
31x48,0,0,0,0,0,0,2,0
27x16,4,1,1,0,0,0,5,0
26x33,17,2,4,3,0,1,281,1
36x39,4,0,2,1,0,0,35,0
11x36,0,2,0,0,0,0,11,0
40x39,0,0,2,0,0,0,14,0
7x46,1,1,0,1,0,0,1,0
9x44,0,0,0,0,0,0,9,0
45x42,1,0,0,1,0,0,5,1
36x31,1,0,1,1,0,0,15,0
27x35,22,3,5,1,0,0,107,1
45x33,0,2,0,0,0,1,8,0
22x42,12,6,3,11,0,0,184,0
32x19,0,0,0,0,0,0,4,0
31x40,47,4,4,1,0,1,177,0
31x28,0,0,9,0,0,0,78,0
29x24,8,15,7,4,0,0,68,1
26x25,1,0,0,1,0,0,0,0
46x4,2,5,1,1,1,0,18,0
42x5,1,0,1,1,0,0,38,0
32x44,4,1,0,0,0,0,0,0
10x37,0,0,0,0,1,0,6,0
41x28,1,1,1,0,0,0,10,0
4x39,0,1,0,1,0,0,3,0
20x17,0,1,0,0,0,0,3,0
31x7,0,68,1,0,0,0,1,2
30x21,3,0,0,0,0,0,16,0
20x24,1,2,1,0,0,0,8,1
32x8,11,13,2,1,1,1,3,6
13x18,1,0,1,0,0,0,2,0
38x43,2,0,0,0,1,0,6,1
33x47,0,1,0,0,0,0,0,0
24x28,30,3,14,8,0,0,527,0
26x8,2,35,7,2,1,0,3,3
37x2,2,17,0,2,1,0,1,0
29x13,3,4,0,0,0,0,9,0
15x48,2,0,4,3,0,1,17,2
35x24,1,3,1,0,0,0,9,0
41x37,2,1,33,0,0,0,38,0
44x15,0,1,0,1,0,0,5,0
34x25,2,3,1,0,0,1,16,0
41x11,1,0,0,0,0,0,5,0
27x44,2,1,0,2,0,0,2,1
33x16,2,4,0,0,0,0,1,0
9x15,5,4,0,1,0,0,5,0
20x44,0,0,0,0,0,0,2,0
31x36,1,1,1,0,0,0,169,0
37x25,2,1,0,0,0,0,26,0
41x33,1,0,0,0,0,0,6,0
28x22,5,0,1,0,0,0,5,0
39x10,1,3,0,2,0,0,3,0
39x43,1,0,0,0,0,0,1,0
43x29,0,0,0,0,0,0,6,0
17x33,38,7,5,31,1,1,247,2
11x31,0,0,0,0,0,0,12,0
18x13,2,1,0,2,0,0,7,0
32x21,1,1,0,0,0,1,6,0
9x16,5,7,2,3,4,1,0,0
33x14,1,0,1,0,0,0,3,0
4x33,0,2,0,0,0,0,12,0
8x46,2,2,0,5,0,0,31,0
41x20,0,1,0,1,0,0,6,0
17x18,1,2,0,2,0,0,4,1
44x19,0,1,0,1,0,0,12,0
46x7,2,2,0,0,1,0,3,2
28x30,0,1,3,2,0,0,85,0
23x19,0,0,1,0,0,0,7,0
31x26,0,0,0,0,0,0,6,0
27x17,4,0,1,0,0,2,0,0
19x30,48,2,21,17,1,1,273,8
39x29,0,0,0,0,0,0,7,0
8x36,0,0,0,0,0,0,4,0
12x19,5,2,2,0,1,0,1,0
35x11,0,2,2,0,0,0,6,0
6x30,0,0,0,0,0,0,5,0
34x42,1,0,0,0,2,0,13,0
42x13,1,5,1,0,0,1,3,1
34x28,2,1,0,0,0,0,49,0
25x33,7,3,12,2,1,0,170,15
45x21,0,0,1,0,0,0,4,0
4x30,0,0,1,0,0,0,7,0
15x46,2,2,0,1,0,0,1,0
4x32,1,1,1,0,0,0,8,0
45x23,1,0,0,1,0,1,1,0
29x12,2,5,0,1,0,0,1,0
16x30,0,0,0,0,0,0,10,0
42x33,0,0,0,0,0,1,13,0
21x45,0,0,0,0,0,0,3,0
42x36,4,0,0,0,0,0,34,0
7x16,4,9,2,0,1,1,2,0
4x35,4,0,2,1,1,0,29,1
10x30,2,0,1,1,0,0,8,0
29x26,1,1,2,0,0,1,8,0
13x42,0,0,0,3,0,0,4,0
49x12,1,3,0,0,0,0,6,0
30x47,0,2,0,0,0,0,3,0
10x28,0,0,0,0,1,0,18,1
36x7,1,3,2,2,0,2,5,2
29x47,3,3,1,0,0,0,9,0
38x38,12,2,4,9,0,0,193,0
32x36,3,3,2,2,0,0,146,0
42x2,0,17,2,0,0,0,3,0
16x27,0,0,2,0,0,0,7,1
44x32,1,0,0,1,0,0,6,0
13x46,0,2,1,1,0,0,5,0
41x43,1,0,1,0,0,0,6,0
18x14,0,4,0,0,0,0,6,1
16x18,2,1,0,1,0,0,4,0
8x38,0,0,0,0,0,0,7,0
7x26,3,2,0,0,0,0,1,0
39x17,0,1,0,0,0,0,1,0
45x41,3,0,0,1,0,1,10,0
21x32,32,2,18,16,1,0,184,1
17x38,48,4,2,2,1,1,225,1
48x39,0,0,2,1,0,0,5,0
36x11,2,1,0,0,0,0,8,0
45x40,2,0,0,0,0,0,9,0
23x27,10,3,6,6,0,0,220,1
36x8,2,5,1,2,0,0,5,2
27x22,0,1,1,0,1,0,2,0
8x41,0,0,0,0,0,0,21,0
39x31,0,0,0,0,0,0,9,0
39x25,1,0,1,0,0,0,7,0
18x9,3,69,1,2,2,1,1,0
16x26,1,0,1,0,0,0,2,0
32x18,0,1,0,0,0,0,8,0
29x32,42,3,7,2,0,2,119,0
40x30,0,0,0,0,0,0,6,0
26x36,1,3,0,16,1,0,208,0
21x40,2,2,1,0,0,0,63,1
35x36,24,3,6,4,0,0,325,1
4x24,1,0,0,2,0,0,1,0
27x8,0,19,0,0,2,0,3,0
14x40,1,0,1,1,0,0,2,0
45x4,2,2,1,0,1,4,18,1
47x9,2,0,0,0,0,0,2,0
37x3,1,2,1,0,4,0,6,0
21x14,0,1,1,0,0,0,7,0
17x15,2,4,1,5,3,1,27,1
23x43,9,3,5,2,0,0,61,0
44x18,0,3,0,0,0,0,2,0
12x44,1,1,0,1,0,0,1,0
38x21,0,0,0,0,0,0,9,0
17x26,0,1,0,0,0,0,10,1
28x16,2,2,2,1,0,1,6,0
5x19,1,2,0,0,2,1,11,0
36x3,2,13,2,1,4,0,0,0
29x29,0,2,1,1,0,0,16,0
30x43,0,0,0,0,0,0,22,0
30x20,0,2,2,0,0,0,1,0
34x24,3,1,0,0,1,0,13,0
29x18,3,1,1,1,0,1,2,0
32x20,2,0,0,0,0,0,4,1
8x39,0,0,0,1,0,0,4,0
19x38,3,1,0,9,0,0,84,0
29x34,16,6,11,10,1,3,224,3
12x18,2,1,0,2,0,0,1,0
29x43,1,1,1,2,0,1,12,0
3x33,0,1,0,1,1,0,9,1
29x39,3,1,2,1,0,2,16,0
40x34,1,0,1,0,1,0,17,0
21x46,1,2,0,0,0,0,3,0
29x36,3,2,1,0,0,0,238,0
39x7,1,2,0,0,1,0,10,1
36x20,0,0,0,0,0,0,4,0
44x36,0,0,1,1,0,0,9,0
37x30,0,1,0,1,0,0,10,0
39x30,0,0,0,0,0,0,4,0
15x32,1,0,0,0,0,0,8,0
33x42,0,0,1,1,0,0,19,0
15x31,0,0,0,0,0,0,21,0
29x15,4,7,1,2,0,0,5,0
42x11,0,1,0,0,0,1,4,1
2x40,0,1,0,2,0,0,26,6
27x39,44,0,4,4,0,0,37,0
36x43,1,0,1,1,0,0,11,0
7x27,0,1,0,0,0,0,3,0
30x40,19,10,11,11,0,0,217,0
12x31,0,0,0,2,0,0,29,0
34x48,0,0,0,0,0,0,4,0
28x44,1,0,0,0,0,0,5,0
28x17,5,2,0,2,0,0,2,0
44x3,17,128,1,4,2,0,20,0
23x32,33,4,16,12,1,0,225,0
13x39,1,1,0,0,0,0,7,0
10x31,1,3,2,0,0,0,10,0
41x36,0,0,0,2,0,0,19,0
10x42,0,0,0,2,0,0,6,1
18x48,2,1,0,0,0,0,4,0
11x41,1,0,1,0,0,0,20,0
2x29,7,4,2,2,4,1,14,0
4x22,4,3,2,3,0,0,5,1
8x49,4,1,0,2,0,0,9,0
16x16,4,3,2,1,1,0,3,0
20x45,1,0,0,0,0,0,3,0
46x17,0,0,0,0,0,0,1,0
8x27,0,0,0,0,0,0,3,0
19x25,0,0,1,0,0,0,3,0
35x6,2,5,0,0,0,0,3,0
34x7,11,9,2,5,0,5,7,0
18x46,2,0,0,0,0,0,2,0
13x29,1,0,0,0,0,0,3,0
29x42,8,6,2,7,1,1,192,1
19x36,58,4,5,14,0,1,450,1
23x45,0,1,0,0,0,0,6,0
14x12,1,44,3,0,7,0,2,0
36x9,3,2,1,1,1,0,6,1
8x35,0,0,0,0,0,0,9,2
16x46,4,1,1,2,0,1,1,0
7x36,0,1,0,0,0,0,10,0
8x18,1,1,0,2,0,0,0,0
31x44,1,0,0,0,0,0,1,0
19x37,38,7,5,1,0,1,198,0
17x41,0,1,0,0,0,0,48,0
42x40,0,6,0,1,0,0,6,1
8x48,4,5,1,5,0,0,33,1
38x41,1,1,0,2,0,0,28,0
32x41,55,5,7,6,0,0,291,2
2x37,0,0,0,29,0,0,16,0
16x29,1,1,1,1,0,0,17,0
30x6,1,37,1,0,1,0,8,0
30x9,1,0,1,0,0,0,1,0
36x35,17,0,3,3,0,0,174,0
22x35,1,2,1,1,0,0,90,1
23x22,0,0,0,0,0,0,8,0
34x30,0,1,3,0,0,0,18,3
38x26,1,1,1,1,0,1,2,0
12x36,0,0,0,0,0,0,8,0
17x35,8,4,1,2,0,0,233,2
25x12,4,5,0,1,0,0,16,0
17x43,0,2,2,0,0,1,8,2
38x19,0,3,1,0,0,0,6,0
16x17,1,1,1,2,0,0,0,0
40x24,0,0,0,0,0,0,10,0
38x40,1,3,1,3,0,0,18,1
42x17,2,2,0,0,0,0,0,0
42x10,2,7,1,0,0,0,4,0
40x25,0,2,0,0,0,0,5,0
32x46,1,1,1,1,0,0,3,1
47x46,1,0,0,0,0,0,1,0
15x41,0,0,0,0,0,1,16,0
38x28,0,0,1,1,0,0,19,0
2x18,1,18,2,1,2,0,4,0
3x17,2,7,0,0,0,0,0,0
28x40,14,5,3,3,0,0,224,3
10x14,2,15,1,1,2,0,9,0
42x24,0,1,1,0,0,0,12,0
28x13,2,1,3,0,0,0,7,0
47x2,3,74,1,2,1,1,14,1
25x28,25,2,13,10,0,1,485,10
38x34,15,3,3,2,1,0,112,0
12x28,0,2,1,0,0,0,13,1
8x28,0,0,1,0,0,0,12,0
10x47,5,2,0,4,0,1,14,0
14x48,1,2,3,30,0,0,11,0
33x26,0,0,0,0,0,0,6,0
25x23,2,0,1,1,0,0,10,0
25x34,28,2,4,11,0,0,223,2
20x29,46,5,13,6,0,0,227,0
49x7,7,2,1,0,0,3,8,10
31x29,3,0,49,1,0,2,43,1
24x42,5,2,2,26,0,1,144,0
30x35,9,3,3,5,0,0,133,0
20x13,2,4,1,0,0,0,8,0
47x41,0,1,0,0,0,0,8,0
4x42,1,2,0,3,0,0,46,0
11x39,2,2,0,0,0,0,12,0
49x2,2,16,2,0,0,1,33,1
10x17,3,5,2,1,1,0,4,2
42x38,0,0,1,0,0,1,21,0
42x26,0,0,0,1,0,0,0,1
32x12,3,3,2,0,0,0,4,0
30x27,2,1,0,0,0,0,41,0
43x40,0,0,2,0,0,0,3,1
42x16,0,0,0,1,0,0,1,0
29x31,27,1,8,4,1,2,308,2
36x22,0,1,0,0,0,0,3,0
36x14,0,0,0,1,0,0,5,2
34x21,2,1,0,0,0,1,6,0
10x16,4,2,1,0,1,0,10,0
26x16,1,2,1,0,0,0,6,1
21x37,0,1,1,1,0,0,33,2
3x39,0,0,0,2,0,0,2,0
2x26,1,1,0,0,0,0,4,1
23x46,0,3,0,0,0,0,1,0
15x30,0,1,0,0,0,0,8,1
34x29,2,0,0,0,0,0,21,0
16x11,3,28,2,3,3,0,9,0
13x28,1,1,0,0,0,0,5,0
9x20,1,0,0,0,0,0,24,0
22x33,2,0,1,12,0,0,69,2
38x22,1,1,0,0,0,0,9,0
17x10,4,50,4,5,4,1,6,0
44x34,1,2,0,0,0,0,8,0
35x38,2,1,0,0,0,0,14,0
34x34,13,2,2,3,0,1,231,1
30x26,1,0,0,0,0,0,2,0
33x29,2,3,14,0,1,0,26,1
20x18,2,2,0,0,1,0,1,0
3x41,0,0,1,2,1,0,10,1
8x45,0,2,0,17,0,0,57,0
34x41,4,0,5,4,0,2,136,0
45x34,0,0,0,2,0,1,4,0
41x23,0,0,0,0,0,0,2,0
30x44,0,0,1,0,0,0,2,0
31x5,2,26,3,1,0,0,15,0
5x28,0,2,0,2,0,0,22,0
35x14,0,2,1,1,1,0,4,0
36x21,1,2,1,0,0,0,14,0
30x18,1,2,1,0,0,0,3,0
16x12,0,32,0,1,1,0,3,0
35x8,2,3,1,3,2,0,2,0
37x37,22,2,10,18,0,0,203,0
24x29,42,3,14,8,0,1,247,0
47x49,8,17,3,7,4,1,47,3
25x15,2,2,1,5,1,1,5,3
13x30,1,1,0,0,0,0,3,0
3x19,3,23,0,3,1,1,5,0
18x49,2,4,4,1,1,0,6,0
37x4,1,5,0,1,5,1,8,0
32x26,1,0,0,0,0,0,3,0
24x41,19,1,5,2,0,0,316,0
44x6,2,1,0,0,0,0,3,0
20x35,2,1,1,20,1,0,132,1
6x17,5,11,7,5,1,1,4,2
32x31,12,3,6,13,1,0,168,0
8x19,0,2,0,1,0,0,4,0
27x43,8,4,5,2,0,0,105,0
32x33,24,2,2,7,0,0,168,2
44x5,1,3,1,2,1,0,37,0
48x3,1,3,3,3,0,0,39,0
28x34,68,4,17,7,0,1,430,1
18x16,6,1,1,0,0,0,8,0
32x17,2,2,0,0,2,0,0,0
15x15,0,48,3,2,1,0,3,1
23x42,5,1,3,2,0,0,132,0
23x13,3,2,1,0,0,0,5,0
39x32,1,0,0,0,0,0,9,0
43x38,1,0,0,0,0,0,8,0
28x42,12,1,2,1,0,1,203,0
45x18,0,0,1,0,0,0,0,0
35x25,2,1,0,1,0,0,4,0
9x42,1,0,1,0,0,0,32,0
30x7,2,42,0,1,0,0,6,0
34x5,3,6,4,1,1,3,8,0
14x38,2,0,0,0,0,0,12,0
3x21,1,6,1,0,0,0,1,0
21x31,22,1,11,17,0,0,406,0
8x44,0,0,0,0,0,0,4,0
32x13,0,2,1,1,1,0,3,0
49x5,6,9,2,1,0,1,35,0
4x34,2,0,0,1,0,0,29,0
43x15,2,1,0,2,0,0,2,1
36x16,0,1,0,0,0,0,3,0
6x24,0,2,0,0,0,0,2,0
43x24,0,0,0,1,0,0,2,0
12x42,0,2,2,0,0,0,4,0
39x16,1,0,1,0,0,0,2,0
10x38,2,1,0,0,0,0,12,1
7x30,1,0,0,0,0,0,20,1
12x16,1,1,1,1,0,0,1,0
36x6,1,2,1,0,0,0,4,0
3x18,1,10,2,0,4,0,1,0
32x30,3,0,24,0,0,0,27,1
11x44,0,0,0,0,0,0,9,0
5x37,0,0,0,0,0,0,6,0
43x18,0,1,0,0,0,0,4,1
47x35,0,1,0,0,0,0,4,0
24x23,1,0,0,0,0,0,13,1
19x13,0,3,0,0,1,0,4,1
44x2,1,5,2,0,0,1,5,0
30x33,50,3,9,7,0,0,307,0
23x10,1,73,2,0,0,1,13,0
7x24,0,0,0,1,0,0,1,0
22x24,1,3,0,0,0,0,5,1
12x39,1,1,1,3,0,0,24,0
9x31,1,0,0,0,0,0,15,0
40x2,1,17,2,0,2,0,5,0
24x6,0,40,0,2,1,0,7,0
7x40,1,1,0,0,0,0,17,0
33x19,0,0,0,0,0,0,2,0
22x14,1,3,0,0,0,0,5,0
24x9,1,29,0,1,0,0,9,0
14x36,1,0,0,0,0,0,13,0
29x23,0,3,2,0,0,0,10,0
43x42,1,0,0,1,0,0,5,1
30x29,3,2,23,0,0,0,64,1
13x15,7,17,2,0,7,0,7,1
22x48,1,1,0,0,0,0,0,0
26x37,7,3,3,2,0,0,30,2
23x48,0,1,1,1,0,0,3,0
23x26,1,0,0,1,0,0,20,1
15x16,5,4,1,2,0,0,0,1
37x31,3,0,0,0,0,0,47,0
32x32,11,3,4,2,0,0,52,2
2x22,3,9,6,0,2,0,3,0
30x12,0,1,0,1,1,0,4,0
46x18,0,0,0,0,0,0,0,0
27x10,0,2,0,0,1,0,6,0
7x45,1,0,0,3,0,0,51,1
39x27,0,1,0,0,0,0,4,0
35x12,0,0,1,0,0,0,7,1
40x32,2,0,0,0,0,0,7,0
37x23,0,2,0,0,0,0,10,0
39x39,2,1,2,1,0,0,14,0
37x36,29,3,3,5,0,0,301,0
29x8,3,23,3,0,0,1,5,4
13x13,3,78,2,0,0,0,11,0
18x29,2,1,2,1,0,0,11,0
17x11,4,96,1,0,2,2,18,0
34x9,3,7,4,1,0,1,4,0
30x8,3,9,0,1,1,0,3,0
21x27,0,1,1,0,0,0,22,0
24x36,1,0,0,1,0,0,91,0
7x17,3,5,0,1,2,0,1,0
40x10,0,3,0,1,0,0,7,0
37x18,0,1,0,2,0,0,5,0
26x27,0,1,2,0,0,0,10,0
7x22,1,2,1,0,0,0,2,0
28x21,1,0,0,0,0,0,6,0
27x37,10,1,0,3,0,0,52,0
40x9,1,1,1,0,0,0,2,1
24x37,6,2,1,6,0,0,104,3
12x32,0,0,1,1,0,0,15,1
5x25,4,3,1,0,0,0,5,1
43x3,6,52,4,3,3,0,11,1
49x8,6,6,3,1,2,0,17,7
37x29,2,0,0,0,1,0,8,0
23x47,2,1,0,1,0,0,0,0
12x17,2,4,0,2,3,0,0,0
19x43,0,1,0,1,0,0,2,0
36x30,1,1,9,0,0,1,15,0
11x28,1,1,0,0,0,0,21,1
40x3,4,14,6,0,1,0,11,0
10x39,1,1,0,0,0,0,8,0
12x26,0,0,0,0,0,0,7,0
33x43,2,2,0,1,0,0,7,0
43x13,3,3,1,0,0,0,2,1
21x9,0,26,2,0,3,0,3,1
24x11,1,2,2,1,0,1,9,0
15x13,7,111,3,5,0,0,10,0
35x4,1,42,1,0,2,0,1,1
29x5,0,18,0,0,1,0,5,0
21x48,1,0,1,0,0,0,11,0
9x41,0,0,0,1,0,0,11,0
39x6,5,1,1,1,0,0,13,0
41x19,0,0,1,0,0,0,6,0
29x9,4,2,0,1,0,4,5,1
25x29,38,4,10,7,0,0,243,5
27x38,6,0,0,2,0,0,58,0
25x13,1,8,3,3,0,0,11,0
16x32,2,0,1,2,0,1,29,0
30x22,0,1,1,0,0,0,4,0
5x20,0,3,1,0,1,0,12,0
35x43,1,0,0,0,0,0,9,0
35x3,3,35,1,1,1,0,4,0
18x47,0,1,1,0,0,0,3,0
35x41,0,0,0,1,0,1,54,0
29x38,1,2,1,4,0,3,88,0
34x18,0,1,0,0,0,0,4,0
46x9,0,0,0,0,0,0,3,0
20x47,1,2,2,2,0,0,14,0
32x15,8,7,2,6,0,0,7,2
37x38,2,2,1,2,0,0,108,0
15x12,5,120,2,2,2,0,4,1
25x14,1,0,0,0,0,2,7,1
13x47,0,0,0,1,0,0,2,0
45x46,1,1,1,1,0,0,1,0
25x37,5,1,2,2,0,0,26,4
25x39,7,1,2,19,0,1,65,1
17x45,1,1,0,0,0,0,2,2
12x41,1,0,0,2,0,0,18,0
22x29,4,0,12,25,0,1,124,0
41x41,2,0,0,0,0,0,6,0
19x14,1,1,1,1,1,0,2,0
30x42,3,1,0,2,0,0,34,0
32x42,0,0,0,1,0,0,8,0
46x35,0,0,0,0,0,0,8,0
6x20,0,0,1,0,0,0,20,0
21x13,3,4,1,2,0,0,15,0
39x3,3,19,2,0,1,0,4,0
30x5,3,174,1,0,0,0,5,0
28x10,1,0,2,0,0,0,8,0
36x2,2,23,0,2,0,0,5,0
34x49,1,6,6,2,1,0,22,3
6x27,3,3,0,2,0,0,6,0
24x13,0,3,0,1,0,0,5,0
16x36,47,3,6,6,0,0,454,0
48x12,1,0,0,0,0,0,0,0
47x10,1,0,0,0,0,0,3,0
42x19,0,0,0,3,0,0,4,0
46x45,0,0,0,0,0,0,0,0
49x10,3,2,0,2,2,0,11,0
38x2,0,9,2,0,0,0,28,0
9x29,0,1,2,0,0,1,4,0
9x47,3,2,1,17,0,0,41,0
41x16,1,1,0,1,0,0,0,0
33x33,40,3,3,2,0,3,226,0
32x39,0,0,1,1,0,0,3,0
30x31,68,4,13,6,0,0,318,0
41x32,1,0,1,0,0,0,4,0
45x39,1,0,0,0,0,0,9,1
5x30,0,0,0,0,0,0,9,0
20x42,0,1,0,0,0,0,14,0
13x19,1,1,0,0,0,0,2,0
7x42,1,0,1,0,0,0,17,0
48x7,3,2,1,1,0,0,3,0
43x35,0,0,0,0,0,0,10,0
44x22,1,0,1,2,0,0,2,0
27x18,0,1,0,0,0,0,8,0
9x38,1,1,0,2,1,0,11,0
41x25,0,1,0,0,0,0,7,0
19x34,25,3,1,7,0,2,256,0
3x27,1,1,4,1,0,1,7,0
45x22,1,2,1,0,0,0,3,0
4x27,0,2,0,0,0,0,8,0
30x17,0,3,0,2,1,0,6,0
33x36,15,2,5,7,0,0,331,1
15x45,1,0,0,0,0,0,0,0
19x39,12,3,0,7,0,2,77,1
22x40,2,3,2,0,0,1,94,0
13x14,0,27,0,1,3,0,6,0
15x35,14,3,0,1,0,0,123,0
24x40,2,0,1,1,0,1,105,1
32x16,0,0,1,0,1,0,5,1
22x17,1,1,0,0,1,0,0,1
35x42,0,1,0,0,0,0,10,0
6x18,0,4,0,0,2,0,2,1
29x7,1,69,2,0,1,7,4,2
38x15,1,0,3,1,0,0,13,0
33x31,1,3,52,0,0,0,81,0
42x42,2,1,0,0,1,2,4,1
2x21,0,20,1,3,2,3,3,0
28x35,5,2,4,7,0,0,119,3
15x26,0,3,1,0,0,0,4,0
45x5,0,2,1,3,1,2,20,1
28x43,4,0,5,4,0,0,61,0
6x28,0,1,1,1,0,0,34,1
39x12,1,2,1,0,0,0,1,0
5x23,1,4,4,0,1,0,8,0
13x38,0,0,0,0,0,0,12,0
22x47,1,1,0,0,0,0,0,0
37x39,13,3,6,5,0,0,32,0
12x29,0,0,1,0,0,0,3,0
35x31,3,0,3,2,0,0,29,1
40x27,0,0,1,1,0,0,1,0
23x41,6,2,1,2,0,0,168,0
35x9,2,4,1,1,0,0,1,0
36x42,0,0,1,0,0,1,15,0
34x6,2,6,4,1,2,7,8,0
44x17,2,1,0,0,0,0,1,0
18x18,0,1,0,0,1,0,2,0
37x19,1,1,0,0,0,0,6,0
20x49,0,3,1,0,1,0,9,0
30x32,63,2,8,2,0,0,202,0
11x20,3,2,0,1,1,0,19,0
14x27,0,0,1,0,0,0,0,0
8x15,1,23,0,3,1,0,4,1
5x32,1,0,0,0,1,0,11,0
10x46,2,1,0,1,0,0,19,1
30x11,5,4,0,2,0,0,8,0
33x11,3,3,2,1,0,0,7,0
20x16,0,0,2,1,0,0,6,0
13x43,2,1,0,1,0,0,16,0
28x6,4,84,2,1,0,2,0,0
49x34,1,0,0,1,0,0,55,0
19x46,1,1,1,0,1,0,3,0
33x38,1,0,1,0,0,0,24,0
9x40,0,3,1,1,0,2,11,0
11x18,0,0,4,0,0,0,4,0
47x5,5,3,6,3,0,0,47,1
38x37,29,1,8,3,1,0,240,0
4x26,0,0,0,0,0,0,5,0
24x45,0,1,0,1,0,0,1,0
24x14,0,0,1,0,0,0,8,0
18x43,1,1,0,1,0,0,10,0
42x4,1,27,3,3,4,4,40,0
28x36,4,0,0,4,1,0,225,0
41x3,3,23,3,0,4,0,10,0
46x46,1,2,0,0,1,1,1,1
20x10,5,28,1,1,2,0,3,0
34x10,2,2,3,0,0,0,8,0
8x20,0,2,0,0,0,0,8,0
11x15,2,5,2,1,3,0,11,0
11x14,1,41,1,0,3,0,3,0
25x30,20,4,11,7,1,1,224,4
12x15,4,5,1,1,1,0,3,0
41x7,3,5,2,2,0,0,1,3
39x26,1,0,0,0,0,0,3,0
23x29,22,5,14,27,0,0,291,0
28x25,1,2,0,1,0,0,5,0
38x36,38,4,5,21,1,1,267,2
28x33,42,0,12,3,0,0,215,0
17x37,14,0,2,1,0,1,41,0
48x11,0,2,0,0,0,0,6,0
38x24,0,2,0,0,0,0,5,0
24x32,13,4,2,4,0,0,135,0
31x14,0,0,0,0,0,0,5,0
45x16,0,0,0,0,0,0,4,0
26x14,1,1,0,0,0,0,3,1
38x33,4,0,1,0,0,1,33,0
32x14,0,1,0,0,0,1,2,1
41x12,2,0,0,0,0,0,2,0
6x22,4,2,1,2,0,0,16,1
29x27,0,2,12,0,0,0,36,0
33x13,4,2,1,2,0,0,1,0
21x33,3,2,4,8,1,0,102,1
30x48,2,1,0,0,0,0,2,0
6x35,1,0,0,1,0,0,9,1
8x30,0,0,0,2,0,0,9,0
46x6,0,0,0,1,0,0,2,0
16x28,2,1,2,0,0,0,18,0
7x44,0,2,0,30,0,1,35,0
5x21,4,1,2,0,0,0,19,0
9x39,1,1,1,1,0,0,3,0
21x34,0,4,1,11,0,0,145,0
10x19,1,2,0,1,0,0,5,1
22x7,0,8,0,0,0,0,3,1
28x12,0,1,0,1,1,0,2,2
10x29,2,0,0,0,0,0,4,1
43x19,0,0,0,0,1,0,23,0
27x20,0,1,1,0,0,0,12,1
34x40,46,7,24,15,0,1,349,3
27x6,0,8,1,0,0,0,6,0
22x13,3,3,2,1,0,0,3,0
44x23,0,1,2,0,1,0,5,0
27x19,2,4,11,0,0,0,16,0
13x45,0,0,0,0,0,0,2,0
28x28,1,2,0,0,0,0,64,1
20x9,3,20,0,3,0,0,3,0
22x25,1,0,1,0,0,1,3,0
19x27,1,1,2,1,0,0,9,0
7x38,0,0,0,2,0,0,19,0
36x34,35,2,12,11,0,1,237,1
46x49,2,8,3,6,2,0,24,2
6x31,1,0,1,0,0,0,9,0
37x15,1,1,0,0,0,0,8,0
32x5,2,23,0,0,1,0,3,3
44x31,0,0,0,0,0,0,9,0
6x21,0,2,2,2,1,0,2,0
48x40,0,0,2,0,0,0,10,1
15x40,0,0,0,0,0,0,8,0
4x18,1,39,1,0,2,0,3,0
23x9,1,68,3,3,1,3,11,0
38x6,0,4,0,0,0,0,7,0
24x24,1,3,2,3,0,0,13,0
21x30,19,2,4,1,0,1,179,1
6x37,3,0,1,0,1,0,14,1
13x32,3,1,0,2,0,0,7,0
31x42,6,0,2,0,0,0,48,0
3x31,1,0,1,0,0,1,9,0
36x32,50,3,8,6,0,0,174,0
16x33,44,4,12,4,0,1,282,2
23x35,4,2,1,22,0,0,84,3
16x37,52,2,5,2,0,0,146,0
43x27,0,2,0,0,0,0,3,0
46x48,3,0,0,1,0,0,3,0
34x39,6,2,1,4,0,1,22,1
17x12,1,8,2,1,0,0,9,0
38x14,4,0,1,0,0,1,8,0
10x41,1,1,0,0,0,0,23,0
10x15,0,2,3,3,3,0,22,1
3x29,1,1,1,0,0,0,3,0
30x39,1,2,4,0,0,0,4,0
45x13,1,4,5,0,0,0,0,0
19x31,19,1,18,3,0,0,341,2
36x12,1,1,1,1,1,0,3,0
29x6,1,74,1,2,1,5,5,0
24x43,12,2,7,24,0,1,122,0
43x16,0,0,0,0,0,0,1,0
17x44,0,1,6,1,0,0,4,0
16x42,0,0,1,1,0,0,10,0
37x42,0,0,0,0,0,1,11,1
15x14,0,2,1,0,1,3,5,1
42x41,1,1,1,0,0,0,4,0
19x45,2,0,0,1,0,0,6,0
32x28,0,1,4,0,0,0,56,0
16x43,1,1,0,1,0,0,4,0
6x43,2,3,0,19,0,0,31,1
43x4,2,51,1,0,2,2,20,0
40x40,0,0,1,0,0,0,6,0
40x20,0,1,0,4,0,0,5,0
29x14,2,6,1,0,0,0,4,0
27x31,5,1,7,14,0,0,107,2
42x37,2,0,2,2,0,0,7,0
21x11,3,57,2,2,1,0,13,0
21x10,2,23,0,1,1,0,10,0
29x44,2,0,1,0,0,0,0,0
46x47,1,0,0,0,0,0,0,0
43x33,0,0,0,1,0,0,3,0
40x23,0,2,1,0,0,0,10,0
2x33,3,0,0,2,1,0,19,1
20x39,3,1,1,3,0,0,17,0
34x17,1,2,0,0,0,0,2,0
16x40,0,0,0,0,0,0,11,0
36x28,1,0,1,0,0,0,18,0
26x23,1,1,0,0,0,0,11,0
47x7,2,1,2,0,0,5,2,1
19x28,4,0,0,0,0,1,88,2
49x13,1,2,3,0,0,0,9,0
42x22,1,2,1,0,0,0,1,0
5x31,1,0,0,1,0,0,13,0
26x6,1,15,3,2,0,0,6,1
7x35,0,0,0,0,0,0,6,0
45x47,0,0,0,2,1,0,2,0
37x6,1,0,1,0,0,0,4,0
24x46,1,3,2,2,0,0,1,1
6x38,0,0,0,1,0,0,10,0
16x47,0,0,0,0,0,0,12,0
43x32,0,0,1,0,0,0,1,0
22x46,0,1,1,0,0,0,5,0
14x16,7,4,1,1,0,1,1,1
35x19,0,4,0,0,0,0,5,0
8x26,0,1,1,1,0,0,0,0
30x23,0,0,0,0,0,0,5,0
41x17,0,1,0,1,0,0,1,0
23x24,2,2,3,3,0,0,14,1
17x13,6,16,3,0,0,0,19,0
29x45,4,1,1,0,0,1,8,0
39x14,0,1,0,1,0,0,1,0
32x29,0,1,36,0,0,0,25,0
35x13,0,4,1,2,0,0,5,0
46x20,0,1,0,0,0,0,9,0
49x11,1,4,2,1,0,0,14,1
44x38,2,0,1,0,1,0,16,0
23x15,4,11,0,2,0,0,8,3
21x28,13,11,12,13,2,0,411,2
2x38,2,1,1,6,0,0,32,0
33x28,0,1,2,0,0,0,27,0
6x34,0,0,0,0,0,0,7,0
35x32,90,5,7,2,0,1,189,3
23x40,5,2,0,0,0,0,109,0
26x20,0,1,1,0,0,0,8,0
22x44,1,2,0,1,0,0,4,0
29x25,1,2,0,1,0,2,3,0
19x16,1,1,0,2,1,0,4,0
29x11,2,2,1,0,0,0,3,1
3x22,4,3,1,1,0,0,0,0
21x41,6,1,1,2,0,0,266,0
41x34,0,0,0,0,0,0,17,0
25x20,1,0,0,0,0,0,12,1
9x17,2,3,3,0,0,0,2,0
21x15,3,2,3,1,0,0,10,0
41x42,0,1,2,0,1,0,3,0
28x23,2,0,0,0,0,0,2,0
47x6,1,2,0,0,0,1,1,0
14x32,2,1,0,0,0,0,4,0
48x8,1,5,1,1,0,0,4,0
10x20,0,0,1,0,0,0,17,0
34x16,0,2,2,0,1,0,13,0
46x2,2,35,0,1,0,1,12,1
31x18,0,0,0,0,0,0,8,0
17x16,2,2,0,1,0,3,6,0
17x28,0,1,1,1,0,0,34,1
27x36,0,0,2,5,0,0,177,0
43x34,2,1,0,0,0,1,9,1
23x17,8,10,5,5,0,0,1,0
37x17,0,0,1,0,0,0,5,0
20x27,0,1,0,0,0,0,14,0
33x34,17,2,6,3,0,2,266,1
11x29,0,1,0,1,0,1,8,0
22x32,41,2,11,4,0,0,163,1
11x30,0,0,0,0,0,0,6,0
25x48,1,0,0,0,0,2,3,0
21x25,2,2,1,1,0,0,12,0
33x6,0,6,0,2,1,1,3,0
9x19,1,2,2,0,0,0,2,0
26x12,3,1,2,0,0,0,6,0
24x18,0,0,1,3,0,0,8,0
20x32,34,8,10,2,0,1,148,0
20x30,15,4,19,25,0,1,208,3
42x27,0,1,0,0,0,0,5,0
15x49,0,2,0,0,0,0,4,0
26x21,5,0,0,0,0,0,12,0
2x39,0,2,0,2,0,0,3,0
9x43,0,2,1,1,0,0,22,0
40x37,1,1,20,0,0,0,28,0
24x27,2,2,2,1,0,0,91,0
12x13,0,10,1,0,0,0,1,0
30x19,1,1,0,0,0,0,5,0
39x9,1,1,2,0,0,0,3,0
21x26,1,0,0,0,0,0,8,0
9x45,0,0,0,7,0,1,16,0
40x28,1,1,0,0,0,0,10,0
16x19,0,0,0,1,0,0,1,0
20x11,2,42,1,0,0,0,19,0
22x27,1,0,4,1,0,0,25,0
15x38,3,1,1,1,0,0,28,0
9x46,1,0,0,18,0,0,8,0
41x39,1,1,0,0,0,0,4,0
21x44,2,2,1,1,0,0,3,0
14x39,1,0,0,0,0,0,0,0
45x3,3,31,1,1,0,0,11,0
34x31,2,0,20,0,0,0,50,0
37x34,36,2,9,13,1,0,293,0
38x9,4,6,0,2,0,0,6,0
11x17,3,1,0,1,0,0,1,0
38x23,1,1,0,0,0,0,11,0
29x40,12,4,6,12,1,1,175,1
37x21,1,1,0,0,0,0,14,0
7x47,0,0,0,1,0,0,2,1
27x34,70,2,13,8,0,0,246,1
10x34,1,0,0,0,0,0,17,0
5x39,0,1,0,1,0,0,3,0
25x38,0,0,1,0,0,1,24,0
24x26,4,1,1,0,0,1,9,0
28x14,0,0,0,1,0,0,3,0
27x48,0,1,0,0,0,0,3,1
16x44,0,1,0,0,0,0,3,0
28x15,1,1,0,1,1,0,6,0
39x2,0,18,0,0,0,0,2,0
35x17,1,2,0,0,0,0,1,0
26x9,0,20,0,0,0,0,9,0
11x27,0,0,0,0,0,0,7,0
26x31,1,0,3,2,0,0,65,0
2x34,1,0,1,3,1,0,39,0
31x39,0,0,1,0,0,0,14,0
32x34,22,1,4,12,0,3,243,3
16x31,3,0,1,0,0,0,33,0
19x29,24,7,12,20,0,0,245,0
41x30,0,1,0,0,0,0,9,0
26x30,12,2,10,0,1,0,121,0
22x8,3,89,3,2,3,0,6,2
16x34,14,2,11,10,0,0,192,1
28x29,1,1,0,0,0,0,39,0
38x4,1,4,0,1,0,0,38,0
44x16,1,0,0,0,0,0,4,0
18x15,2,2,3,0,0,0,12,1
40x13,0,0,1,2,0,0,0,0
17x32,38,3,15,12,0,1,236,2
12x49,1,4,1,1,0,0,3,0
37x14,1,1,1,1,0,0,6,0
19x11,0,49,1,0,4,1,16,0
33x9,1,4,1,0,0,0,10,0
31x20,1,1,0,0,0,0,8,0
18x33,10,0,3,14,0,0,116,2
43x2,3,33,1,0,0,1,11,1
25x32,11,1,8,2,0,3,91,2
40x6,4,3,1,0,1,0,7,0
2x27,3,3,2,0,0,0,12,0
18x31,46,4,25,5,0,0,318,0
45x38,0,0,1,0,0,0,12,0
35x16,0,2,1,1,0,0,5,0
22x23,2,0,0,0,0,0,5,0
24x35,0,0,1,1,0,0,23,1
46x34,1,0,1,3,0,0,7,0
2x32,2,1,0,0,0,0,13,1
31x30,12,7,18,7,0,0,199,2
28x26,2,1,1,0,0,0,2,0
18x41,0,1,0,0,0,0,27,0
19x44,1,0,0,1,0,0,9,0
6x44,1,1,0,2,0,0,18,0
39x15,0,1,1,0,0,0,7,0
28x39,14,2,5,4,0,0,64,0
47x48,0,0,0,0,0,1,4,0
40x29,1,0,0,0,0,0,5,0
28x38,4,2,1,4,0,0,115,0
41x6,4,15,2,3,0,0,4,0
40x4,3,4,0,1,1,0,5,0
45x36,0,0,0,0,1,0,3,0
23x37,3,8,2,15,0,1,164,2
43x22,0,0,0,1,1,0,0,0
40x43,3,5,0,2,0,0,5,0
41x40,2,0,1,0,0,0,14,0
18x36,10,2,2,1,0,0,195,0
25x47,2,1,0,0,0,0,5,1
19x12,2,7,3,1,1,0,6,0
30x30,3,0,11,5,0,0,155,0
42x15,1,1,1,0,2,0,1,0
12x43,1,2,0,2,1,0,24,0
38x35,16,4,7,9,0,0,159,1
26x13,5,2,0,0,0,0,9,0
40x18,1,0,0,0,0,0,0,0
12x46,0,4,1,2,0,0,23,0
30x14,0,1,0,0,0,0,5,0
18x10,1,5,1,0,0,0,6,0
34x27,0,1,0,0,0,0,20,0
25x25,0,0,0,1,0,1,4,0
2x28,3,4,3,3,0,0,82,0
19x41,0,1,0,1,0,0,41,0
29x16,1,4,1,1,0,0,2,0
17x39,0,1,0,1,0,0,10,1
22x10,2,51,1,1,1,0,3,0
27x25,1,0,0,0,0,0,2,0
36x10,1,1,2,1,0,0,3,0
33x49,2,5,4,4,1,0,15,0
36x4,3,13,1,0,3,1,8,0
20x38,5,2,1,29,0,0,161,0
25x42,12,2,5,1,1,1,209,2
33x15,4,0,2,1,0,0,5,1
16x39,0,0,0,0,0,0,0,0
28x48,0,1,0,1,0,0,3,0
29x46,1,3,3,2,0,3,2,0
42x7,0,1,2,0,0,0,1,0
36x26,0,0,1,0,0,0,0,0
39x42,0,0,0,0,0,0,9,0
32x7,2,16,1,0,0,1,4,1
44x39,0,1,0,0,0,0,1,0
17x42,0,0,1,0,0,1,8,0
8x42,0,1,1,0,0,0,10,0
24x10,1,1,0,1,3,0,11,0
15x29,3,0,1,1,0,0,9,1
13x33,0,0,0,0,0,0,12,0
32x48,0,0,0,0,0,0,2,0
20x37,59,10,6,5,0,1,149,1
