"","p_val","avg_log2FC","pct.1","pct.2","p_val_adj","cluster","gene"
"1",1.00557810866334e-82,1.52732659206611,0.997,0.895,2.82567448534398e-80,"0","HLA.DR-.DP-.DQ.AGCTACGAGCAGTAG"
"2",5.12751633682628e-74,1.0856139322668,1,0.996,1.44083209064818e-71,"0","CD90..Thy1..GCATTGTACGATTCA"
"3",1.08157196101336e-52,0.732279493975091,1,0.991,3.03921721044755e-50,"0","CD81..TAPA.1..GTATCCTTCCTTGGC"
"4",1.05272204347347e-42,0.696621053887839,1,0.965,2.95814894216044e-40,"0","CD99.ACCCGTCCCTAAGAA"
"5",8.13231489315966e-34,0.466243068475554,1,0.963,2.28518048497786e-31,"0","CD9.GAGTCACCAATCTGC"
"6",6.70605833314867e-31,0.607225921004837,0.997,0.937,1.88440239161478e-28,"0","CD34.GCAGAAATCTCCCTT"
"7",1.63779705882683e-20,0.564315597495731,0.551,0.32,4.60220973530339e-18,"0","b2.microglobulin.CAGCCCGATTAAGGT"
"8",6.42590345639429e-14,0.739648008471068,0.991,0.979,1.8056788712468e-11,"0","CD271..NGFR..AACCGCGCTTCAGAT"
"9",2.95198535239873e-09,0.552481296251254,0.589,0.516,8.29507884024044e-07,"0","CD39.TTACCTGGTATCCGT"
"10",0.00168339200953958,0.605894055358605,0.797,0.767,0.473033154680623,"0","Podoplanin.GGTTACTCGTTGTGT"
"11",6.95819580317086e-102,1.9390241736971,1,0.993,1.95525302069101e-99,"1","CD55.GCTCATTACCCATTA"
"12",9.91621820708138e-11,0.304079552274157,0.995,0.974,2.78645731618987e-08,"1","CD63.GAGATGTCTGCAACT"
"13",1.51608879317221e-07,0.118488491241094,1,1,4.26020950881392e-05,"1","Ig.light.chain.k.AGCTCAGCCAGTATG"
"14",4.08890434078879e-07,0.266407456265529,0.99,0.943,0.000114898211976165,"1","CD34.GCAGAAATCTCCCTT"
"15",8.19583288654061e-07,0.0934691057703114,1,1,0.000230302904111791,"1","IgG.Fc.CTGGAGCGATTAGAA"
"16",7.82518564426369e-06,0.263019571355543,1,0.968,0.0021988771660381,"1","CD99.ACCCGTCCCTAAGAA"
"17",4.90502578464942e-05,0.111908526586808,1,1,0.0137831224548649,"1","Ig.light.chain.Lambda.CAGCCAGTAAGTCAC"
"18",0.00219473078171013,0.126376634250791,0.495,0.374,0.616719349660547,"1","k.isotype.Ctrl.ATCAGATGCCCTCAT"
"19",0.00511580328925747,0.105881491778025,0.352,0.257,1,"1","k.Isotype.Ctrl.GATTCTTGACGACCT"
"20",0.00680720918584985,0.155145394900296,0.51,0.419,1,"1","Notch.1.AATCTGTAGTGCGTT"
"21",6.75614217908472e-49,0.544911756432219,1,1,1.89847595232281e-46,"2","Ig.light.chain.Lambda.CAGCCAGTAAGTCAC"
"22",5.29031665744679e-45,0.576152900832349,1,1,1.48657898074255e-42,"2","Ig.light.chain.k.AGCTCAGCCAGTATG"
"23",4.09506303919756e-28,0.393135741110567,1,1,1.15071271401451e-25,"2","IgG.Fc.CTGGAGCGATTAGAA"
"24",4.98132883005128e-13,0.476459170414368,0.995,0.968,1.39975340124441e-10,"2","mast.cell.tryptase.ACTGATAGACCCGCT"
"25",6.87108556677333e-05,0.396870981789793,1,0.999,0.019307750442633,"2","CD138..Syndecan.1..GTATAGACCAAAGCC"
"26",0.00227705599623886,0.140337071333107,1,1,0.639852734943119,"2","human-mouse.Mac.2..Galectin.3..GATGCAATTAGCCGG"
"27",1.96686841700617e-31,0.545350982727439,1,0.995,5.52690025178735e-29,"3","CD284..TLR4..GCTTAGCTGTATCCG"
"28",5.08574565161617e-28,0.581898206360578,0.965,0.91,1.42909452810414e-25,"3","CD110.TGTTGTAAGATGCCA"
"29",3.73932043396748e-25,0.558691365387514,0.975,0.934,1.05074904194486e-22,"3","CD135..Flt.3-Flk.2..CAGTAGATGGAGCAT"
"30",5.62824401888888e-23,0.567549509165467,0.96,0.882,1.58153656930778e-20,"3","XCR1.AAGACGCATGTCAAC"
"31",6.1449340067077e-22,0.470392186824865,1,0.989,1.72672645588486e-19,"3","CD269..BCMA..CAGATGATCCACCAT"
"32",8.18005596075247e-18,0.537222821337449,0.677,0.381,2.29859572497144e-15,"3","CD126..IL.6Ra..TGATGGGAGCTTATC"
"33",7.11854655858846e-17,0.509006558840489,0.856,0.74,2.00031158296336e-14,"3","CD204.TAGCGAGCCAGATGT"
"34",7.17455167790992e-17,0.484019887000315,0.896,0.805,2.01604902149269e-14,"3","TCR.Vb13.1.TTATGGACGTATGGT"
"35",1.05919027409436e-13,0.470768714970083,0.791,0.637,2.97632467020514e-11,"3","CD133.GTAAGACGCCTATGC"
"36",5.18497779891344e-13,0.485042746442269,0.756,0.552,1.45697876149468e-10,"3","TCR.Va24.Ja18..iNKT.cell..AACTTCTGTGGTAGC"
"37",8.00618206115651e-102,3.0429517052546,1,0.616,2.24973715918498e-99,"4","CD71.CCGTGTTCCTCATTA"
"38",6.37054621531969e-93,1.98724145466484,1,0.795,1.79012348650483e-90,"4","EGFR.GCTTAACATTGGCAC"
"39",9.28094978489733e-91,2.14079258087296,1,0.99,2.60794688955615e-88,"4","CD340..erbB2-HER.2..CTGTAGCCGCCTATT"
"40",3.38293843774136e-89,1.68517388411825,0.933,0.328,9.50605701005322e-87,"4","CD98.GCACCAACAGCCATT"
"41",1.5193341259514e-88,1.82861592711034,1,0.974,4.26932889392344e-86,"4","CD164.GAGGCACTTAACATA"
"42",2.19674382574056e-87,1.65031805144201,0.97,0.389,6.17285015033099e-85,"4","CD146.CCTTGGATAACATCA"
"43",2.44627933394109e-87,1.80594035301614,1,1,6.87404492837446e-85,"4","CD107a..LAMP.1..CAGCCCACTGCAATA"
"44",5.73088019477526e-78,2.03271348134399,0.97,0.535,1.61037733473185e-75,"4","GPR56.GCCTAGTTTCCGTTT"
"45",1.04396080103502e-74,1.5208828444482,1,0.967,2.9335298509084e-72,"4","CD9.GAGTCACCAATCTGC"
"46",1.97280345877055e-74,1.50509776925523,0.994,0.642,5.54357771914526e-72,"4","CD321.GACAGTACCGACACT"
"47",5.70393581730243e-94,2.3383110600528,1,0.863,1.60280596466198e-91,"5","IgM.TAGCGAGCCCGTATA"
"48",1.92072466866555e-72,0.913479467769286,1,1,5.3972363189502e-70,"5","IgG.Fc.CTGGAGCGATTAGAA"
"49",1.05442977307203e-69,2.68165739532291,0.981,0.68,2.96294766233241e-67,"5","CD235ab.GCTCCTTTACACGTA"
"50",4.79060262664803e-64,0.839470697637365,1,1,1.3461593380881e-61,"5","Ig.light.chain.k.AGCTCAGCCAGTATG"
"51",2.08142685995351e-47,0.606774534885821,1,1,5.84880947646936e-45,"5","Ig.light.chain.Lambda.CAGCCAGTAAGTCAC"
"52",2.65429648259426e-22,0.967328787157938,0.942,0.8,7.45857311608987e-20,"5","CD235a..Glycophorin.A..AGAGTATGTATGGGA"
"53",6.54166993820705e-19,0.627775785442497,0.712,0.403,1.83820925263618e-16,"5","CD35.ACTTCCGTCGATCTT"
"54",1.12639609494245e-07,0.217232394554638,0.378,0.192,3.16517302678828e-05,"5","IgD.CAGTCTCCGTAGAGT"
"55",0.00278134433107244,0.0861038432285129,0.128,0.064,0.781557757031357,"5","CD61.AGGTTGGAGTAGACT"
"56",0.00291521032923624,0.0872082071637994,0.141,0.073,0.819174102515382,"5","CD47.GCATTCTGTCACCTA"
"57",5.31822423304893e-69,1.13412898717795,1,0.995,1.49442100948675e-66,"6","CD284..TLR4..GCTTAGCTGTATCCG"
"58",1.71863785489975e-68,1.15785716553286,1,0.999,4.82937237226829e-66,"6","CD74.CTGTAGCATTTCCCT"
"59",3.98654559125922e-63,1.14311876383499,1,0.994,1.12021931114384e-60,"6","CD200..OX2..CACGTAGACCTTTGC"
"60",2.08466946812675e-62,1.15263584713024,1,0.955,5.85792120543617e-60,"6","CD158d..KIR2DL4..TTAGCCCGTAGACCA"
"61",2.03764636567517e-50,0.958222847447979,0.993,0.909,5.72578628754723e-48,"6","CD307d..FcRL4..CGATTTGATCTGCCT"
"62",1.37553298016438e-48,1.01098744295539,1,0.835,3.86524767426191e-46,"6","CD158b..KIR2DL2-L3-..NKAT2..GACCCGTAGTTTGAT"
"63",2.30368194963175e-48,0.953822860241774,0.993,0.815,6.47334627846522e-46,"6","CD223..LAG.3..CATTTGTCTGCCGGT"
"64",3.23009464222745e-48,1.10011767653828,0.973,0.708,9.07656594465914e-46,"6","KLRG1..MAFA..CTTATTTCCTGCCCT"
"65",2.05834440564523e-46,1.12545439308798,0.927,0.526,5.7839477798631e-44,"6","CD336..NKp44..GGGCAATTAGCGAGT"
"66",4.40011022121708e-42,0.955167486489298,0.993,0.836,1.236430972162e-39,"6","MERTK.TCCTGCATGTACCCA"
"67",2.90623604802777e-73,2.34469719363867,1,0.939,8.16652329495803e-71,"7","CD169..Sialoadhesin-Siglec.1..TACTCAGCGTGTTTG"
"68",1.40257906584888e-71,2.0916449440047,1,0.7,3.94124717503535e-69,"7","CD206..MMR..TCAGAACGTCTAACT"
"69",1.29313976199247e-62,1.79070037887218,1,0.867,3.63372273119885e-60,"7","CD32.GCTTCCGAATTACCG"
"70",2.23897940707178e-35,1.73828140966836,1,0.907,6.29153213387171e-33,"7","HLA.DR-.DP-.DQ.AGCTACGAGCAGTAG"
"71",1.84370100471122e-27,0.686725093968148,1,0.975,5.18079982323854e-25,"7","CD63.GAGATGTCTGCAACT"
"72",6.16661606926205e-26,1.0916046536547,1,0.997,1.73281911546264e-23,"7","CD90..Thy1..GCATTGTACGATTCA"
"73",4.45266692682721e-23,0.769165407259439,1,0.944,1.25119940643845e-20,"7","CD34.GCAGAAATCTCCCTT"
"74",5.07878565261211e-22,0.698908928861143,1,0.992,1.427138768384e-19,"7","CD81..TAPA.1..GTATCCTTCCTTGGC"
"75",5.6063878846051e-18,0.648042291414269,0.685,0.338,1.57539499557403e-15,"7","b2.microglobulin.CAGCCCGATTAAGGT"
"76",2.3567902640841e-17,0.622348969718479,0.992,0.97,6.62258064207632e-15,"7","CD99.ACCCGTCCCTAAGAA"
"77",1.08724432719673e-47,1.68667193107854,1,1,3.05515655942282e-45,"8","human-mouse.Mac.2..Galectin.3..GATGCAATTAGCCGG"
"78",2.48136026292527e-45,1.52212571911108,1,1,6.97262233882e-43,"8","CD107a..LAMP.1..CAGCCCACTGCAATA"
"79",2.83372378911254e-42,1.64789685837519,0.971,0.657,7.96276384740624e-40,"8","CD321.GACAGTACCGACACT"
"80",2.76821062716806e-39,1.40112133178156,1,0.991,7.77867186234224e-37,"8","CD340..erbB2-HER.2..CTGTAGCCGCCTATT"
"81",5.34615796004937e-39,1.35651972008946,1,0.968,1.50227038677387e-36,"8","CD9.GAGTCACCAATCTGC"
"82",1.57452194028502e-37,2.20407377978991,0.846,0.39,4.42440665220091e-35,"8","CD49b.GCTTTCTTCAGTATG"
"83",2.10543007778819e-31,1.27293827104195,0.942,0.554,5.91625851858481e-29,"8","GPR56.GCCTAGTTTCCGTTT"
"84",2.16053853955476e-19,0.946717515650237,0.837,0.532,6.07111329614887e-17,"8","CD59.AATTAGCCGTCGAGA"
"85",2.57813063756325e-15,1.06566404266578,0.933,0.736,7.24454709155272e-13,"8","CD142.CACTGCCGTCGATTA"
"86",4.91177350630618e-14,0.952274943838995,0.74,0.474,1.38020835527204e-11,"8","CD109.CACTTAACTCTGGGT"
"87",1.62818923598774e-29,0.863405715684241,1,1,4.57521175312554e-27,"9","Ig.light.chain.Lambda.CAGCCAGTAAGTCAC"
"88",5.95456817589888e-29,0.94632867840679,1,1,1.67323365742759e-26,"9","Ig.light.chain.k.AGCTCAGCCAGTATG"
"89",1.14016960117845e-25,0.961621619879589,1,1,3.20387657931144e-23,"9","IgG.Fc.CTGGAGCGATTAGAA"
"90",2.05447796968948e-06,0.499430484441933,1,0.971,0.000577308309482744,"9","mast.cell.tryptase.ACTGATAGACCCGCT"
"91",0.000368712433256478,0.132839223947691,0.982,0.872,0.10360819374507,"9","IgM.TAGCGAGCCCGTATA"
