index,barcode,x,y,pixel_x,pixel_y,is_center,,imagerow,imagecol
0,45x44,45,44,2417,2359,0,44x45,2417,2359
1,20x14,20,14,1052,723,0,14x20,1052,723
2,44x42,44,42,2363,2250,0,42x44,2363,2250
3,42x3,42,3,2253,123,1,3x42,2253,123
4,11x40,11,40,560,2141,0,40x11,560,2141
5,33x40,33,40,1762,2141,0,40x33,1762,2141
6,25x22,25,22,1325,1159,0,22x25,1325,1159
7,10x36,10,36,505,1923,0,36x10,505,1923
8,28x9,28,9,1489,450,1,9x28,1489,450
9,19x33,19,33,997,1759,0,33x19,997,1759
10,5x18,5,18,232,941,0,18x5,232,941
11,42x14,42,14,2253,723,0,14x42,2253,723
12,9x34,9,34,451,1814,0,34x9,451,1814
13,46x8,46,8,2472,395,0,8x46,2472,395
14,16x38,16,38,833,2032,0,38x16,833,2032
15,31x6,31,6,1652,286,0,6x31,1652,286
16,25x49,25,49,1325,2632,0,49x25,1325,2632
17,21x38,21,38,1106,2032,0,38x21,1106,2032
18,28x32,28,32,1489,1705,0,32x28,1489,1705
19,18x7,18,7,942,341,0,7x18,942,341
20,20x7,20,7,1052,341,1,7x20,1052,341
21,33x35,33,35,1762,1868,0,35x33,1762,1868
22,37x16,37,16,1980,832,0,16x37,1980,832
23,7x28,7,28,341,1486,0,28x7,341,1486
24,21x43,21,43,1106,2305,0,43x21,1106,2305
25,32x49,32,49,1707,2632,0,49x32,1707,2632
26,35x26,35,26,1871,1377,0,26x35,1871,1377
27,24x48,24,48,1270,2577,0,48x24,1270,2577
28,22x43,22,43,1161,2305,1,43x22,1161,2305
29,33x44,33,44,1762,2359,0,44x33,1762,2359
30,13x37,13,37,669,1977,0,37x13,669,1977
31,36x40,36,40,1926,2141,0,40x36,1926,2141
32,34x4,34,4,1816,177,0,4x34,1816,177
33,34x20,34,20,1816,1050,0,20x34,1816,1050
34,33x25,33,25,1762,1323,0,25x33,1762,1323
35,44x24,44,24,2363,1268,0,24x44,2363,1268
36,44x33,44,33,2363,1759,1,33x44,2363,1759
37,18x12,18,12,942,614,0,12x18,942,614
38,35x27,35,27,1871,1432,0,27x35,1871,1432
39,30x10,30,10,1598,505,0,10x30,1598,505
40,37x33,37,33,1980,1759,0,33x37,1980,1759
41,23x7,23,7,1215,341,0,7x23,1215,341
42,20x12,20,12,1052,614,0,12x20,1052,614
43,18x26,18,26,942,1377,0,26x18,942,1377
44,7x41,7,41,341,2195,0,41x7,341,2195
45,39x34,39,34,2089,1814,0,34x39,2089,1814
46,21x8,21,8,1106,395,0,8x21,1106,395
47,9x28,9,28,451,1486,0,28x9,451,1486
48,36x29,36,29,1926,1541,1,29x36,1926,1541
49,5x41,5,41,232,2195,0,41x5,232,2195
50,41x14,41,14,2199,723,0,14x41,2199,723
51,28x24,28,24,1489,1268,0,24x28,1489,1268
52,14x33,14,33,724,1759,1,33x14,724,1759
53,12x47,12,47,615,2523,1,47x12,615,2523
54,42x12,42,12,2253,614,0,12x42,2253,614
55,44x21,44,21,2363,1105,1,21x44,2363,1105
56,37x10,37,10,1980,505,0,10x37,1980,505
57,24x47,24,47,1270,2523,1,47x24,1270,2523
58,41x22,41,22,2199,1159,0,22x41,2199,1159
59,6x19,6,19,287,995,1,19x6,287,995
60,31x43,31,43,1652,2305,0,43x31,1652,2305
61,49x9,49,9,2636,450,0,9x49,2636,450
62,48x2,48,2,2581,68,0,2x48,2581,68
63,9x35,9,35,451,1868,0,35x9,451,1868
64,30x24,30,24,1598,1268,0,24x30,1598,1268
65,38x30,38,30,2035,1595,0,30x38,2035,1595
66,40x31,40,31,2144,1650,1,31x40,2144,1650
67,19x17,19,17,997,886,0,17x19,997,886
68,3x24,3,24,123,1268,0,24x3,123,1268
69,32x43,32,43,1707,2305,1,43x32,1707,2305
70,17x40,17,40,888,2141,0,40x17,888,2141
71,19x18,19,18,997,941,0,18x19,997,941
72,43x6,43,6,2308,286,0,6x43,2308,286
73,15x27,15,27,778,1432,0,27x15,778,1432
74,15x33,15,33,778,1759,0,33x15,778,1759
75,40x33,40,33,2144,1759,1,33x40,2144,1759
76,26x29,26,29,1379,1541,1,29x26,1379,1541
77,45x7,45,7,2417,341,0,7x45,2417,341
78,43x23,43,23,2308,1214,0,23x43,2308,1214
79,27x21,27,21,1434,1105,0,21x27,1434,1105
80,26x19,26,19,1379,995,1,19x26,1379,995
81,5x26,5,26,232,1377,0,26x5,232,1377
82,43x12,43,12,2308,614,0,12x43,2308,614
83,15x36,15,36,778,1923,0,36x15,778,1923
84,30x49,30,49,1598,2632,0,49x30,1598,2632
85,10x49,10,49,505,2632,0,49x10,505,2632
86,45x32,45,32,2417,1705,0,32x45,2417,1705
87,21x39,21,39,1106,2086,0,39x21,1106,2086
88,38x42,38,42,2035,2250,0,42x38,2035,2250
89,20x28,20,28,1052,1486,0,28x20,1052,1486
90,10x40,10,40,505,2141,0,40x10,505,2141
91,41x21,41,21,2199,1105,0,21x41,2199,1105
92,10x44,10,44,505,2359,0,44x10,505,2359
93,35x10,35,10,1871,505,0,10x35,1871,505
94,33x39,33,39,1762,2086,0,39x33,1762,2086
95,18x17,18,17,942,886,1,17x18,942,886
96,17x30,17,30,888,1595,0,30x17,888,1595
97,42x35,42,35,2253,1868,1,35x42,2253,1868
98,17x29,17,29,888,1541,0,29x17,888,1541
99,45x43,45,43,2417,2305,0,43x45,2417,2305
100,44x13,44,13,2363,668,0,13x44,2363,668
101,31x19,31,19,1652,995,0,19x31,1652,995
102,14x46,14,46,724,2468,0,46x14,724,2468
103,9x30,9,30,451,1595,0,30x9,451,1595
104,24x8,24,8,1270,395,0,8x24,1270,395
105,46x5,46,5,2472,232,1,5x46,2472,232
106,41x13,41,13,2199,668,0,13x41,2199,668
107,29x33,29,33,1543,1759,0,33x29,1543,1759
108,25x16,25,16,1325,832,0,16x25,1325,832
109,28x41,28,41,1489,2195,1,41x28,1489,2195
110,21x18,21,18,1106,941,0,18x21,1106,941
111,3x34,3,34,123,1814,0,34x3,123,1814
112,47x8,47,8,2526,395,0,8x47,2526,395
113,35x28,35,28,1871,1486,0,28x35,1871,1486
114,20x15,20,15,1052,777,1,15x20,1052,777
115,19x42,19,42,997,2250,0,42x19,997,2250
116,40x41,40,41,2144,2195,1,41x40,2144,2195
117,27x28,27,28,1434,1486,0,28x27,1434,1486
118,29x22,29,22,1543,1159,0,22x29,1543,1159
119,38x10,38,10,2035,505,0,10x38,2035,505
120,4x20,4,20,178,1050,0,20x4,178,1050
121,35x15,35,15,1871,777,0,15x35,1871,777
122,21x35,21,35,1106,1868,0,35x21,1106,1868
123,33x48,33,48,1762,2577,0,48x33,1762,2577
124,3x40,3,40,123,2141,0,40x3,123,2141
125,35x44,35,44,1871,2359,0,44x35,1871,2359
126,40x8,40,8,2144,395,0,8x40,2144,395
127,7x31,7,31,341,1650,0,31x7,341,1650
128,23x23,23,23,1215,1214,0,23x23,1215,1214
129,32x35,32,35,1707,1868,1,35x32,1707,1868
130,16x14,16,14,833,723,0,14x16,833,723
131,43x5,43,5,2308,232,0,5x43,2308,232
132,35x40,35,40,1871,2141,0,40x35,1871,2141
133,45x6,45,6,2417,286,0,6x45,2417,286
134,34x38,34,38,1816,2032,0,38x34,1816,2032
135,20x34,20,34,1052,1814,0,34x20,1052,1814
136,17x9,17,9,888,450,0,9x17,888,450
137,21x47,21,47,1106,2523,0,47x21,1106,2523
138,17x36,17,36,888,1923,0,36x17,888,1923
139,43x30,43,30,2308,1595,0,30x43,2308,1595
140,49x6,49,6,2636,286,0,6x49,2636,286
141,42x30,42,30,2253,1595,0,30x42,2253,1595
142,27x9,27,9,1434,450,0,9x27,1434,450
143,22x37,22,37,1161,1977,1,37x22,1161,1977
144,28x19,28,19,1489,995,1,19x28,1489,995
145,37x7,37,7,1980,341,0,7x37,1980,341
146,19x9,19,9,997,450,0,9x19,997,450
147,24x17,24,17,1270,886,1,17x24,1270,886
148,11x45,11,45,560,2414,0,45x11,560,2414
149,5x38,5,38,232,2032,0,38x5,232,2032
150,41x35,41,35,2199,1868,0,35x41,2199,1868
151,34x8,34,8,1816,395,0,8x34,1816,395
152,3x20,3,20,123,1050,0,20x3,123,1050
153,20x31,20,31,1052,1650,1,31x20,1052,1650
154,21x7,21,7,1106,341,0,7x21,1106,341
155,11x38,11,38,560,2032,0,38x11,560,2032
156,25x40,25,40,1325,2141,0,40x25,1325,2141
157,34x3,34,3,1816,123,1,3x34,1816,123
158,15x17,15,17,778,886,0,17x15,778,886
159,23x38,23,38,1215,2032,0,38x23,1215,2032
160,41x24,41,24,2199,1268,0,24x41,2199,1268
161,14x41,14,41,724,2195,1,41x14,724,2195
162,43x39,43,39,2308,2086,0,39x43,2308,2086
163,45x17,45,17,2417,886,0,17x45,2417,886
164,27x26,27,26,1434,1377,0,26x27,1434,1377
165,7x37,7,37,341,1977,0,37x7,341,1977
166,35x34,35,34,1871,1814,0,34x35,1871,1814
167,18x19,18,19,942,995,0,19x18,942,995
168,15x28,15,28,778,1486,0,28x15,778,1486
169,7x29,7,29,341,1541,0,29x7,341,1541
170,42x34,42,34,2253,1814,0,34x42,2253,1814
171,39x33,39,33,2089,1759,0,33x39,2089,1759
172,18x28,18,28,942,1486,0,28x18,942,1486
173,12x45,12,45,615,2414,1,45x12,615,2414
174,7x43,7,43,341,2305,0,43x7,341,2305
175,4x25,4,25,178,1323,1,25x4,178,1323
176,37x9,37,9,1980,450,0,9x37,1980,450
177,37x28,37,28,1980,1486,0,28x37,1980,1486
178,44x44,44,44,2363,2359,0,44x44,2363,2359
179,23x44,23,44,1215,2359,0,44x23,1215,2359
180,18x30,18,30,942,1595,0,30x18,942,1595
181,40x17,40,17,2144,886,1,17x40,2144,886
182,34x35,34,35,1816,1868,1,35x34,1816,1868
183,2x41,2,41,68,2195,0,41x2,68,2195
184,30x36,30,36,1598,1923,0,36x30,1598,1923
185,39x19,39,19,2089,995,0,19x39,2089,995
186,25x8,25,8,1325,395,0,8x25,1325,395
187,14x47,14,47,724,2523,1,47x14,724,2523
188,47x39,47,39,2526,2086,0,39x47,2526,2086
189,41x10,41,10,2199,505,0,10x41,2199,505
190,38x8,38,8,2035,395,0,8x38,2035,395
191,40x22,40,22,2144,1159,0,22x40,2144,1159
192,33x32,33,32,1762,1705,0,32x33,1762,1705
193,22x39,22,39,1161,2086,1,39x22,1161,2086
194,37x20,37,20,1980,1050,0,20x37,1980,1050
195,38x7,38,7,2035,341,1,7x38,2035,341
196,31x46,31,46,1652,2468,0,46x31,1652,2468
197,39x38,39,38,2089,2032,0,38x39,2089,2032
198,4x37,4,37,178,1977,1,37x4,178,1977
199,44x35,44,35,2363,1868,0,35x44,2363,1868
200,29x10,29,10,1543,505,0,10x29,1543,505
201,6x33,6,33,287,1759,0,33x6,287,1759
202,17x17,17,17,888,886,0,17x17,888,886
203,16x49,16,49,833,2632,0,49x16,833,2632
204,25x18,25,18,1325,941,0,18x25,1325,941
205,13x31,13,31,669,1650,0,31x13,669,1650
206,38x18,38,18,2035,941,0,18x38,2035,941
207,37x27,37,27,1980,1432,0,27x37,1980,1432
208,39x4,39,4,2089,177,0,4x39,2089,177
209,13x41,13,41,669,2195,0,41x13,669,2195
210,25x45,25,45,1325,2414,0,45x25,1325,2414
211,14x30,14,30,724,1595,0,30x14,724,1595
212,26x48,26,48,1379,2577,0,48x26,1379,2577
213,22x16,22,16,1161,832,0,16x22,1161,832
214,15x37,15,37,778,1977,0,37x15,778,1977
215,14x26,14,26,724,1377,0,26x14,724,1377
216,18x37,18,37,942,1977,1,37x18,942,1977
217,25x26,25,26,1325,1377,0,26x25,1325,1377
218,31x31,31,31,1652,1650,0,31x31,1652,1650
219,9x27,9,27,451,1432,0,27x9,451,1432
220,39x18,39,18,2089,941,0,18x39,2089,941
221,30x28,30,28,1598,1486,0,28x30,1598,1486
222,3x26,3,26,123,1377,0,26x3,123,1377
223,38x12,38,12,2035,614,0,12x38,2035,614
224,36x41,36,41,1926,2195,1,41x36,1926,2195
225,11x47,11,47,560,2523,0,47x11,560,2523
226,6x41,6,41,287,2195,1,41x6,287,2195
227,33x12,33,12,1762,614,0,12x33,1762,614
228,25x27,25,27,1325,1432,0,27x25,1325,1432
229,49x3,49,3,2636,123,0,3x49,2636,123
230,44x40,44,40,2363,2141,0,40x44,2363,2141
231,41x38,41,38,2199,2032,0,38x41,2199,2032
232,20x40,20,40,1052,2141,0,40x20,1052,2141
233,14x43,14,43,724,2305,1,43x14,724,2305
234,37x35,37,35,1980,1868,0,35x37,1980,1868
235,37x8,37,8,1980,395,0,8x37,1980,395
236,26x40,26,40,1379,2141,0,40x26,1379,2141
237,9x36,9,36,451,1923,0,36x9,451,1923
238,12x27,12,27,615,1432,1,27x12,615,1432
239,30x16,30,16,1598,832,0,16x30,1598,832
240,25x41,25,41,1325,2195,0,41x25,1325,2195
241,26x7,26,7,1379,341,1,7x26,1379,341
242,20x25,20,25,1052,1323,1,25x20,1052,1323
243,2x31,2,31,68,1650,1,31x2,68,1650
244,34x36,34,36,1816,1923,0,36x34,1816,1923
245,11x48,11,48,560,2577,0,48x11,560,2577
246,27x14,27,14,1434,723,0,14x27,1434,723
247,11x46,11,46,560,2468,0,46x11,560,2468
248,8x25,8,25,396,1323,0,25x8,396,1323
249,33x17,33,17,1762,886,0,17x33,1762,886
250,20x26,20,26,1052,1377,0,26x20,1052,1377
251,41x9,41,9,2199,450,0,9x41,2199,450
252,33x4,33,4,1762,177,0,4x33,1762,177
253,14x44,14,44,724,2359,0,44x14,724,2359
254,16x41,16,41,833,2195,1,41x16,833,2195
255,32x47,32,47,1707,2523,1,47x32,1707,2523
256,27x32,27,32,1434,1705,0,32x27,1434,1705
257,22x36,22,36,1161,1923,0,36x22,1161,1923
258,7x21,7,21,341,1105,0,21x7,341,1105
259,5x35,5,35,232,1868,0,35x5,232,1868
260,6x25,6,25,287,1323,1,25x6,287,1323
261,16x45,16,45,833,2414,0,45x16,833,2414
262,41x4,41,4,2199,177,0,4x41,2199,177
263,36x13,36,13,1926,668,1,13x36,1926,668
264,17x14,17,14,888,723,0,14x17,888,723
265,17x48,17,48,888,2577,0,48x17,888,2577
266,11x16,11,16,560,832,0,16x11,560,832
267,6x26,6,26,287,1377,0,26x6,287,1377
268,39x13,39,13,2089,668,0,13x39,2089,668
269,16x13,16,13,833,668,1,13x16,833,668
270,32x22,32,22,1707,1159,0,22x32,1707,1159
271,21x42,21,42,1106,2250,0,42x21,1106,2250
272,14x18,14,18,724,941,0,18x14,724,941
273,2x23,2,23,68,1214,1,23x2,68,1214
274,40x35,40,35,2144,1868,1,35x40,2144,1868
275,34x12,34,12,1816,614,0,12x34,1816,614
276,48x6,48,6,2581,286,0,6x48,2581,286
277,39x8,39,8,2089,395,0,8x39,2089,395
278,49x4,49,4,2636,177,0,4x49,2636,177
279,32x24,32,24,1707,1268,0,24x32,1707,1268
280,39x37,39,37,2089,1977,0,37x39,2089,1977
281,46x39,46,39,2472,2086,1,39x46,2472,2086
282,26x35,26,35,1379,1868,1,35x26,1379,1868
283,43x31,43,31,2308,1650,0,31x43,2308,1650
284,32x6,32,6,1707,286,0,6x32,1707,286
285,9x37,9,37,451,1977,0,37x9,451,1977
286,3x37,3,37,123,1977,0,37x3,123,1977
287,15x47,15,47,778,2523,0,47x15,778,2523
288,35x22,35,22,1871,1159,0,22x35,1871,1159
289,19x40,19,40,997,2141,0,40x19,997,2141
290,35x29,35,29,1871,1541,0,29x35,1871,1541
291,7x25,7,25,341,1323,0,25x7,341,1323
292,29x35,29,35,1543,1868,0,35x29,1543,1868
293,22x45,22,45,1161,2414,1,45x22,1161,2414
294,41x15,41,15,2199,777,0,15x41,2199,777
295,35x5,35,5,1871,232,0,5x35,1871,232
296,33x7,33,7,1762,341,0,7x33,1762,341
297,15x34,15,34,778,1814,0,34x15,778,1814
298,24x33,24,33,1270,1759,1,33x24,1270,1759
299,38x11,38,11,2035,559,1,11x38,2035,559
300,11x32,11,32,560,1705,0,32x11,560,1705
301,11x49,11,49,560,2632,0,49x11,560,2632
302,3x23,3,23,123,1214,0,23x3,123,1214
303,19x26,19,26,997,1377,0,26x19,997,1377
304,22x41,22,41,1161,2195,1,41x22,1161,2195
305,5x43,5,43,232,2305,0,43x5,232,2305
306,12x40,12,40,615,2141,0,40x12,615,2141
307,32x11,32,11,1707,559,1,11x32,1707,559
308,18x11,18,11,942,559,1,11x18,942,559
309,43x26,43,26,2308,1377,0,26x43,2308,1377
310,37x13,37,13,1980,668,0,13x37,1980,668
311,25x9,25,9,1325,450,0,9x25,1325,450
312,7x19,7,19,341,995,0,19x7,341,995
313,36x27,36,27,1926,1432,1,27x36,1926,1432
314,5x22,5,22,232,1159,0,22x5,232,1159
315,4x28,4,28,178,1486,0,28x4,178,1486
316,38x13,38,13,2035,668,1,13x38,2035,668
317,24x30,24,30,1270,1595,0,30x24,1270,1595
318,25x19,25,19,1325,995,0,19x25,1325,995
319,15x42,15,42,778,2250,0,42x15,778,2250
320,18x34,18,34,942,1814,0,34x18,942,1814
321,45x19,45,19,2417,995,0,19x45,2417,995
322,12x48,12,48,615,2577,0,48x12,615,2577
323,44x4,44,4,2363,177,0,4x44,2363,177
324,42x9,42,9,2253,450,0,9x42,2253,450
325,7x39,7,39,341,2086,0,39x7,341,2086
326,34x32,34,32,1816,1705,0,32x34,1816,1705
327,33x27,33,27,1762,1432,0,27x33,1762,1432
328,38x31,38,31,2035,1650,1,31x38,2035,1650
329,44x43,44,43,2363,2305,1,43x44,2363,2305
330,8x40,8,40,396,2141,0,40x8,396,2141
331,48x10,48,10,2581,505,0,10x48,2581,505
332,8x16,8,16,396,832,0,16x8,396,832
333,26x15,26,15,1379,777,1,15x26,1379,777
334,31x34,31,34,1652,1814,0,34x31,1652,1814
335,39x11,39,11,2089,559,0,11x39,2089,559
336,6x42,6,42,287,2250,0,42x6,287,2250
337,47x34,47,34,2526,1814,0,34x47,2526,1814
338,18x39,18,39,942,2086,1,39x18,942,2086
339,27x29,27,29,1434,1541,0,29x27,1434,1541
340,4x23,4,23,178,1214,1,23x4,178,1214
341,31x32,31,32,1652,1705,0,32x31,1652,1705
342,4x31,4,31,178,1650,1,31x4,178,1650
343,22x28,22,28,1161,1486,0,28x22,1161,1486
344,20x48,20,48,1052,2577,0,48x20,1052,2577
345,12x14,12,14,615,723,0,14x12,615,723
346,45x15,45,15,2417,777,0,15x45,2417,777
347,27x40,27,40,1434,2141,0,40x27,1434,2141
348,26x34,26,34,1379,1814,0,34x26,1379,1814
349,26x17,26,17,1379,886,1,17x26,1379,886
350,11x35,11,35,560,1868,0,35x11,560,1868
351,35x35,35,35,1871,1868,0,35x35,1871,1868
352,39x24,39,24,2089,1268,0,24x39,2089,1268
353,10x18,10,18,505,941,0,18x10,505,941
354,23x33,23,33,1215,1759,0,33x23,1215,1759
355,23x36,23,36,1215,1923,0,36x23,1215,1923
356,37x41,37,41,1980,2195,0,41x37,1980,2195
357,40x7,40,7,2144,341,1,7x40,2144,341
358,22x26,22,26,1161,1377,0,26x22,1161,1377
359,42x28,42,28,2253,1486,0,28x42,2253,1486
360,3x30,3,30,123,1595,0,30x3,123,1595
361,28x7,28,7,1489,341,1,7x28,1489,341
362,48x4,48,4,2581,177,0,4x48,2581,177
363,4x21,4,21,178,1105,1,21x4,178,1105
364,13x44,13,44,669,2359,0,44x13,669,2359
365,33x18,33,18,1762,941,0,18x33,1762,941
366,43x20,43,20,2308,1050,0,20x43,2308,1050
367,14x31,14,31,724,1650,1,31x14,724,1650
368,23x31,23,31,1215,1650,0,31x23,1215,1650
369,19x47,19,47,997,2523,0,47x19,997,2523
370,39x5,39,5,2089,232,0,5x39,2089,232
371,27x7,27,7,1434,341,0,7x27,1434,341
372,6x23,6,23,287,1214,0,23x6,287,1214
373,42x23,42,23,2253,1214,1,23x42,2253,1214
374,41x18,41,18,2199,941,0,18x41,2199,941
375,41x27,41,27,2199,1432,0,27x41,2199,1432
376,32x10,32,10,1707,505,0,10x32,1707,505
377,34x19,34,19,1816,995,0,19x34,1816,995
378,25x7,25,7,1325,341,0,7x25,1325,341
379,24x44,24,44,1270,2359,0,44x24,1270,2359
380,23x14,23,14,1215,723,0,14x23,1215,723
381,42x20,42,20,2253,1050,0,20x42,2253,1050
382,35x30,35,30,1871,1595,0,30x35,1871,1595
383,41x8,41,8,2199,395,0,8x41,2199,395
384,22x18,22,18,1161,941,0,18x22,1161,941
385,24x38,24,38,1270,2032,0,38x24,1270,2032
386,28x37,28,37,1489,1977,1,37x28,1489,1977
387,14x29,14,29,724,1541,1,29x14,724,1541
388,18x38,18,38,942,2032,0,38x18,942,2032
389,33x23,33,23,1762,1214,0,23x33,1762,1214
390,10x35,10,35,505,1868,1,35x10,505,1868
391,41x31,41,31,2199,1650,0,31x41,2199,1650
392,6x16,6,16,287,832,0,16x6,287,832
393,47x11,47,11,2526,559,0,11x47,2526,559
394,31x25,31,25,1652,1323,0,25x31,1652,1323
395,35x39,35,39,1871,2086,0,39x35,1871,2086
396,10x27,10,27,505,1432,1,27x10,505,1432
397,27x42,27,42,1434,2250,0,42x27,1434,2250
398,17x47,17,47,888,2523,0,47x17,888,2523
399,9x18,9,18,451,941,0,18x9,451,941
400,43x7,43,7,2308,341,0,7x43,2308,341
401,44x14,44,14,2363,723,0,14x44,2363,723
402,19x10,19,10,997,505,0,10x19,997,505
403,40x19,40,19,2144,995,1,19x40,2144,995
404,24x22,24,22,1270,1159,0,22x24,1270,1159
405,8x17,8,17,396,886,1,17x8,396,886
406,29x20,29,20,1543,1050,0,20x29,1543,1050
407,44x41,44,41,2363,2195,1,41x44,2363,2195
408,41x26,41,26,2199,1377,0,26x41,2199,1377
409,25x6,25,6,1325,286,0,6x25,1325,286
410,4x17,4,17,178,886,1,17x4,178,886
411,35x23,35,23,1871,1214,0,23x35,1871,1214
412,15x43,15,43,778,2305,0,43x15,778,2305
413,32x27,32,27,1707,1432,1,27x32,1707,1432
414,37x40,37,40,1980,2141,0,40x37,1980,2141
415,36x33,36,33,1926,1759,1,33x36,1926,1759
416,11x42,11,42,560,2250,0,42x11,560,2250
417,13x17,13,17,669,886,0,17x13,669,886
418,12x38,12,38,615,2032,0,38x12,615,2032
419,27x33,27,33,1434,1759,0,33x27,1434,1759
420,29x37,29,37,1543,1977,0,37x29,1543,1977
421,21x17,21,17,1106,886,0,17x21,1106,886
422,17x49,17,49,888,2632,0,49x17,888,2632
423,38x17,38,17,2035,886,1,17x38,2035,886
424,38x20,38,20,2035,1050,0,20x38,2035,1050
425,31x16,31,16,1652,832,0,16x31,1652,832
426,24x25,24,25,1270,1323,1,25x24,1270,1323
427,31x4,31,4,1652,177,0,4x31,1652,177
428,22x38,22,38,1161,2032,0,38x22,1161,2032
429,29x48,29,48,1543,2577,0,48x29,1543,2577
430,2x24,2,24,68,1268,0,24x2,68,1268
431,36x25,36,25,1926,1323,1,25x36,1926,1323
432,14x28,14,28,724,1486,0,28x14,724,1486
433,30x46,30,46,1598,2468,0,46x30,1598,2468
434,25x43,25,43,1325,2305,0,43x25,1325,2305
435,14x15,14,15,724,777,1,15x14,724,777
436,33x8,33,8,1762,395,0,8x33,1762,395
437,29x28,29,28,1543,1486,0,28x29,1543,1486
438,9x49,9,49,451,2632,0,49x9,451,2632
439,23x25,23,25,1215,1323,0,25x23,1215,1323
440,39x35,39,35,2089,1868,0,35x39,2089,1868
441,11x43,11,43,560,2305,0,43x11,560,2305
442,25x35,25,35,1325,1868,0,35x25,1325,1868
443,26x43,26,43,1379,2305,1,43x26,1379,2305
444,26x39,26,39,1379,2086,1,39x26,1379,2086
445,17x27,17,27,888,1432,0,27x17,888,1432
446,41x29,41,29,2199,1541,0,29x41,2199,1541
447,37x5,37,5,1980,232,0,5x37,1980,232
448,47x3,47,3,2526,123,0,3x47,2526,123
449,24x12,24,12,1270,614,0,12x24,1270,614
450,22x15,22,15,1161,777,1,15x22,1161,777
451,42x18,42,18,2253,941,0,18x42,2253,941
452,30x13,30,13,1598,668,1,13x30,1598,668
453,3x32,3,32,123,1705,0,32x3,123,1705
454,22x34,22,34,1161,1814,0,34x22,1161,1814
455,26x26,26,26,1379,1377,0,26x26,1379,1377
456,37x22,37,22,1980,1159,0,22x37,1980,1159
457,46x40,46,40,2472,2141,0,40x46,2472,2141
458,26x44,26,44,1379,2359,0,44x26,1379,2359
459,15x39,15,39,778,2086,0,39x15,778,2086
460,22x22,22,22,1161,1159,0,22x22,1161,1159
461,31x21,31,21,1652,1105,0,21x31,1652,1105
462,27x27,27,27,1434,1432,0,27x27,1434,1432
463,49x35,49,35,2636,1868,0,35x49,2636,1868
464,5x42,5,42,232,2250,0,42x5,232,2250
465,34x14,34,14,1816,723,0,14x34,1816,723
466,24x16,24,16,1270,832,0,16x24,1270,832
467,43x25,43,25,2308,1323,0,25x43,2308,1323
468,23x39,23,39,1215,2086,0,39x23,1215,2086
469,25x31,25,31,1325,1650,0,31x25,1325,1650
470,40x16,40,16,2144,832,0,16x40,2144,832
471,34x43,34,43,1816,2305,1,43x34,1816,2305
472,31x13,31,13,1652,668,0,13x31,1652,668
473,29x41,29,41,1543,2195,0,41x29,1543,2195
474,36x23,36,23,1926,1214,1,23x36,1926,1214
475,14x17,14,17,724,886,1,17x14,724,886
476,34x11,34,11,1816,559,1,11x34,1816,559
477,43x43,43,43,2308,2305,0,43x43,2308,2305
478,3x28,3,28,123,1486,0,28x3,123,1486
479,43x41,43,41,2308,2195,0,41x43,2308,2195
480,19x48,19,48,997,2577,0,48x19,997,2577
481,45x20,45,20,2417,1050,0,20x45,2417,1050
482,31x8,31,8,1652,395,0,8x31,1652,395
483,27x23,27,23,1434,1214,0,23x27,1434,1214
484,18x42,18,42,942,2250,0,42x18,942,2250
485,43x17,43,17,2308,886,0,17x43,2308,886
486,12x20,12,20,615,1050,0,20x12,615,1050
487,20x43,20,43,1052,2305,1,43x20,1052,2305
488,41x5,41,5,2199,232,0,5x41,2199,232
489,3x38,3,38,123,2032,0,38x3,123,2032
490,36x17,36,17,1926,886,1,17x36,1926,886
491,47x47,47,47,2526,2523,0,47x47,2526,2523
492,35x7,35,7,1871,341,0,7x35,1871,341
493,33x21,33,21,1762,1105,0,21x33,1762,1105
494,48x35,48,35,2581,1868,0,35x48,2581,1868
495,34x44,34,44,1816,2359,0,44x34,1816,2359
496,35x18,35,18,1871,941,0,18x35,1871,941
497,21x29,21,29,1106,1541,0,29x21,1106,1541
498,14x45,14,45,724,2414,1,45x14,724,2414
499,8x29,8,29,396,1541,1,29x8,396,1541
500,31x47,31,47,1652,2523,0,47x31,1652,2523
501,38x32,38,32,2035,1705,0,32x38,2035,1705
502,9x48,9,48,451,2577,0,48x9,451,2577
503,31x11,31,11,1652,559,0,11x31,1652,559
504,15x18,15,18,778,941,0,18x15,778,941
505,42x21,42,21,2253,1105,1,21x42,2253,1105
506,43x21,43,21,2308,1105,0,21x43,2308,1105
507,17x31,17,31,888,1650,0,31x17,888,1650
508,28x18,28,18,1489,941,0,18x28,1489,941
509,4x19,4,19,178,995,1,19x4,178,995
510,33x24,33,24,1762,1268,0,24x33,1762,1268
511,40x21,40,21,2144,1105,1,21x40,2144,1105
512,42x31,42,31,2253,1650,1,31x42,2253,1650
513,24x31,24,31,1270,1650,1,31x24,1270,1650
514,40x14,40,14,2144,723,0,14x40,2144,723
515,29x49,29,49,1543,2632,0,49x29,1543,2632
516,31x23,31,23,1652,1214,0,23x31,1652,1214
517,37x43,37,43,1980,2305,0,43x37,1980,2305
518,33x10,33,10,1762,505,0,10x33,1762,505
519,42x25,42,25,2253,1323,1,25x42,2253,1323
520,26x41,26,41,1379,2195,1,41x26,1379,2195
521,31x22,31,22,1652,1159,0,22x31,1652,1159
522,26x32,26,32,1379,1705,0,32x26,1379,1705
523,32x40,32,40,1707,2141,0,40x32,1707,2141
524,39x41,39,41,2089,2195,0,41x39,2089,2195
525,40x15,40,15,2144,777,1,15x40,2144,777
526,5x17,5,17,232,886,0,17x5,232,886
527,21x16,21,16,1106,832,0,16x21,1106,832
528,39x36,39,36,2089,1923,0,36x39,2089,1923
529,18x44,18,44,942,2359,0,44x18,942,2359
530,8x21,8,21,396,1105,0,21x8,396,1105
531,40x12,40,12,2144,614,0,12x40,2144,614
532,39x23,39,23,2089,1214,0,23x39,2089,1214
533,38x5,38,5,2035,232,1,5x38,2035,232
534,27x30,27,30,1434,1595,0,30x27,1434,1595
535,37x11,37,11,1980,559,0,11x37,1980,559
536,13x27,13,27,669,1432,0,27x13,669,1432
537,15x19,15,19,778,995,0,19x15,778,995
538,11x19,11,19,560,995,0,19x11,560,995
539,39x20,39,20,2089,1050,0,20x39,2089,1050
540,32x4,32,4,1707,177,0,4x32,1707,177
541,46x3,46,3,2472,123,1,3x46,2472,123
542,16x15,16,15,833,777,1,15x16,833,777
543,13x49,13,49,669,2632,0,49x13,669,2632
544,31x33,31,33,1652,1759,0,33x31,1652,1759
545,40x26,40,26,2144,1377,0,26x40,2144,1377
546,2x20,2,20,68,1050,0,20x2,68,1050
547,27x15,27,15,1434,777,0,15x27,1434,777
548,13x26,13,26,669,1377,0,26x13,669,1377
549,35x33,35,33,1871,1759,0,33x35,1871,1759
550,31x15,31,15,1652,777,0,15x31,1652,777
551,38x27,38,27,2035,1432,0,27x38,2035,1432
552,6x45,6,45,287,2414,0,45x6,287,2414
553,47x40,47,40,2526,2141,0,40x47,2526,2141
554,26x28,26,28,1379,1486,0,28x26,1379,1486
555,21x12,21,12,1106,614,0,12x21,1106,614
556,13x48,13,48,669,2577,0,48x13,669,2577
557,39x40,39,40,2089,2141,0,40x39,2089,2141
558,14x34,14,34,724,1814,0,34x14,724,1814
559,36x24,36,24,1926,1268,0,24x36,1926,1268
560,37x12,37,12,1980,614,0,12x37,1980,614
561,40x42,40,42,2144,2250,0,42x40,2144,2250
562,44x37,44,37,2363,1977,0,37x44,2363,1977
563,31x35,31,35,1652,1868,0,35x31,1652,1868
564,23x8,23,8,1215,395,0,8x23,1215,395
565,47x33,47,33,2526,1759,0,33x47,2526,1759
566,24x7,24,7,1270,341,1,7x24,1270,341
567,27x13,27,13,1434,668,0,13x27,1434,668
568,6x40,6,40,287,2141,0,40x6,287,2141
569,5x40,5,40,232,2141,0,40x5,232,2141
570,40x5,40,5,2144,232,1,5x40,2144,232
571,23x30,23,30,1215,1595,0,30x23,1215,1595
572,4x29,4,29,178,1541,0,29x4,178,1541
573,13x16,13,16,669,832,0,16x13,669,832
574,26x38,26,38,1379,2032,0,38x26,1379,2032
575,43x28,43,28,2308,1486,0,28x43,2308,1486
576,13x40,13,40,669,2141,0,40x13,669,2141
577,18x45,18,45,942,2414,1,45x18,942,2414
578,25x36,25,36,1325,1923,0,36x25,1325,1923
579,38x16,38,16,2035,832,0,16x38,2035,832
580,4x41,4,41,178,2195,1,41x4,178,2195
581,27x12,27,12,1434,614,0,12x27,1434,614
582,23x18,23,18,1215,941,0,18x23,1215,941
583,38x29,38,29,2035,1541,1,29x38,2035,1541
584,46x33,46,33,2472,1759,1,33x46,2472,1759
585,25x44,25,44,1325,2359,0,44x25,1325,2359
586,24x15,24,15,1270,777,1,15x24,1270,777
587,14x13,14,13,724,668,1,13x14,724,668
588,19x35,19,35,997,1868,0,35x19,997,1868
589,34x33,34,33,1816,1759,1,33x34,1816,1759
590,29x17,29,17,1543,886,0,17x29,1543,886
591,23x6,23,6,1215,286,0,6x23,1215,286
592,19x8,19,8,997,395,0,8x19,997,395
593,28x20,28,20,1489,1050,0,20x28,1489,1050
594,4x40,4,40,178,2141,0,40x4,178,2141
595,34x26,34,26,1816,1377,0,26x34,1816,1377
596,30x15,30,15,1598,777,1,15x30,1598,777
597,30x38,30,38,1598,2032,0,38x30,1598,2032
598,31x10,31,10,1652,505,0,10x31,1652,505
599,42x32,42,32,2253,1705,0,32x42,2253,1705
600,31x27,31,27,1652,1432,0,27x31,1652,1432
601,18x35,18,35,942,1868,1,35x18,942,1868
602,25x10,25,10,1325,505,0,10x25,1325,505
603,14x42,14,42,724,2250,0,42x14,724,2250
604,22x9,22,9,1161,450,1,9x22,1161,450
605,21x24,21,24,1106,1268,0,24x21,1106,1268
606,7x20,7,20,341,1050,0,20x7,341,1050
607,14x14,14,14,724,723,0,14x14,724,723
608,24x34,24,34,1270,1814,0,34x24,1270,1814
609,4x38,4,38,178,2032,0,38x4,178,2032
610,21x49,21,49,1106,2632,0,49x21,1106,2632
611,5x34,5,34,232,1814,0,34x5,232,1814
612,7x18,7,18,341,941,0,18x7,341,941
613,26x42,26,42,1379,2250,0,42x26,1379,2250
614,39x21,39,21,2089,1105,0,21x39,2089,1105
615,45x2,45,2,2417,68,0,2x45,2417,68
616,21x36,21,36,1106,1923,0,36x21,1106,1923
617,39x22,39,22,2089,1159,0,22x39,2089,1159
618,14x49,14,49,724,2632,0,49x14,724,2632
619,36x18,36,18,1926,941,0,18x36,1926,941
620,34x13,34,13,1816,668,1,13x34,1816,668
621,19x15,19,15,997,777,0,15x19,997,777
622,6x32,6,32,287,1705,0,32x6,287,1705
623,47x4,47,4,2526,177,0,4x47,2526,177
624,42x39,42,39,2253,2086,1,39x42,2253,2086
625,29x30,29,30,1543,1595,0,30x29,1543,1595
626,38x25,38,25,2035,1323,1,25x38,2035,1323
627,10x48,10,48,505,2577,0,48x10,505,2577
628,22x30,22,30,1161,1595,0,30x22,1161,1595
629,5x27,5,27,232,1432,0,27x5,232,1432
630,30x41,30,41,1598,2195,1,41x30,1598,2195
631,17x34,17,34,888,1814,0,34x17,888,1814
632,48x5,48,5,2581,232,1,5x48,2581,232
633,42x6,42,6,2253,286,0,6x42,2253,286
634,25x46,25,46,1325,2468,0,46x25,1325,2468
635,18x40,18,40,942,2141,0,40x18,942,2141
636,14x19,14,19,724,995,0,19x14,724,995
637,36x38,36,38,1926,2032,0,38x36,1926,2032
638,29x19,29,19,1543,995,0,19x29,1543,995
639,33x20,33,20,1762,1050,0,20x33,1762,1050
640,22x49,22,49,1161,2632,0,49x22,1161,2632
641,19x49,19,49,997,2632,0,49x19,997,2632
642,36x36,36,36,1926,1923,0,36x36,1926,1923
643,23x16,23,16,1215,832,0,16x23,1215,832
644,16x48,16,48,833,2577,0,48x16,833,2577
645,37x32,37,32,1980,1705,0,32x37,1980,1705
646,43x36,43,36,2308,1923,0,36x43,2308,1923
647,25x17,25,17,1325,886,0,17x25,1325,886
648,20x41,20,41,1052,2195,1,41x20,1052,2195
649,25x21,25,21,1325,1105,0,21x25,1325,1105
650,8x37,8,37,396,1977,1,37x8,396,1977
651,40x36,40,36,2144,1923,0,36x40,2144,1923
652,23x34,23,34,1215,1814,0,34x23,1215,1814
653,19x32,19,32,997,1705,0,32x19,997,1705
654,34x15,34,15,1816,777,1,15x34,1816,777
655,20x46,20,46,1052,2468,0,46x20,1052,2468
656,22x31,22,31,1161,1650,1,31x22,1161,1650
657,31x49,31,49,1652,2632,0,49x31,1652,2632
658,36x5,36,5,1926,232,1,5x36,1926,232
659,31x41,31,41,1652,2195,0,41x31,1652,2195
660,20x33,20,33,1052,1759,1,33x20,1052,1759
661,33x41,33,41,1762,2195,0,41x33,1762,2195
662,14x35,14,35,724,1868,1,35x14,724,1868
663,5x36,5,36,232,1923,0,36x5,232,1923
664,8x43,8,43,396,2305,1,43x8,396,2305
665,40x11,40,11,2144,559,1,11x40,2144,559
666,48x9,48,9,2581,450,1,9x48,2581,450
667,33x30,33,30,1762,1595,0,30x33,1762,1595
668,18x32,18,32,942,1705,0,32x18,942,1705
669,10x45,10,45,505,2414,1,45x10,505,2414
670,27x41,27,41,1434,2195,0,41x27,1434,2195
671,5x33,5,33,232,1759,0,33x5,232,1759
672,29x21,29,21,1543,1105,0,21x29,1543,1105
673,28x8,28,8,1489,395,0,8x28,1489,395
674,32x9,32,9,1707,450,1,9x32,1707,450
675,31x45,31,45,1652,2414,0,45x31,1652,2414
676,46x41,46,41,2472,2195,0,41x46,2472,2195
677,20x8,20,8,1052,395,0,8x20,1052,395
678,23x11,23,11,1215,559,0,11x23,1215,559
679,2x19,2,19,68,995,1,19x2,68,995
680,45x45,45,45,2417,2414,0,45x45,2417,2414
681,43x14,43,14,2308,723,0,14x43,2308,723
682,31x9,31,9,1652,450,0,9x31,1652,450
683,6x36,6,36,287,1923,0,36x6,287,1923
684,5x24,5,24,232,1268,0,24x5,232,1268
685,3x35,3,35,123,1868,0,35x3,123,1868
686,31x12,31,12,1652,614,0,12x31,1652,614
687,23x28,23,28,1215,1486,0,28x23,1215,1486
688,6x39,6,39,287,2086,1,39x6,287,2086
689,28x27,28,27,1489,1432,1,27x28,1489,1432
690,28x31,28,31,1489,1650,1,31x28,1489,1650
691,16x35,16,35,833,1868,1,35x16,833,1868
692,37x24,37,24,1980,1268,0,24x37,1980,1268
693,14x37,14,37,724,1977,1,37x14,724,1977
694,48x34,48,34,2581,1814,0,34x48,2581,1814
695,20x36,20,36,1052,1923,0,36x20,1052,1923
696,44x25,44,25,2363,1323,0,25x44,2363,1323
697,33x5,33,5,1762,232,0,5x33,1762,232
698,40x38,40,38,2144,2032,0,38x40,2144,2032
699,42x29,42,29,2253,1541,1,29x42,2253,1541
700,38x39,38,39,2035,2086,1,39x38,2035,2086
701,37x26,37,26,1980,1377,0,26x37,1980,1377
702,30x34,30,34,1598,1814,0,34x30,1598,1814
703,30x45,30,45,1598,2414,1,45x30,1598,2414
704,44x20,44,20,2363,1050,0,20x44,2363,1050
705,43x11,43,11,2308,559,0,11x43,2308,559
706,15x44,15,44,778,2359,0,44x15,778,2359
707,36x19,36,19,1926,995,1,19x36,1926,995
708,41x2,41,2,2199,68,0,2x41,2199,68
709,26x18,26,18,1379,941,0,18x26,1379,941
710,25x11,25,11,1325,559,0,11x25,1325,559
711,8x47,8,47,396,2523,1,47x8,396,2523
712,17x19,17,19,888,995,0,19x17,888,995
713,31x48,31,48,1652,2577,0,48x31,1652,2577
714,27x16,27,16,1434,832,0,16x27,1434,832
715,26x33,26,33,1379,1759,1,33x26,1379,1759
716,36x39,36,39,1926,2086,1,39x36,1926,2086
717,11x36,11,36,560,1923,0,36x11,560,1923
718,40x39,40,39,2144,2086,1,39x40,2144,2086
719,7x46,7,46,341,2468,0,46x7,341,2468
720,9x44,9,44,451,2359,0,44x9,451,2359
721,45x42,45,42,2417,2250,0,42x45,2417,2250
722,36x31,36,31,1926,1650,1,31x36,1926,1650
723,27x35,27,35,1434,1868,0,35x27,1434,1868
724,45x33,45,33,2417,1759,0,33x45,2417,1759
725,22x42,22,42,1161,2250,0,42x22,1161,2250
726,32x19,32,19,1707,995,1,19x32,1707,995
727,31x40,31,40,1652,2141,0,40x31,1652,2141
728,31x28,31,28,1652,1486,0,28x31,1652,1486
729,29x24,29,24,1543,1268,0,24x29,1543,1268
730,26x25,26,25,1379,1323,1,25x26,1379,1323
731,46x4,46,4,2472,177,0,4x46,2472,177
732,42x5,42,5,2253,232,1,5x42,2253,232
733,32x44,32,44,1707,2359,0,44x32,1707,2359
734,10x37,10,37,505,1977,0,37x10,505,1977
735,41x28,41,28,2199,1486,0,28x41,2199,1486
736,4x39,4,39,178,2086,1,39x4,178,2086
737,20x17,20,17,1052,886,1,17x20,1052,886
738,31x7,31,7,1652,341,0,7x31,1652,341
739,30x21,30,21,1598,1105,1,21x30,1598,1105
740,20x24,20,24,1052,1268,0,24x20,1052,1268
741,32x8,32,8,1707,395,0,8x32,1707,395
742,13x18,13,18,669,941,0,18x13,669,941
743,38x43,38,43,2035,2305,0,43x38,2035,2305
744,33x47,33,47,1762,2523,0,47x33,1762,2523
745,24x28,24,28,1270,1486,0,28x24,1270,1486
746,26x8,26,8,1379,395,0,8x26,1379,395
747,37x2,37,2,1980,68,0,2x37,1980,68
748,29x13,29,13,1543,668,0,13x29,1543,668
749,15x48,15,48,778,2577,0,48x15,778,2577
750,35x24,35,24,1871,1268,0,24x35,1871,1268
751,41x37,41,37,2199,1977,0,37x41,2199,1977
752,44x15,44,15,2363,777,1,15x44,2363,777
753,34x25,34,25,1816,1323,1,25x34,1816,1323
754,41x11,41,11,2199,559,0,11x41,2199,559
755,27x44,27,44,1434,2359,0,44x27,1434,2359
756,33x16,33,16,1762,832,0,16x33,1762,832
757,9x15,9,15,451,777,0,15x9,451,777
758,20x44,20,44,1052,2359,0,44x20,1052,2359
759,31x36,31,36,1652,1923,0,36x31,1652,1923
760,37x25,37,25,1980,1323,0,25x37,1980,1323
761,41x33,41,33,2199,1759,0,33x41,2199,1759
762,28x22,28,22,1489,1159,0,22x28,1489,1159
763,39x10,39,10,2089,505,0,10x39,2089,505
764,39x43,39,43,2089,2305,0,43x39,2089,2305
765,43x29,43,29,2308,1541,0,29x43,2308,1541
766,17x33,17,33,888,1759,0,33x17,888,1759
767,11x31,11,31,560,1650,0,31x11,560,1650
768,18x13,18,13,942,668,1,13x18,942,668
769,32x21,32,21,1707,1105,0,21x32,1707,1105
770,9x16,9,16,451,832,0,16x9,451,832
771,33x14,33,14,1762,723,0,14x33,1762,723
772,4x33,4,33,178,1759,1,33x4,178,1759
773,8x46,8,46,396,2468,0,46x8,396,2468
774,41x20,41,20,2199,1050,0,20x41,2199,1050
775,17x18,17,18,888,941,0,18x17,888,941
776,44x19,44,19,2363,995,1,19x44,2363,995
777,46x7,46,7,2472,341,1,7x46,2472,341
778,28x30,28,30,1489,1595,0,30x28,1489,1595
779,23x19,23,19,1215,995,0,19x23,1215,995
780,31x26,31,26,1652,1377,0,26x31,1652,1377
781,27x17,27,17,1434,886,0,17x27,1434,886
782,19x30,19,30,997,1595,0,30x19,997,1595
783,39x29,39,29,2089,1541,0,29x39,2089,1541
784,8x36,8,36,396,1923,0,36x8,396,1923
785,12x19,12,19,615,995,0,19x12,615,995
786,35x11,35,11,1871,559,0,11x35,1871,559
787,6x30,6,30,287,1595,0,30x6,287,1595
788,34x42,34,42,1816,2250,0,42x34,1816,2250
789,42x13,42,13,2253,668,1,13x42,2253,668
790,34x28,34,28,1816,1486,0,28x34,1816,1486
791,25x33,25,33,1325,1759,0,33x25,1325,1759
792,45x21,45,21,2417,1105,0,21x45,2417,1105
793,4x30,4,30,178,1595,0,30x4,178,1595
794,15x46,15,46,778,2468,0,46x15,778,2468
795,4x32,4,32,178,1705,0,32x4,178,1705
796,45x23,45,23,2417,1214,0,23x45,2417,1214
797,29x12,29,12,1543,614,0,12x29,1543,614
798,16x30,16,30,833,1595,0,30x16,833,1595
799,42x33,42,33,2253,1759,1,33x42,2253,1759
800,21x45,21,45,1106,2414,0,45x21,1106,2414
801,42x36,42,36,2253,1923,0,36x42,2253,1923
802,7x16,7,16,341,832,0,16x7,341,832
803,4x35,4,35,178,1868,0,35x4,178,1868
804,10x30,10,30,505,1595,0,30x10,505,1595
805,29x26,29,26,1543,1377,0,26x29,1543,1377
806,13x42,13,42,669,2250,0,42x13,669,2250
807,49x12,49,12,2636,614,0,12x49,2636,614
808,30x47,30,47,1598,2523,1,47x30,1598,2523
809,10x28,10,28,505,1486,0,28x10,505,1486
810,36x7,36,7,1926,341,1,7x36,1926,341
811,29x47,29,47,1543,2523,0,47x29,1543,2523
812,38x38,38,38,2035,2032,0,38x38,2035,2032
813,32x36,32,36,1707,1923,0,36x32,1707,1923
814,42x2,42,2,2253,68,0,2x42,2253,68
815,16x27,16,27,833,1432,1,27x16,833,1432
816,44x32,44,32,2363,1705,0,32x44,2363,1705
817,13x46,13,46,669,2468,0,46x13,669,2468
818,41x43,41,43,2199,2305,0,43x41,2199,2305
819,18x14,18,14,942,723,0,14x18,942,723
820,16x18,16,18,833,941,0,18x16,833,941
821,8x38,8,38,396,2032,0,38x8,396,2032
822,7x26,7,26,341,1377,0,26x7,341,1377
823,39x17,39,17,2089,886,0,17x39,2089,886
824,45x41,45,41,2417,2195,0,41x45,2417,2195
825,21x32,21,32,1106,1705,0,32x21,1106,1705
826,17x38,17,38,888,2032,0,38x17,888,2032
827,48x39,48,39,2581,2086,0,39x48,2581,2086
828,36x11,36,11,1926,559,1,11x36,1926,559
829,45x40,45,40,2417,2141,0,40x45,2417,2141
830,23x27,23,27,1215,1432,0,27x23,1215,1432
831,36x8,36,8,1926,395,0,8x36,1926,395
832,27x22,27,22,1434,1159,0,22x27,1434,1159
833,8x41,8,41,396,2195,1,41x8,396,2195
834,39x31,39,31,2089,1650,0,31x39,2089,1650
835,39x25,39,25,2089,1323,0,25x39,2089,1323
836,18x9,18,9,942,450,1,9x18,942,450
837,16x26,16,26,833,1377,0,26x16,833,1377
838,32x18,32,18,1707,941,0,18x32,1707,941
839,29x32,29,32,1543,1705,0,32x29,1543,1705
840,40x30,40,30,2144,1595,0,30x40,2144,1595
841,26x36,26,36,1379,1923,0,36x26,1379,1923
842,21x40,21,40,1106,2141,0,40x21,1106,2141
843,35x36,35,36,1871,1923,0,36x35,1871,1923
844,4x24,4,24,178,1268,0,24x4,178,1268
845,27x8,27,8,1434,395,0,8x27,1434,395
846,14x40,14,40,724,2141,0,40x14,724,2141
847,45x4,45,4,2417,177,0,4x45,2417,177
848,47x9,47,9,2526,450,0,9x47,2526,450
849,37x3,37,3,1980,123,0,3x37,1980,123
850,21x14,21,14,1106,723,0,14x21,1106,723
851,17x15,17,15,888,777,0,15x17,888,777
852,23x43,23,43,1215,2305,0,43x23,1215,2305
853,44x18,44,18,2363,941,0,18x44,2363,941
854,12x44,12,44,615,2359,0,44x12,615,2359
855,38x21,38,21,2035,1105,1,21x38,2035,1105
856,17x26,17,26,888,1377,0,26x17,888,1377
857,28x16,28,16,1489,832,0,16x28,1489,832
858,5x19,5,19,232,995,0,19x5,232,995
859,36x3,36,3,1926,123,1,3x36,1926,123
860,29x29,29,29,1543,1541,0,29x29,1543,1541
861,30x43,30,43,1598,2305,1,43x30,1598,2305
862,30x20,30,20,1598,1050,0,20x30,1598,1050
863,34x24,34,24,1816,1268,0,24x34,1816,1268
864,29x18,29,18,1543,941,0,18x29,1543,941
865,32x20,32,20,1707,1050,0,20x32,1707,1050
866,8x39,8,39,396,2086,1,39x8,396,2086
867,19x38,19,38,997,2032,0,38x19,997,2032
868,29x34,29,34,1543,1814,0,34x29,1543,1814
869,12x18,12,18,615,941,0,18x12,615,941
870,29x43,29,43,1543,2305,0,43x29,1543,2305
871,3x33,3,33,123,1759,0,33x3,123,1759
872,29x39,29,39,1543,2086,0,39x29,1543,2086
873,40x34,40,34,2144,1814,0,34x40,2144,1814
874,21x46,21,46,1106,2468,0,46x21,1106,2468
875,29x36,29,36,1543,1923,0,36x29,1543,1923
876,39x7,39,7,2089,341,0,7x39,2089,341
877,36x20,36,20,1926,1050,0,20x36,1926,1050
878,44x36,44,36,2363,1923,0,36x44,2363,1923
879,37x30,37,30,1980,1595,0,30x37,1980,1595
880,39x30,39,30,2089,1595,0,30x39,2089,1595
881,15x32,15,32,778,1705,0,32x15,778,1705
882,33x42,33,42,1762,2250,0,42x33,1762,2250
883,15x31,15,31,778,1650,0,31x15,778,1650
884,29x15,29,15,1543,777,0,15x29,1543,777
885,42x11,42,11,2253,559,1,11x42,2253,559
886,2x40,2,40,68,2141,0,40x2,68,2141
887,27x39,27,39,1434,2086,0,39x27,1434,2086
888,36x43,36,43,1926,2305,0,43x36,1926,2305
889,7x27,7,27,341,1432,0,27x7,341,1432
890,30x40,30,40,1598,2141,0,40x30,1598,2141
891,12x31,12,31,615,1650,1,31x12,615,1650
892,34x48,34,48,1816,2577,0,48x34,1816,2577
893,28x44,28,44,1489,2359,0,44x28,1489,2359
894,28x17,28,17,1489,886,1,17x28,1489,886
895,44x3,44,3,2363,123,1,3x44,2363,123
896,23x32,23,32,1215,1705,0,32x23,1215,1705
897,13x39,13,39,669,2086,0,39x13,669,2086
898,10x31,10,31,505,1650,0,31x10,505,1650
899,41x36,41,36,2199,1923,0,36x41,2199,1923
900,10x42,10,42,505,2250,0,42x10,505,2250
901,18x48,18,48,942,2577,0,48x18,942,2577
902,11x41,11,41,560,2195,0,41x11,560,2195
903,2x29,2,29,68,1541,0,29x2,68,1541
904,4x22,4,22,178,1159,0,22x4,178,1159
905,8x49,8,49,396,2632,0,49x8,396,2632
906,16x16,16,16,833,832,0,16x16,833,832
907,20x45,20,45,1052,2414,1,45x20,1052,2414
908,46x17,46,17,2472,886,0,17x46,2472,886
909,8x27,8,27,396,1432,1,27x8,396,1432
910,19x25,19,25,997,1323,0,25x19,997,1323
911,35x6,35,6,1871,286,0,6x35,1871,286
912,34x7,34,7,1816,341,1,7x34,1816,341
913,18x46,18,46,942,2468,0,46x18,942,2468
914,13x29,13,29,669,1541,0,29x13,669,1541
915,29x42,29,42,1543,2250,0,42x29,1543,2250
916,19x36,19,36,997,1923,0,36x19,997,1923
917,23x45,23,45,1215,2414,0,45x23,1215,2414
918,14x12,14,12,724,614,0,12x14,724,614
919,36x9,36,9,1926,450,1,9x36,1926,450
920,8x35,8,35,396,1868,1,35x8,396,1868
921,16x46,16,46,833,2468,0,46x16,833,2468
922,7x36,7,36,341,1923,0,36x7,341,1923
923,8x18,8,18,396,941,0,18x8,396,941
924,31x44,31,44,1652,2359,0,44x31,1652,2359
925,19x37,19,37,997,1977,0,37x19,997,1977
926,17x41,17,41,888,2195,0,41x17,888,2195
927,42x40,42,40,2253,2141,0,40x42,2253,2141
928,8x48,8,48,396,2577,0,48x8,396,2577
929,38x41,38,41,2035,2195,1,41x38,2035,2195
930,32x41,32,41,1707,2195,1,41x32,1707,2195
931,2x37,2,37,68,1977,1,37x2,68,1977
932,16x29,16,29,833,1541,1,29x16,833,1541
933,30x6,30,6,1598,286,0,6x30,1598,286
934,30x9,30,9,1598,450,1,9x30,1598,450
935,36x35,36,35,1926,1868,1,35x36,1926,1868
936,22x35,22,35,1161,1868,1,35x22,1161,1868
937,23x22,23,22,1215,1159,0,22x23,1215,1159
938,34x30,34,30,1816,1595,0,30x34,1816,1595
939,38x26,38,26,2035,1377,0,26x38,2035,1377
940,12x36,12,36,615,1923,0,36x12,615,1923
941,17x35,17,35,888,1868,0,35x17,888,1868
942,25x12,25,12,1325,614,0,12x25,1325,614
943,17x43,17,43,888,2305,0,43x17,888,2305
944,38x19,38,19,2035,995,1,19x38,2035,995
945,16x17,16,17,833,886,1,17x16,833,886
946,40x24,40,24,2144,1268,0,24x40,2144,1268
947,38x40,38,40,2035,2141,0,40x38,2035,2141
948,42x17,42,17,2253,886,1,17x42,2253,886
949,42x10,42,10,2253,505,0,10x42,2253,505
950,40x25,40,25,2144,1323,1,25x40,2144,1323
951,32x46,32,46,1707,2468,0,46x32,1707,2468
952,47x46,47,46,2526,2468,0,46x47,2526,2468
953,15x41,15,41,778,2195,0,41x15,778,2195
954,38x28,38,28,2035,1486,0,28x38,2035,1486
955,2x18,2,18,68,941,0,18x2,68,941
956,3x17,3,17,123,886,0,17x3,123,886
957,28x40,28,40,1489,2141,0,40x28,1489,2141
958,10x14,10,14,505,723,0,14x10,505,723
959,42x24,42,24,2253,1268,0,24x42,2253,1268
960,28x13,28,13,1489,668,1,13x28,1489,668
961,47x2,47,2,2526,68,0,2x47,2526,68
962,25x28,25,28,1325,1486,0,28x25,1325,1486
963,38x34,38,34,2035,1814,0,34x38,2035,1814
964,12x28,12,28,615,1486,0,28x12,615,1486
965,8x28,8,28,396,1486,0,28x8,396,1486
966,10x47,10,47,505,2523,1,47x10,505,2523
967,14x48,14,48,724,2577,0,48x14,724,2577
968,33x26,33,26,1762,1377,0,26x33,1762,1377
969,25x23,25,23,1325,1214,0,23x25,1325,1214
970,25x34,25,34,1325,1814,0,34x25,1325,1814
971,20x29,20,29,1052,1541,1,29x20,1052,1541
972,49x7,49,7,2636,341,0,7x49,2636,341
973,31x29,31,29,1652,1541,0,29x31,1652,1541
974,24x42,24,42,1270,2250,0,42x24,1270,2250
975,30x35,30,35,1598,1868,1,35x30,1598,1868
976,20x13,20,13,1052,668,1,13x20,1052,668
977,47x41,47,41,2526,2195,0,41x47,2526,2195
978,4x42,4,42,178,2250,0,42x4,178,2250
979,11x39,11,39,560,2086,0,39x11,560,2086
980,49x2,49,2,2636,68,0,2x49,2636,68
981,10x17,10,17,505,886,1,17x10,505,886
982,42x38,42,38,2253,2032,0,38x42,2253,2032
983,42x26,42,26,2253,1377,0,26x42,2253,1377
984,32x12,32,12,1707,614,0,12x32,1707,614
985,30x27,30,27,1598,1432,1,27x30,1598,1432
986,43x40,43,40,2308,2141,0,40x43,2308,2141
987,42x16,42,16,2253,832,0,16x42,2253,832
988,29x31,29,31,1543,1650,0,31x29,1543,1650
989,36x22,36,22,1926,1159,0,22x36,1926,1159
990,36x14,36,14,1926,723,0,14x36,1926,723
991,34x21,34,21,1816,1105,0,21x34,1816,1105
992,10x16,10,16,505,832,0,16x10,505,832
993,26x16,26,16,1379,832,0,16x26,1379,832
994,21x37,21,37,1106,1977,0,37x21,1106,1977
995,3x39,3,39,123,2086,0,39x3,123,2086
996,2x26,2,26,68,1377,0,26x2,68,1377
997,23x46,23,46,1215,2468,0,46x23,1215,2468
998,15x30,15,30,778,1595,0,30x15,778,1595
999,34x29,34,29,1816,1541,1,29x34,1816,1541
1000,16x11,16,11,833,559,1,11x16,833,559
1001,13x28,13,28,669,1486,0,28x13,669,1486
1002,9x20,9,20,451,1050,0,20x9,451,1050
1003,22x33,22,33,1161,1759,1,33x22,1161,1759
1004,38x22,38,22,2035,1159,0,22x38,2035,1159
1005,17x10,17,10,888,505,0,10x17,888,505
1006,44x34,44,34,2363,1814,0,34x44,2363,1814
1007,35x38,35,38,1871,2032,0,38x35,1871,2032
1008,34x34,34,34,1816,1814,0,34x34,1816,1814
1009,30x26,30,26,1598,1377,0,26x30,1598,1377
1010,33x29,33,29,1762,1541,0,29x33,1762,1541
1011,20x18,20,18,1052,941,0,18x20,1052,941
1012,3x41,3,41,123,2195,0,41x3,123,2195
1013,8x45,8,45,396,2414,1,45x8,396,2414
1014,34x41,34,41,1816,2195,1,41x34,1816,2195
1015,45x34,45,34,2417,1814,0,34x45,2417,1814
1016,41x23,41,23,2199,1214,0,23x41,2199,1214
1017,30x44,30,44,1598,2359,0,44x30,1598,2359
1018,31x5,31,5,1652,232,0,5x31,1652,232
1019,5x28,5,28,232,1486,0,28x5,232,1486
1020,35x14,35,14,1871,723,0,14x35,1871,723
1021,36x21,36,21,1926,1105,1,21x36,1926,1105
1022,30x18,30,18,1598,941,0,18x30,1598,941
1023,16x12,16,12,833,614,0,12x16,833,614
1024,35x8,35,8,1871,395,0,8x35,1871,395
1025,37x37,37,37,1980,1977,0,37x37,1980,1977
1026,24x29,24,29,1270,1541,1,29x24,1270,1541
1027,47x49,47,49,2526,2632,0,49x47,2526,2632
1028,25x15,25,15,1325,777,0,15x25,1325,777
1029,13x30,13,30,669,1595,0,30x13,669,1595
1030,3x19,3,19,123,995,0,19x3,123,995
1031,18x49,18,49,942,2632,0,49x18,942,2632
1032,37x4,37,4,1980,177,0,4x37,1980,177
1033,32x26,32,26,1707,1377,0,26x32,1707,1377
1034,24x41,24,41,1270,2195,1,41x24,1270,2195
1035,44x6,44,6,2363,286,0,6x44,2363,286
1036,20x35,20,35,1052,1868,1,35x20,1052,1868
1037,6x17,6,17,287,886,1,17x6,287,886
1038,32x31,32,31,1707,1650,1,31x32,1707,1650
1039,8x19,8,19,396,995,1,19x8,396,995
1040,27x43,27,43,1434,2305,0,43x27,1434,2305
1041,32x33,32,33,1707,1759,1,33x32,1707,1759
1042,44x5,44,5,2363,232,1,5x44,2363,232
1043,48x3,48,3,2581,123,1,3x48,2581,123
1044,28x34,28,34,1489,1814,0,34x28,1489,1814
1045,18x16,18,16,942,832,0,16x18,942,832
1046,32x17,32,17,1707,886,1,17x32,1707,886
1047,15x15,15,15,778,777,0,15x15,778,777
1048,23x42,23,42,1215,2250,0,42x23,1215,2250
1049,23x13,23,13,1215,668,0,13x23,1215,668
1050,39x32,39,32,2089,1705,0,32x39,2089,1705
1051,43x38,43,38,2308,2032,0,38x43,2308,2032
1052,28x42,28,42,1489,2250,0,42x28,1489,2250
1053,45x18,45,18,2417,941,0,18x45,2417,941
1054,35x25,35,25,1871,1323,0,25x35,1871,1323
1055,9x42,9,42,451,2250,0,42x9,451,2250
1056,30x7,30,7,1598,341,1,7x30,1598,341
1057,34x5,34,5,1816,232,1,5x34,1816,232
1058,14x38,14,38,724,2032,0,38x14,724,2032
1059,3x21,3,21,123,1105,0,21x3,123,1105
1060,21x31,21,31,1106,1650,0,31x21,1106,1650
1061,8x44,8,44,396,2359,0,44x8,396,2359
1062,32x13,32,13,1707,668,1,13x32,1707,668
1063,49x5,49,5,2636,232,0,5x49,2636,232
1064,4x34,4,34,178,1814,0,34x4,178,1814
1065,43x15,43,15,2308,777,0,15x43,2308,777
1066,36x16,36,16,1926,832,0,16x36,1926,832
1067,6x24,6,24,287,1268,0,24x6,287,1268
1068,43x24,43,24,2308,1268,0,24x43,2308,1268
1069,12x42,12,42,615,2250,0,42x12,615,2250
1070,39x16,39,16,2089,832,0,16x39,2089,832
1071,10x38,10,38,505,2032,0,38x10,505,2032
1072,7x30,7,30,341,1595,0,30x7,341,1595
1073,12x16,12,16,615,832,0,16x12,615,832
1074,36x6,36,6,1926,286,0,6x36,1926,286
1075,3x18,3,18,123,941,0,18x3,123,941
1076,32x30,32,30,1707,1595,0,30x32,1707,1595
1077,11x44,11,44,560,2359,0,44x11,560,2359
1078,5x37,5,37,232,1977,0,37x5,232,1977
1079,43x18,43,18,2308,941,0,18x43,2308,941
1080,47x35,47,35,2526,1868,0,35x47,2526,1868
1081,24x23,24,23,1270,1214,0,23x24,1270,1214
1082,19x13,19,13,997,668,0,13x19,997,668
1083,44x2,44,2,2363,68,0,2x44,2363,68
1084,30x33,30,33,1598,1759,1,33x30,1598,1759
1085,23x10,23,10,1215,505,0,10x23,1215,505
1086,7x24,7,24,341,1268,0,24x7,341,1268
1087,22x24,22,24,1161,1268,0,24x22,1161,1268
1088,12x39,12,39,615,2086,1,39x12,615,2086
1089,9x31,9,31,451,1650,0,31x9,451,1650
1090,40x2,40,2,2144,68,0,2x40,2144,68
1091,24x6,24,6,1270,286,0,6x24,1270,286
1092,7x40,7,40,341,2141,0,40x7,341,2141
1093,33x19,33,19,1762,995,0,19x33,1762,995
1094,22x14,22,14,1161,723,0,14x22,1161,723
1095,24x9,24,9,1270,450,1,9x24,1270,450
1096,14x36,14,36,724,1923,0,36x14,724,1923
1097,29x23,29,23,1543,1214,0,23x29,1543,1214
1098,43x42,43,42,2308,2250,0,42x43,2308,2250
1099,30x29,30,29,1598,1541,1,29x30,1598,1541
1100,13x15,13,15,669,777,0,15x13,669,777
1101,22x48,22,48,1161,2577,0,48x22,1161,2577
1102,26x37,26,37,1379,1977,1,37x26,1379,1977
1103,23x48,23,48,1215,2577,0,48x23,1215,2577
1104,23x26,23,26,1215,1377,0,26x23,1215,1377
1105,15x16,15,16,778,832,0,16x15,778,832
1106,37x31,37,31,1980,1650,0,31x37,1980,1650
1107,32x32,32,32,1707,1705,0,32x32,1707,1705
1108,2x22,2,22,68,1159,0,22x2,68,1159
1109,30x12,30,12,1598,614,0,12x30,1598,614
1110,46x18,46,18,2472,941,0,18x46,2472,941
1111,27x10,27,10,1434,505,0,10x27,1434,505
1112,7x45,7,45,341,2414,0,45x7,341,2414
1113,39x27,39,27,2089,1432,0,27x39,2089,1432
1114,35x12,35,12,1871,614,0,12x35,1871,614
1115,40x32,40,32,2144,1705,0,32x40,2144,1705
1116,37x23,37,23,1980,1214,0,23x37,1980,1214
1117,39x39,39,39,2089,2086,0,39x39,2089,2086
1118,37x36,37,36,1980,1923,0,36x37,1980,1923
1119,29x8,29,8,1543,395,0,8x29,1543,395
1120,13x13,13,13,669,668,0,13x13,669,668
1121,18x29,18,29,942,1541,1,29x18,942,1541
1122,17x11,17,11,888,559,0,11x17,888,559
1123,34x9,34,9,1816,450,1,9x34,1816,450
1124,30x8,30,8,1598,395,0,8x30,1598,395
1125,21x27,21,27,1106,1432,0,27x21,1106,1432
1126,24x36,24,36,1270,1923,0,36x24,1270,1923
1127,7x17,7,17,341,886,0,17x7,341,886
1128,40x10,40,10,2144,505,0,10x40,2144,505
1129,37x18,37,18,1980,941,0,18x37,1980,941
1130,26x27,26,27,1379,1432,1,27x26,1379,1432
1131,7x22,7,22,341,1159,0,22x7,341,1159
1132,28x21,28,21,1489,1105,1,21x28,1489,1105
1133,27x37,27,37,1434,1977,0,37x27,1434,1977
1134,40x9,40,9,2144,450,1,9x40,2144,450
1135,24x37,24,37,1270,1977,1,37x24,1270,1977
1136,12x32,12,32,615,1705,0,32x12,615,1705
1137,5x25,5,25,232,1323,0,25x5,232,1323
1138,43x3,43,3,2308,123,0,3x43,2308,123
1139,49x8,49,8,2636,395,0,8x49,2636,395
1140,37x29,37,29,1980,1541,0,29x37,1980,1541
1141,23x47,23,47,1215,2523,0,47x23,1215,2523
1142,12x17,12,17,615,886,1,17x12,615,886
1143,19x43,19,43,997,2305,0,43x19,997,2305
1144,36x30,36,30,1926,1595,0,30x36,1926,1595
1145,11x28,11,28,560,1486,0,28x11,560,1486
1146,40x3,40,3,2144,123,1,3x40,2144,123
1147,10x39,10,39,505,2086,1,39x10,505,2086
1148,12x26,12,26,615,1377,0,26x12,615,1377
1149,33x43,33,43,1762,2305,0,43x33,1762,2305
1150,43x13,43,13,2308,668,0,13x43,2308,668
1151,21x9,21,9,1106,450,0,9x21,1106,450
1152,24x11,24,11,1270,559,1,11x24,1270,559
1153,15x13,15,13,778,668,0,13x15,778,668
1154,35x4,35,4,1871,177,0,4x35,1871,177
1155,29x5,29,5,1543,232,0,5x29,1543,232
1156,21x48,21,48,1106,2577,0,48x21,1106,2577
1157,9x41,9,41,451,2195,0,41x9,451,2195
1158,39x6,39,6,2089,286,0,6x39,2089,286
1159,41x19,41,19,2199,995,0,19x41,2199,995
1160,29x9,29,9,1543,450,0,9x29,1543,450
1161,25x29,25,29,1325,1541,0,29x25,1325,1541
1162,27x38,27,38,1434,2032,0,38x27,1434,2032
1163,25x13,25,13,1325,668,0,13x25,1325,668
1164,16x32,16,32,833,1705,0,32x16,833,1705
1165,30x22,30,22,1598,1159,0,22x30,1598,1159
1166,5x20,5,20,232,1050,0,20x5,232,1050
1167,35x43,35,43,1871,2305,0,43x35,1871,2305
1168,35x3,35,3,1871,123,0,3x35,1871,123
1169,18x47,18,47,942,2523,1,47x18,942,2523
1170,35x41,35,41,1871,2195,0,41x35,1871,2195
1171,29x38,29,38,1543,2032,0,38x29,1543,2032
1172,34x18,34,18,1816,941,0,18x34,1816,941
1173,46x9,46,9,2472,450,0,9x46,2472,450
1174,20x47,20,47,1052,2523,1,47x20,1052,2523
1175,32x15,32,15,1707,777,1,15x32,1707,777
1176,37x38,37,38,1980,2032,0,38x37,1980,2032
1177,15x12,15,12,778,614,0,12x15,778,614
1178,25x14,25,14,1325,723,0,14x25,1325,723
1179,13x47,13,47,669,2523,0,47x13,669,2523
1180,45x46,45,46,2417,2468,0,46x45,2417,2468
1181,25x37,25,37,1325,1977,0,37x25,1325,1977
1182,25x39,25,39,1325,2086,0,39x25,1325,2086
1183,17x45,17,45,888,2414,0,45x17,888,2414
1184,12x41,12,41,615,2195,1,41x12,615,2195
1185,22x29,22,29,1161,1541,1,29x22,1161,1541
1186,41x41,41,41,2199,2195,0,41x41,2199,2195
1187,19x14,19,14,997,723,0,14x19,997,723
1188,30x42,30,42,1598,2250,0,42x30,1598,2250
1189,32x42,32,42,1707,2250,0,42x32,1707,2250
1190,46x35,46,35,2472,1868,0,35x46,2472,1868
1191,6x20,6,20,287,1050,0,20x6,287,1050
1192,21x13,21,13,1106,668,0,13x21,1106,668
1193,39x3,39,3,2089,123,0,3x39,2089,123
1194,30x5,30,5,1598,232,1,5x30,1598,232
1195,28x10,28,10,1489,505,0,10x28,1489,505
1196,36x2,36,2,1926,68,0,2x36,1926,68
1197,34x49,34,49,1816,2632,0,49x34,1816,2632
1198,6x27,6,27,287,1432,1,27x6,287,1432
1199,24x13,24,13,1270,668,1,13x24,1270,668
1200,16x36,16,36,833,1923,0,36x16,833,1923
1201,48x12,48,12,2581,614,0,12x48,2581,614
1202,47x10,47,10,2526,505,0,10x47,2526,505
1203,42x19,42,19,2253,995,1,19x42,2253,995
1204,46x45,46,45,2472,2414,0,45x46,2472,2414
1205,49x10,49,10,2636,505,0,10x49,2636,505
1206,38x2,38,2,2035,68,0,2x38,2035,68
1207,9x29,9,29,451,1541,0,29x9,451,1541
1208,9x47,9,47,451,2523,0,47x9,451,2523
1209,41x16,41,16,2199,832,0,16x41,2199,832
1210,33x33,33,33,1762,1759,0,33x33,1762,1759
1211,32x39,32,39,1707,2086,1,39x32,1707,2086
1212,30x31,30,31,1598,1650,1,31x30,1598,1650
1213,41x32,41,32,2199,1705,0,32x41,2199,1705
1214,45x39,45,39,2417,2086,0,39x45,2417,2086
1215,5x30,5,30,232,1595,0,30x5,232,1595
1216,20x42,20,42,1052,2250,0,42x20,1052,2250
1217,13x19,13,19,669,995,0,19x13,669,995
1218,7x42,7,42,341,2250,0,42x7,341,2250
1219,48x7,48,7,2581,341,1,7x48,2581,341
1220,43x35,43,35,2308,1868,0,35x43,2308,1868
1221,44x22,44,22,2363,1159,0,22x44,2363,1159
1222,27x18,27,18,1434,941,0,18x27,1434,941
1223,9x38,9,38,451,2032,0,38x9,451,2032
1224,41x25,41,25,2199,1323,0,25x41,2199,1323
1225,19x34,19,34,997,1814,0,34x19,997,1814
1226,3x27,3,27,123,1432,0,27x3,123,1432
1227,45x22,45,22,2417,1159,0,22x45,2417,1159
1228,4x27,4,27,178,1432,1,27x4,178,1432
1229,30x17,30,17,1598,886,0,17x30,1598,886
1230,33x36,33,36,1762,1923,0,36x33,1762,1923
1231,15x45,15,45,778,2414,0,45x15,778,2414
1232,19x39,19,39,997,2086,0,39x19,997,2086
1233,22x40,22,40,1161,2141,0,40x22,1161,2141
1234,13x14,13,14,669,723,0,14x13,669,723
1235,15x35,15,35,778,1868,0,35x15,778,1868
1236,24x40,24,40,1270,2141,0,40x24,1270,2141
1237,32x16,32,16,1707,832,0,16x32,1707,832
1238,22x17,22,17,1161,886,1,17x22,1161,886
1239,35x42,35,42,1871,2250,0,42x35,1871,2250
1240,6x18,6,18,287,941,0,18x6,287,941
1241,29x7,29,7,1543,341,0,7x29,1543,341
1242,38x15,38,15,2035,777,1,15x38,2035,777
1243,33x31,33,31,1762,1650,0,31x33,1762,1650
1244,42x42,42,42,2253,2250,0,42x42,2253,2250
1245,2x21,2,21,68,1105,1,21x2,68,1105
1246,28x35,28,35,1489,1868,1,35x28,1489,1868
1247,15x26,15,26,778,1377,0,26x15,778,1377
1248,45x5,45,5,2417,232,0,5x45,2417,232
1249,28x43,28,43,1489,2305,1,43x28,1489,2305
1250,6x28,6,28,287,1486,0,28x6,287,1486
1251,39x12,39,12,2089,614,0,12x39,2089,614
1252,5x23,5,23,232,1214,0,23x5,232,1214
1253,13x38,13,38,669,2032,0,38x13,669,2032
1254,22x47,22,47,1161,2523,1,47x22,1161,2523
1255,37x39,37,39,1980,2086,0,39x37,1980,2086
1256,12x29,12,29,615,1541,0,29x12,615,1541
1257,35x31,35,31,1871,1650,0,31x35,1871,1650
1258,40x27,40,27,2144,1432,1,27x40,2144,1432
1259,23x41,23,41,1215,2195,0,41x23,1215,2195
1260,35x9,35,9,1871,450,0,9x35,1871,450
1261,36x42,36,42,1926,2250,0,42x36,1926,2250
1262,34x6,34,6,1816,286,0,6x34,1816,286
1263,44x17,44,17,2363,886,1,17x44,2363,886
1264,18x18,18,18,942,941,0,18x18,942,941
1265,37x19,37,19,1980,995,0,19x37,1980,995
1266,20x49,20,49,1052,2632,0,49x20,1052,2632
1267,30x32,30,32,1598,1705,0,32x30,1598,1705
1268,11x20,11,20,560,1050,0,20x11,560,1050
1269,14x27,14,27,724,1432,1,27x14,724,1432
1270,8x15,8,15,396,777,1,15x8,396,777
1271,5x32,5,32,232,1705,0,32x5,232,1705
1272,10x46,10,46,505,2468,0,46x10,505,2468
1273,30x11,30,11,1598,559,1,11x30,1598,559
1274,33x11,33,11,1762,559,0,11x33,1762,559
1275,20x16,20,16,1052,832,0,16x20,1052,832
1276,13x43,13,43,669,2305,0,43x13,669,2305
1277,28x6,28,6,1489,286,0,6x28,1489,286
1278,49x34,49,34,2636,1814,0,34x49,2636,1814
1279,19x46,19,46,997,2468,0,46x19,997,2468
1280,33x38,33,38,1762,2032,0,38x33,1762,2032
1281,9x40,9,40,451,2141,0,40x9,451,2141
1282,11x18,11,18,560,941,0,18x11,560,941
1283,47x5,47,5,2526,232,0,5x47,2526,232
1284,38x37,38,37,2035,1977,1,37x38,2035,1977
1285,4x26,4,26,178,1377,0,26x4,178,1377
1286,24x45,24,45,1270,2414,1,45x24,1270,2414
1287,24x14,24,14,1270,723,0,14x24,1270,723
1288,18x43,18,43,942,2305,1,43x18,942,2305
1289,42x4,42,4,2253,177,0,4x42,2253,177
1290,28x36,28,36,1489,1923,0,36x28,1489,1923
1291,41x3,41,3,2199,123,0,3x41,2199,123
1292,46x46,46,46,2472,2468,0,46x46,2472,2468
1293,20x10,20,10,1052,505,0,10x20,1052,505
1294,34x10,34,10,1816,505,0,10x34,1816,505
1295,8x20,8,20,396,1050,0,20x8,396,1050
1296,11x15,11,15,560,777,0,15x11,560,777
1297,11x14,11,14,560,723,0,14x11,560,723
1298,25x30,25,30,1325,1595,0,30x25,1325,1595
1299,12x15,12,15,615,777,1,15x12,615,777
1300,41x7,41,7,2199,341,0,7x41,2199,341
1301,39x26,39,26,2089,1377,0,26x39,2089,1377
1302,23x29,23,29,1215,1541,0,29x23,1215,1541
1303,28x25,28,25,1489,1323,1,25x28,1489,1323
1304,38x36,38,36,2035,1923,0,36x38,2035,1923
1305,28x33,28,33,1489,1759,1,33x28,1489,1759
1306,17x37,17,37,888,1977,0,37x17,888,1977
1307,48x11,48,11,2581,559,1,11x48,2581,559
1308,38x24,38,24,2035,1268,0,24x38,2035,1268
1309,24x32,24,32,1270,1705,0,32x24,1270,1705
1310,31x14,31,14,1652,723,0,14x31,1652,723
1311,45x16,45,16,2417,832,0,16x45,2417,832
1312,26x14,26,14,1379,723,0,14x26,1379,723
1313,38x33,38,33,2035,1759,1,33x38,2035,1759
1314,32x14,32,14,1707,723,0,14x32,1707,723
1315,41x12,41,12,2199,614,0,12x41,2199,614
1316,6x22,6,22,287,1159,0,22x6,287,1159
1317,29x27,29,27,1543,1432,0,27x29,1543,1432
1318,33x13,33,13,1762,668,0,13x33,1762,668
1319,21x33,21,33,1106,1759,0,33x21,1106,1759
1320,30x48,30,48,1598,2577,0,48x30,1598,2577
1321,6x35,6,35,287,1868,1,35x6,287,1868
1322,8x30,8,30,396,1595,0,30x8,396,1595
1323,46x6,46,6,2472,286,0,6x46,2472,286
1324,16x28,16,28,833,1486,0,28x16,833,1486
1325,7x44,7,44,341,2359,0,44x7,341,2359
1326,5x21,5,21,232,1105,0,21x5,232,1105
1327,9x39,9,39,451,2086,0,39x9,451,2086
1328,21x34,21,34,1106,1814,0,34x21,1106,1814
1329,10x19,10,19,505,995,1,19x10,505,995
1330,22x7,22,7,1161,341,1,7x22,1161,341
1331,28x12,28,12,1489,614,0,12x28,1489,614
1332,10x29,10,29,505,1541,1,29x10,505,1541
1333,43x19,43,19,2308,995,0,19x43,2308,995
1334,27x20,27,20,1434,1050,0,20x27,1434,1050
1335,34x40,34,40,1816,2141,0,40x34,1816,2141
1336,27x6,27,6,1434,286,0,6x27,1434,286
1337,22x13,22,13,1161,668,1,13x22,1161,668
1338,44x23,44,23,2363,1214,0,23x44,2363,1214
1339,27x19,27,19,1434,995,0,19x27,1434,995
1340,13x45,13,45,669,2414,0,45x13,669,2414
1341,28x28,28,28,1489,1486,0,28x28,1489,1486
1342,20x9,20,9,1052,450,1,9x20,1052,450
1343,22x25,22,25,1161,1323,1,25x22,1161,1323
1344,19x27,19,27,997,1432,0,27x19,997,1432
1345,7x38,7,38,341,2032,0,38x7,341,2032
1346,36x34,36,34,1926,1814,0,34x36,1926,1814
1347,46x49,46,49,2472,2632,0,49x46,2472,2632
1348,6x31,6,31,287,1650,0,31x6,287,1650
1349,37x15,37,15,1980,777,0,15x37,1980,777
1350,32x5,32,5,1707,232,1,5x32,1707,232
1351,44x31,44,31,2363,1650,0,31x44,2363,1650
1352,6x21,6,21,287,1105,1,21x6,287,1105
1353,48x40,48,40,2581,2141,0,40x48,2581,2141
1354,15x40,15,40,778,2141,0,40x15,778,2141
1355,4x18,4,18,178,941,0,18x4,178,941
1356,23x9,23,9,1215,450,0,9x23,1215,450
1357,38x6,38,6,2035,286,0,6x38,2035,286
1358,24x24,24,24,1270,1268,0,24x24,1270,1268
1359,21x30,21,30,1106,1595,0,30x21,1106,1595
1360,6x37,6,37,287,1977,1,37x6,287,1977
1361,13x32,13,32,669,1705,0,32x13,669,1705
1362,31x42,31,42,1652,2250,0,42x31,1652,2250
1363,3x31,3,31,123,1650,0,31x3,123,1650
1364,36x32,36,32,1926,1705,0,32x36,1926,1705
1365,16x33,16,33,833,1759,1,33x16,833,1759
1366,23x35,23,35,1215,1868,0,35x23,1215,1868
1367,16x37,16,37,833,1977,1,37x16,833,1977
1368,43x27,43,27,2308,1432,0,27x43,2308,1432
1369,46x48,46,48,2472,2577,0,48x46,2472,2577
1370,34x39,34,39,1816,2086,1,39x34,1816,2086
1371,17x12,17,12,888,614,0,12x17,888,614
1372,38x14,38,14,2035,723,0,14x38,2035,723
1373,10x41,10,41,505,2195,1,41x10,505,2195
1374,10x15,10,15,505,777,1,15x10,505,777
1375,3x29,3,29,123,1541,0,29x3,123,1541
1376,30x39,30,39,1598,2086,1,39x30,1598,2086
1377,45x13,45,13,2417,668,0,13x45,2417,668
1378,19x31,19,31,997,1650,0,31x19,997,1650
1379,36x12,36,12,1926,614,0,12x36,1926,614
1380,29x6,29,6,1543,286,0,6x29,1543,286
1381,24x43,24,43,1270,2305,1,43x24,1270,2305
1382,43x16,43,16,2308,832,0,16x43,2308,832
1383,17x44,17,44,888,2359,0,44x17,888,2359
1384,16x42,16,42,833,2250,0,42x16,833,2250
1385,37x42,37,42,1980,2250,0,42x37,1980,2250
1386,15x14,15,14,778,723,0,14x15,778,723
1387,42x41,42,41,2253,2195,1,41x42,2253,2195
1388,19x45,19,45,997,2414,0,45x19,997,2414
1389,32x28,32,28,1707,1486,0,28x32,1707,1486
1390,16x43,16,43,833,2305,1,43x16,833,2305
1391,6x43,6,43,287,2305,1,43x6,287,2305
1392,43x4,43,4,2308,177,0,4x43,2308,177
1393,40x40,40,40,2144,2141,0,40x40,2144,2141
1394,40x20,40,20,2144,1050,0,20x40,2144,1050
1395,29x14,29,14,1543,723,0,14x29,1543,723
1396,27x31,27,31,1434,1650,0,31x27,1434,1650
1397,42x37,42,37,2253,1977,0,37x42,2253,1977
1398,21x11,21,11,1106,559,0,11x21,1106,559
1399,21x10,21,10,1106,505,0,10x21,1106,505
1400,29x44,29,44,1543,2359,0,44x29,1543,2359
1401,46x47,46,47,2472,2523,1,47x46,2472,2523
1402,43x33,43,33,2308,1759,0,33x43,2308,1759
1403,40x23,40,23,2144,1214,1,23x40,2144,1214
1404,2x33,2,33,68,1759,1,33x2,68,1759
1405,20x39,20,39,1052,2086,1,39x20,1052,2086
1406,34x17,34,17,1816,886,1,17x34,1816,886
1407,16x40,16,40,833,2141,0,40x16,833,2141
1408,36x28,36,28,1926,1486,0,28x36,1926,1486
1409,26x23,26,23,1379,1214,0,23x26,1379,1214
1410,47x7,47,7,2526,341,0,7x47,2526,341
1411,19x28,19,28,997,1486,0,28x19,997,1486
1412,49x13,49,13,2636,668,0,13x49,2636,668
1413,42x22,42,22,2253,1159,0,22x42,2253,1159
1414,5x31,5,31,232,1650,0,31x5,232,1650
1415,26x6,26,6,1379,286,0,6x26,1379,286
1416,7x35,7,35,341,1868,0,35x7,341,1868
1417,45x47,45,47,2417,2523,0,47x45,2417,2523
1418,37x6,37,6,1980,286,0,6x37,1980,286
1419,24x46,24,46,1270,2468,0,46x24,1270,2468
1420,6x38,6,38,287,2032,0,38x6,287,2032
1421,16x47,16,47,833,2523,1,47x16,833,2523
1422,43x32,43,32,2308,1705,0,32x43,2308,1705
1423,22x46,22,46,1161,2468,0,46x22,1161,2468
1424,14x16,14,16,724,832,0,16x14,724,832
1425,35x19,35,19,1871,995,0,19x35,1871,995
1426,8x26,8,26,396,1377,0,26x8,396,1377
1427,30x23,30,23,1598,1214,0,23x30,1598,1214
1428,41x17,41,17,2199,886,0,17x41,2199,886
1429,23x24,23,24,1215,1268,0,24x23,1215,1268
1430,17x13,17,13,888,668,0,13x17,888,668
1431,29x45,29,45,1543,2414,0,45x29,1543,2414
1432,39x14,39,14,2089,723,0,14x39,2089,723
1433,32x29,32,29,1707,1541,1,29x32,1707,1541
1434,35x13,35,13,1871,668,0,13x35,1871,668
1435,46x20,46,20,2472,1050,0,20x46,2472,1050
1436,49x11,49,11,2636,559,0,11x49,2636,559
1437,44x38,44,38,2363,2032,0,38x44,2363,2032
1438,23x15,23,15,1215,777,0,15x23,1215,777
1439,21x28,21,28,1106,1486,0,28x21,1106,1486
1440,2x38,2,38,68,2032,0,38x2,68,2032
1441,33x28,33,28,1762,1486,0,28x33,1762,1486
1442,6x34,6,34,287,1814,0,34x6,287,1814
1443,35x32,35,32,1871,1705,0,32x35,1871,1705
1444,23x40,23,40,1215,2141,0,40x23,1215,2141
1445,26x20,26,20,1379,1050,0,20x26,1379,1050
1446,22x44,22,44,1161,2359,0,44x22,1161,2359
1447,29x25,29,25,1543,1323,0,25x29,1543,1323
1448,19x16,19,16,997,832,0,16x19,997,832
1449,29x11,29,11,1543,559,0,11x29,1543,559
1450,3x22,3,22,123,1159,0,22x3,123,1159
1451,21x41,21,41,1106,2195,0,41x21,1106,2195
1452,41x34,41,34,2199,1814,0,34x41,2199,1814
1453,25x20,25,20,1325,1050,0,20x25,1325,1050
1454,9x17,9,17,451,886,0,17x9,451,886
1455,21x15,21,15,1106,777,0,15x21,1106,777
1456,41x42,41,42,2199,2250,0,42x41,2199,2250
1457,28x23,28,23,1489,1214,1,23x28,1489,1214
1458,47x6,47,6,2526,286,0,6x47,2526,286
1459,14x32,14,32,724,1705,0,32x14,724,1705
1460,48x8,48,8,2581,395,0,8x48,2581,395
1461,10x20,10,20,505,1050,0,20x10,505,1050
1462,34x16,34,16,1816,832,0,16x34,1816,832
1463,46x2,46,2,2472,68,0,2x46,2472,68
1464,31x18,31,18,1652,941,0,18x31,1652,941
1465,17x16,17,16,888,832,0,16x17,888,832
1466,17x28,17,28,888,1486,0,28x17,888,1486
1467,27x36,27,36,1434,1923,0,36x27,1434,1923
1468,43x34,43,34,2308,1814,0,34x43,2308,1814
1469,23x17,23,17,1215,886,0,17x23,1215,886
1470,37x17,37,17,1980,886,0,17x37,1980,886
1471,20x27,20,27,1052,1432,1,27x20,1052,1432
1472,33x34,33,34,1762,1814,0,34x33,1762,1814
1473,11x29,11,29,560,1541,0,29x11,560,1541
1474,22x32,22,32,1161,1705,0,32x22,1161,1705
1475,11x30,11,30,560,1595,0,30x11,560,1595
1476,25x48,25,48,1325,2577,0,48x25,1325,2577
1477,21x25,21,25,1106,1323,0,25x21,1106,1323
1478,33x6,33,6,1762,286,0,6x33,1762,286
1479,9x19,9,19,451,995,0,19x9,451,995
1480,26x12,26,12,1379,614,0,12x26,1379,614
1481,24x18,24,18,1270,941,0,18x24,1270,941
1482,20x32,20,32,1052,1705,0,32x20,1052,1705
1483,20x30,20,30,1052,1595,0,30x20,1052,1595
1484,42x27,42,27,2253,1432,1,27x42,2253,1432
1485,15x49,15,49,778,2632,0,49x15,778,2632
1486,26x21,26,21,1379,1105,0,21x26,1379,1105
1487,2x39,2,39,68,2086,1,39x2,68,2086
1488,9x43,9,43,451,2305,0,43x9,451,2305
1489,40x37,40,37,2144,1977,1,37x40,2144,1977
1490,24x27,24,27,1270,1432,1,27x24,1270,1432
1491,12x13,12,13,615,668,1,13x12,615,668
1492,30x19,30,19,1598,995,1,19x30,1598,995
1493,39x9,39,9,2089,450,0,9x39,2089,450
1494,21x26,21,26,1106,1377,0,26x21,1106,1377
1495,9x45,9,45,451,2414,0,45x9,451,2414
1496,40x28,40,28,2144,1486,0,28x40,2144,1486
1497,16x19,16,19,833,995,0,19x16,833,995
1498,20x11,20,11,1052,559,1,11x20,1052,559
1499,22x27,22,27,1161,1432,1,27x22,1161,1432
1500,15x38,15,38,778,2032,0,38x15,778,2032
1501,9x46,9,46,451,2468,0,46x9,451,2468
1502,41x39,41,39,2199,2086,0,39x41,2199,2086
1503,21x44,21,44,1106,2359,0,44x21,1106,2359
1504,14x39,14,39,724,2086,1,39x14,724,2086
1505,45x3,45,3,2417,123,0,3x45,2417,123
1506,34x31,34,31,1816,1650,1,31x34,1816,1650
1507,37x34,37,34,1980,1814,0,34x37,1980,1814
1508,38x9,38,9,2035,450,1,9x38,2035,450
1509,11x17,11,17,560,886,0,17x11,560,886
1510,38x23,38,23,2035,1214,1,23x38,2035,1214
1511,29x40,29,40,1543,2141,0,40x29,1543,2141
1512,37x21,37,21,1980,1105,0,21x37,1980,1105
1513,7x47,7,47,341,2523,0,47x7,341,2523
1514,27x34,27,34,1434,1814,0,34x27,1434,1814
1515,10x34,10,34,505,1814,0,34x10,505,1814
1516,5x39,5,39,232,2086,0,39x5,232,2086
1517,25x38,25,38,1325,2032,0,38x25,1325,2032
1518,24x26,24,26,1270,1377,0,26x24,1270,1377
1519,28x14,28,14,1489,723,0,14x28,1489,723
1520,27x48,27,48,1434,2577,0,48x27,1434,2577
1521,16x44,16,44,833,2359,0,44x16,833,2359
1522,28x15,28,15,1489,777,1,15x28,1489,777
1523,39x2,39,2,2089,68,0,2x39,2089,68
1524,35x17,35,17,1871,886,0,17x35,1871,886
1525,26x9,26,9,1379,450,0,9x26,1379,450
1526,11x27,11,27,560,1432,0,27x11,560,1432
1527,26x31,26,31,1379,1650,1,31x26,1379,1650
1528,2x34,2,34,68,1814,0,34x2,68,1814
1529,31x39,31,39,1652,2086,0,39x31,1652,2086
1530,32x34,32,34,1707,1814,0,34x32,1707,1814
1531,16x31,16,31,833,1650,1,31x16,833,1650
1532,19x29,19,29,997,1541,0,29x19,997,1541
1533,41x30,41,30,2199,1595,0,30x41,2199,1595
1534,26x30,26,30,1379,1595,0,30x26,1379,1595
1535,22x8,22,8,1161,395,0,8x22,1161,395
1536,16x34,16,34,833,1814,0,34x16,833,1814
1537,28x29,28,29,1489,1541,1,29x28,1489,1541
1538,38x4,38,4,2035,177,0,4x38,2035,177
1539,44x16,44,16,2363,832,0,16x44,2363,832
1540,18x15,18,15,942,777,1,15x18,942,777
1541,40x13,40,13,2144,668,1,13x40,2144,668
1542,17x32,17,32,888,1705,0,32x17,888,1705
1543,12x49,12,49,615,2632,0,49x12,615,2632
1544,37x14,37,14,1980,723,0,14x37,1980,723
1545,19x11,19,11,997,559,0,11x19,997,559
1546,33x9,33,9,1762,450,0,9x33,1762,450
1547,31x20,31,20,1652,1050,0,20x31,1652,1050
1548,18x33,18,33,942,1759,1,33x18,942,1759
1549,43x2,43,2,2308,68,0,2x43,2308,68
1550,25x32,25,32,1325,1705,0,32x25,1325,1705
1551,40x6,40,6,2144,286,0,6x40,2144,286
1552,2x27,2,27,68,1432,1,27x2,68,1432
1553,18x31,18,31,942,1650,1,31x18,942,1650
1554,45x38,45,38,2417,2032,0,38x45,2417,2032
1555,35x16,35,16,1871,832,0,16x35,1871,832
1556,22x23,22,23,1161,1214,1,23x22,1161,1214
1557,24x35,24,35,1270,1868,1,35x24,1270,1868
1558,46x34,46,34,2472,1814,0,34x46,2472,1814
1559,2x32,2,32,68,1705,0,32x2,68,1705
1560,31x30,31,30,1652,1595,0,30x31,1652,1595
1561,28x26,28,26,1489,1377,0,26x28,1489,1377
1562,18x41,18,41,942,2195,1,41x18,942,2195
1563,19x44,19,44,997,2359,0,44x19,997,2359
1564,6x44,6,44,287,2359,0,44x6,287,2359
1565,39x15,39,15,2089,777,0,15x39,2089,777
1566,28x39,28,39,1489,2086,1,39x28,1489,2086
1567,47x48,47,48,2526,2577,0,48x47,2526,2577
1568,40x29,40,29,2144,1541,1,29x40,2144,1541
1569,28x38,28,38,1489,2032,0,38x28,1489,2032
1570,41x6,41,6,2199,286,0,6x41,2199,286
1571,40x4,40,4,2144,177,0,4x40,2144,177
1572,45x36,45,36,2417,1923,0,36x45,2417,1923
1573,23x37,23,37,1215,1977,0,37x23,1215,1977
1574,43x22,43,22,2308,1159,0,22x43,2308,1159
1575,40x43,40,43,2144,2305,0,43x40,2144,2305
1576,41x40,41,40,2199,2141,0,40x41,2199,2141
1577,18x36,18,36,942,1923,0,36x18,942,1923
1578,25x47,25,47,1325,2523,0,47x25,1325,2523
1579,19x12,19,12,997,614,0,12x19,997,614
1580,30x30,30,30,1598,1595,0,30x30,1598,1595
1581,42x15,42,15,2253,777,1,15x42,2253,777
1582,12x43,12,43,615,2305,1,43x12,615,2305
1583,38x35,38,35,2035,1868,1,35x38,2035,1868
1584,26x13,26,13,1379,668,1,13x26,1379,668
1585,40x18,40,18,2144,941,0,18x40,2144,941
1586,12x46,12,46,615,2468,0,46x12,615,2468
1587,30x14,30,14,1598,723,0,14x30,1598,723
1588,18x10,18,10,942,505,0,10x18,942,505
1589,34x27,34,27,1816,1432,1,27x34,1816,1432
1590,25x25,25,25,1325,1323,0,25x25,1325,1323
1591,2x28,2,28,68,1486,0,28x2,68,1486
1592,19x41,19,41,997,2195,0,41x19,997,2195
1593,29x16,29,16,1543,832,0,16x29,1543,832
1594,17x39,17,39,888,2086,0,39x17,888,2086
1595,22x10,22,10,1161,505,0,10x22,1161,505
1596,27x25,27,25,1434,1323,0,25x27,1434,1323
1597,36x10,36,10,1926,505,0,10x36,1926,505
1598,33x49,33,49,1762,2632,0,49x33,1762,2632
1599,36x4,36,4,1926,177,0,4x36,1926,177
1600,20x38,20,38,1052,2032,0,38x20,1052,2032
1601,25x42,25,42,1325,2250,0,42x25,1325,2250
1602,33x15,33,15,1762,777,0,15x33,1762,777
1603,16x39,16,39,833,2086,1,39x16,833,2086
1604,28x48,28,48,1489,2577,0,48x28,1489,2577
1605,29x46,29,46,1543,2468,0,46x29,1543,2468
1606,42x7,42,7,2253,341,0,7x42,2253,341
1607,36x26,36,26,1926,1377,0,26x36,1926,1377
1608,39x42,39,42,2089,2250,0,42x39,2089,2250
1609,32x7,32,7,1707,341,1,7x32,1707,341
1610,44x39,44,39,2363,2086,1,39x44,2363,2086
1611,17x42,17,42,888,2250,0,42x17,888,2250
1612,8x42,8,42,396,2250,0,42x8,396,2250
1613,24x10,24,10,1270,505,0,10x24,1270,505
1614,15x29,15,29,778,1541,0,29x15,778,1541
1615,13x33,13,33,669,1759,0,33x13,669,1759
1616,32x48,32,48,1707,2577,0,48x32,1707,2577
1617,20x37,20,37,1052,1977,1,37x20,1052,1977
